Date,Time,Temperature,Source
2025-02-14,12:24:58,6.09,Alistair's Apple Watch
2025-02-14,12:25:27,6.09,Alistair's Apple Watch
2025-02-14,12:26:00,6.31,Alistair's Apple Watch
2025-02-14,12:26:42,5.99,Alistair's Apple Watch
2025-02-14,12:26:59,6.09,Alistair's Apple Watch
2025-02-14,12:27:32,5.99,Alistair's Apple Watch
2025-02-14,12:27:54,5.99,Alistair's Apple Watch
2025-02-14,12:28:12,5.99,Alistair's Apple Watch
2025-02-14,12:28:31,5.99,Alistair's Apple Watch
2025-02-14,12:28:54,5.99,Alistair's Apple Watch
2025-02-15,09:19:31,6.02,Alistair's Apple Watch
2025-02-16,12:18:52,22.79,Alistair's Apple Watch
2025-02-16,12:19:00,12.77,Alistair's Apple Watch
2025-02-16,12:21:45,11.79,Alistair's Apple Watch
2025-02-16,12:22:35,10.29,Alistair's Apple Watch
2025-02-16,12:22:50,9.51,Alistair's Apple Watch
2025-02-16,12:23:06,8.89,Alistair's Apple Watch
2025-02-16,12:24:06,10.49,Alistair's Apple Watch
2025-02-16,12:25:36,7.19,Alistair's Apple Watch
2025-02-16,12:26:23,7.19,Alistair's Apple Watch
2025-02-16,12:27:02,6.89,Alistair's Apple Watch
2025-02-16,12:27:26,6.69,Alistair's Apple Watch
2025-02-21,10:08:56,6.71,Alistair's Apple Watch
2025-02-23,12:17:52,7.59,Alistair's Apple Watch
2025-03-04,12:05:49,22.09,Alistair's Apple Watch
2025-03-04,12:06:29,14.41,Alistair's Apple Watch
2025-03-04,12:07:51,10.43,Alistair's Apple Watch
2025-03-04,12:10:45,8.41,Alistair's Apple Watch
2025-03-04,12:10:53,7.91,Alistair's Apple Watch
2025-03-04,12:11:00,7.19,Alistair's Apple Watch
2025-03-04,12:11:23,7.19,Alistair's Apple Watch
2025-03-06,19:05:30,28.82,Alistair's Apple Watch
2025-03-07,12:17:18,7.26,Alistair's Apple Watch
2025-03-08,09:09:27,7.48,Alistair's Apple Watch
2025-03-09,12:10:07,7.22,Alistair's Apple Watch
2025-03-11,12:20:40,8.64,Alistair's Apple Watch
2025-03-14,12:15:09,8.16,Alistair's Apple Watch
2025-03-15,09:15:34,6.79,Alistair's Apple Watch
2025-03-16,12:16:03,8.61,Alistair's Apple Watch
2025-03-18,12:06:34,7.47,Alistair's Apple Watch
2025-03-21,12:09:13,8.07,Alistair's Apple Watch
2025-03-25,12:17:40,8.79,Alistair's Apple Watch
2025-03-28,12:15:12,8.66,Alistair's Apple Watch
2025-03-29,09:13:39,8.75,Alistair's Apple Watch
2025-03-30,11:32:58,9.1,Alistair's Apple Watch
2025-04-01,10:57:43,8.63,Alistair's Apple Watch
2025-04-03,08:09:00,7.75,Alistair's Apple Watch
2025-04-04,11:20:15,8.76,Alistair's Apple Watch
2025-04-05,08:13:09,10.12,Alistair's Apple Watch
2025-04-06,11:12:01,8.79,Alistair's Apple Watch
2025-04-08,11:17:52,7.97,Alistair's Apple Watch
2025-04-12,09:20:09,9.03,Alistair's Apple Watch
2025-04-13,09:16:03,12.4,Alistair's Apple Watch
2025-04-14,09:34:38,8.91,Alistair's Apple Watch
2025-04-15,08:35:41,8.46,Alistair's Apple Watch
2025-04-16,15:36:57,9.73,Alistair's Apple Watch
2025-04-16,16:11:21,30.24,Alistair's Apple Watch
2025-04-16,16:12:49,30.64,Alistair's Apple Watch
2025-04-16,16:21:17,40.89,Alistair's Apple Watch
2025-04-16,16:21:44,41.97,Alistair's Apple Watch
2025-04-16,16:22:58,41.84,Alistair's Apple Watch
2025-04-16,16:30:29,40.19,Alistair's Apple Watch
2025-04-18,11:29:14,9.63,Alistair's Apple Watch
2025-04-20,20:47:26,10.33,Alistair's Apple Watch
2025-04-21,11:09:54,8.49,Alistair's Apple Watch
2025-04-23,18:50:51,10.66,Alistair's Apple Watch
2025-04-26,08:13:29,9.69,Alistair's Apple Watch
2025-04-27,11:23:55,9.39,Alistair's Apple Watch
2025-04-29,11:27:26,9.68,Alistair's Apple Watch
2025-05-04,11:24:31,10.8,Alistair's Apple Watch
2025-05-05,11:50:18,10.8,Alistair's Apple Watch
2025-05-09,11:23:55,11.95,Alistair's Apple Watch
2025-05-10,14:27:04,11.57,Alistair's Apple Watch
2025-05-11,11:17:52,11.38,Alistair's Apple Watch
2025-05-16,11:14:55,12.4,Alistair's Apple Watch
2025-05-17,08:18:40,16.6,Alistair's Apple Watch
2025-05-18,11:14:29,12.31,Alistair's Apple Watch
2025-05-21,19:02:11,12.88,Alistair's Apple Watch
2025-05-24,08:20:51,12.93,Alistair's Apple Watch
2025-05-26,11:08:50,12.21,Alistair's Apple Watch
2025-05-29,09:39:53,12.06,Alistair's Apple Watch
2025-05-31,08:38:43,12.51,Alistair's Apple Watch
2025-05-31,08:39:06,12.59,Alistair's Apple Watch
2025-05-31,08:39:24,12.21,Alistair's Apple Watch
2025-05-31,08:39:45,11.91,Alistair's Apple Watch
2025-05-31,08:43:51,12.09,Alistair's Apple Watch
2025-06-01,11:16:02,12.34,Alistair's Apple Watch
2025-06-07,08:18:42,11.6,Alistair's Apple Watch
2025-06-08,11:15:43,12.31,Alistair's Apple Watch
2025-06-10,11:12:25,12.42,Alistair's Apple Watch
2025-06-12,08:11:16,12.69,Alistair's Apple Watch
2025-06-13,11:15:47,14.46,Alistair's Apple Watch
2025-06-14,08:13:52,12.67,Alistair's Apple Watch
2025-06-15,11:15:59,13.07,Alistair's Apple Watch
2025-06-17,11:39:04,12.99,Alistair's Apple Watch
2025-06-17,11:39:30,12.99,Alistair's Apple Watch
2025-06-17,11:40:11,12.99,Alistair's Apple Watch
2025-06-17,11:40:30,12.99,Alistair's Apple Watch
2025-06-18,17:27:00,14.44,Alistair's Apple Watch
2025-06-20,19:07:36,15.56,Alistair's Apple Watch
2025-06-21,08:30:04,16.07,Alistair's Apple Watch
2025-06-22,11:25:25,14.48,Alistair's Apple Watch
2025-06-22,11:27:28,14.25,Alistair's Apple Watch
2025-06-24,11:20:29,12.97,Alistair's Apple Watch
2025-06-25,18:46:20,13.09,Alistair's Apple Watch
2025-06-25,18:52:03,13.15,Alistair's Apple Watch
2025-06-26,07:05:37,12.83,Alistair's Apple Watch
2025-06-27,07:35:03,12.85,Alistair's Apple Watch
2025-06-28,08:15:30,13.3,Alistair's Apple Watch
2025-06-29,09:35:31,13.46,Alistair's Apple Watch
2025-07-01,11:12:16,14.28,Alistair's Apple Watch
2025-07-04,11:22:55,14.74,Alistair's Apple Watch
2025-07-10,08:04:46,16.95,Alistair's Apple Watch
2025-07-11,11:21:11,16.62,Alistair's Apple Watch
2025-07-12,09:37:22,15.35,Alistair's Apple Watch
2025-07-12,19:18:56,28.01,Alistair's Apple Watch
2025-07-12,19:20:45,18.28,Alistair's Apple Watch
2025-07-12,19:47:08,23.51,Alistair's Apple Watch
2025-07-13,11:18:42,16.79,Alistair's Apple Watch
2025-07-15,09:41:37,14.55,Alistair's Apple Watch
2025-07-16,18:19:05,17.89,Alistair's Apple Watch
2025-07-18,11:15:06,16.21,Alistair's Apple Watch
2025-07-18,11:16:10,15.2,Alistair's Apple Watch
2025-07-19,08:18:25,14.8,Alistair's Apple Watch
2025-07-20,11:24:12,15.67,Alistair's Apple Watch
2025-07-21,07:50:49,14.61,Alistair's Apple Watch
2025-07-22,08:02:26,14.78,Alistair's Apple Watch
2025-07-22,14:54:51,22.43,Alistair's Apple Watch
2025-07-26,08:09:01,14.06,Alistair's Apple Watch
2025-07-27,10:48:25,13.88,Alistair's Apple Watch
2025-07-28,07:47:39,13.73,Alistair's Apple Watch
2025-07-29,09:27:29,14.04,Alistair's Apple Watch
2025-07-30,11:42:37,14.58,Alistair's Apple Watch
2025-07-30,18:59:19,15.8,Alistair's Apple Watch
2025-08-01,11:40:00,16.37,Alistair's Apple Watch
2025-08-02,08:17:11,14.15,Alistair's Apple Watch
2025-08-03,11:21:05,15.39,Alistair's Apple Watch
2025-08-06,18:43:51,15.29,Alistair's Apple Watch
2025-08-08,11:33:03,15.03,Alistair's Apple Watch
2025-11-06,08:28:49,11.01,Alistair's Apple Watch
2025-11-07,12:52:21,11.78,Alistair's Apple Watch
2025-11-08,09:21:37,12.26,Alistair's Apple Watch
2025-11-09,12:23:07,11.03,Alistair's Apple Watch
2025-11-10,10:09:08,11.32,Alistair's Apple Watch
2025-11-11,12:13:51,10.56,Alistair's Apple Watch
2025-11-14,12:39:28,9.9,Alistair's Apple Watch
2025-11-15,13:24:06,13.72,Alistair's Apple Watch
2025-11-17,08:29:08,9.26,Alistair's Apple Watch
2025-11-18,12:21:28,9.77,Alistair's Apple Watch
2025-11-21,12:25:30,8.54,Alistair's Apple Watch
2025-11-22,09:20:48,8.67,Alistair's Apple Watch
2025-11-23,12:16:46,10.49,Alistair's Apple Watch
2025-11-24,08:28:40,8.6,Alistair's Apple Watch
2025-11-25,13:09:21,13.32,Alistair's Apple Watch
2025-11-29,09:21:03,8.98,Alistair's Apple Watch
2025-11-30,12:24:15,9.8,Alistair's Apple Watch
2025-12-01,08:20:51,9.89,Alistair's Apple Watch
2025-12-02,12:20:10,9.87,Alistair's Apple Watch
2025-12-05,12:33:50,8.77,Alistair's Apple Watch
2025-12-06,09:14:49,9.77,Alistair's Apple Watch
2025-12-08,08:41:25,9.53,Alistair's Apple Watch
2025-12-09,12:22:37,10.46,Alistair's Apple Watch
2025-12-12,12:23:45,9.7,Alistair's Apple Watch
2025-12-13,09:17:10,8.84,Alistair's Apple Watch
2025-12-14,12:14:12,9.62,Alistair's Apple Watch
2025-12-15,08:47:18,13.75,Alistair's Apple Watch
2025-12-16,12:29:09,8.91,Alistair's Apple Watch
2025-12-19,12:17:30,9.95,Alistair's Apple Watch
2025-12-22,09:23:36,11.23,Alistair's Apple Watch
2025-12-25,12:03:57,9.78,Alistair's Apple Watch
2025-12-28,16:30:11,9.09,Alistair's Apple Watch
2025-12-28,16:31:51,8.79,Alistair's Apple Watch
2025-12-28,16:32:09,8.69,Alistair's Apple Watch
2025-12-28,16:32:47,8.59,Alistair's Apple Watch
2025-12-28,16:33:03,8.49,Alistair's Apple Watch
2025-12-28,16:33:19,8.49,Alistair's Apple Watch
2026-01-09,12:28:41,25.19,Alistair's Apple Watch
2026-01-09,12:28:43,19.08,Alistair's Apple Watch
2026-01-09,12:31:02,15.91,Alistair's Apple Watch
2026-01-09,12:31:55,14.13,Alistair's Apple Watch
2026-01-09,12:32:03,11.23,Alistair's Apple Watch
2026-01-09,12:32:53,11.89,Alistair's Apple Watch
2026-01-09,12:33:05,10.88,Alistair's Apple Watch
2026-01-09,12:33:50,10.49,Alistair's Apple Watch
2026-01-09,12:34:02,7.81,Alistair's Apple Watch
2026-01-09,12:35:37,9.81,Alistair's Apple Watch
2026-01-09,12:35:37,7.23,Alistair's Apple Watch
2026-01-09,12:35:39,6.43,Alistair's Apple Watch
2026-01-09,12:35:56,6.59,Alistair's Apple Watch
2026-01-10,09:21:13,12.67,Alistair's Apple Watch
2026-01-10,09:21:13,10.78,Alistair's Apple Watch
2026-01-10,09:21:15,11.68,Alistair's Apple Watch
2026-01-10,09:22:34,7.21,Alistair's Apple Watch
2026-01-10,09:23:09,6.71,Alistair's Apple Watch
2026-01-10,09:23:31,6.69,Alistair's Apple Watch
2026-01-10,09:26:09,6.39,Alistair's Apple Watch
2026-01-10,09:26:53,6.59,Alistair's Apple Watch
2026-01-10,09:27:34,6.49,Alistair's Apple Watch
2026-01-10,09:29:36,6.29,Alistair's Apple Watch
2026-01-13,12:20:41,6.8,Alistair's Apple Watch
2026-01-20,12:16:51,22.18,Alistair's Apple Watch
2026-01-20,12:18:57,12.68,Alistair's Apple Watch
2026-01-20,12:20:21,8.69,Alistair's Apple Watch
2026-01-20,12:21:08,8.49,Alistair's Apple Watch
2026-01-20,12:21:48,8.59,Alistair's Apple Watch
2026-01-20,12:23:06,8.19,Alistair's Apple Watch
2026-01-20,12:23:34,7.99,Alistair's Apple Watch
2026-01-20,12:23:49,7.99,Alistair's Apple Watch
2026-01-20,12:25:11,7.59,Alistair's Apple Watch
2026-01-20,12:27:01,7.39,Alistair's Apple Watch
2026-01-20,12:27:20,7.49,Alistair's Apple Watch
2026-01-20,12:28:02,7.79,Alistair's Apple Watch
2026-01-20,12:28:54,7.19,Alistair's Apple Watch
2026-01-20,12:29:50,7.19,Alistair's Apple Watch
2026-01-21,09:12:02,7.59,Alistair's Apple Watch
2026-01-21,09:12:05,6.99,Alistair's Apple Watch
2026-01-21,09:12:22,6.99,Alistair's Apple Watch
2026-01-21,09:26:59,16.71,Alistair's Apple Watch
2026-01-23,12:13:25,22.71,Alistair's Apple Watch
2026-01-23,14:09:50,28.24,Alistair's Apple Watch
2026-01-24,11:21:44,29.33,Alistair's Apple Watch
2026-01-25,12:24:17,7.49,Alistair's Apple Watch
2026-01-30,12:18:24,8.48,Alistair's Apple Watch
2026-01-31,09:21:36,8.37,Alistair's Apple Watch
2026-02-01,09:21:25,8.88,Alistair's Apple Watch
2026-02-01,09:22:10,7.29,Alistair's Apple Watch
2026-02-01,09:23:11,9.91,Alistair's Apple Watch
2026-02-01,09:23:11,7.03,Alistair's Apple Watch
2026-02-01,09:23:26,6.99,Alistair's Apple Watch
2026-02-01,09:26:28,6.99,Alistair's Apple Watch
2026-02-01,09:26:54,7.09,Alistair's Apple Watch
2026-02-01,09:27:10,6.89,Alistair's Apple Watch
2026-02-01,09:28:17,6.89,Alistair's Apple Watch
2026-02-01,09:28:38,6.89,Alistair's Apple Watch
2026-02-01,09:30:02,7.09,Alistair's Apple Watch
2026-02-03,12:23:07,15.91,Alistair's Apple Watch
2026-02-03,12:23:47,12.51,Alistair's Apple Watch
2026-02-03,12:26:12,6.79,Alistair's Apple Watch
2026-02-03,12:27:54,6.59,Alistair's Apple Watch
2026-02-03,12:28:11,6.59,Alistair's Apple Watch
2026-02-03,12:28:57,6.69,Alistair's Apple Watch
2026-02-03,12:29:15,6.89,Alistair's Apple Watch
2026-02-03,12:29:35,6.59,Alistair's Apple Watch
2026-02-03,12:29:50,6.39,Alistair's Apple Watch
2026-02-03,12:30:15,6.39,Alistair's Apple Watch
2026-02-06,12:24:06,9.12,Alistair's Apple Watch
2026-02-08,12:28:03,8.21,Alistair's Apple Watch
2026-02-08,12:28:11,7.61,Alistair's Apple Watch
2026-02-08,12:28:32,7.89,Alistair's Apple Watch
2026-02-08,12:28:53,8.19,Alistair's Apple Watch
2026-02-08,12:29:08,7.79,Alistair's Apple Watch
2026-02-08,12:29:26,7.79,Alistair's Apple Watch
2026-02-08,12:29:56,7.79,Alistair's Apple Watch
2026-02-08,12:30:14,7.81,Alistair's Apple Watch
2026-02-08,12:30:35,7.39,Alistair's Apple Watch
2026-02-08,12:30:54,7.69,Alistair's Apple Watch
2026-02-08,12:31:13,7.59,Alistair's Apple Watch
2026-02-08,12:31:51,7.79,Alistair's Apple Watch
2026-02-08,12:32:54,7.59,Alistair's Apple Watch
2026-02-08,12:33:16,7.29,Alistair's Apple Watch
2026-02-10,12:25:17,11.19,Alistair's Apple Watch
2026-02-10,12:25:41,8.41,Alistair's Apple Watch
2026-02-10,12:26:36,8.71,Alistair's Apple Watch
2026-02-10,12:26:50,8.19,Alistair's Apple Watch
2026-02-10,12:27:24,8.59,Alistair's Apple Watch
2026-02-10,12:27:28,7.28,Alistair's Apple Watch
2026-02-10,12:27:37,7.79,Alistair's Apple Watch
2026-02-10,12:30:36,7.28,Alistair's Apple Watch
2026-02-10,12:31:51,7.09,Alistair's Apple Watch
2026-02-10,12:33:08,7.59,Alistair's Apple Watch
2026-02-10,12:34:30,7.61,Alistair's Apple Watch
2026-02-10,12:34:56,7.29,Alistair's Apple Watch
2026-02-10,12:35:16,7.49,Alistair's Apple Watch
2026-02-10,12:36:32,7.39,Alistair's Apple Watch
2026-02-13,12:43:39,6.34,Alistair's Apple Watch
2026-02-14,12:44:25,7.03,Alistair's Apple Watch
2026-02-15,12:22:14,7.77,Alistair's Apple Watch
2026-02-16,10:46:48,7.35,Alistair's Apple Watch
2026-02-17,10:03:59,14.08,Alistair's Apple Watch
2026-02-17,10:04:04,6.68,Alistair's Apple Watch
2026-02-17,10:04:16,9.49,Alistair's Apple Watch
2026-02-17,10:04:21,8.18,Alistair's Apple Watch
2026-02-17,10:04:33,7.28,Alistair's Apple Watch
2026-02-17,10:04:43,7.79,Alistair's Apple Watch
2026-02-17,10:08:11,5.79,Alistair's Apple Watch
2026-02-17,10:08:27,5.89,Alistair's Apple Watch
2026-02-17,10:09:44,6.09,Alistair's Apple Watch
2026-02-17,10:10:30,6.39,Alistair's Apple Watch
2026-02-17,10:10:46,6.09,Alistair's Apple Watch
2026-02-17,10:13:08,6.39,Alistair's Apple Watch
2026-02-17,10:14:19,6.09,Alistair's Apple Watch
2026-02-17,10:15:18,5.69,Alistair's Apple Watch
2026-02-17,10:15:37,6.19,Alistair's Apple Watch
2026-02-20,12:23:49,21.79,Alistair's Apple Watch
2026-02-20,12:24:24,13.69,Alistair's Apple Watch
2026-02-20,12:24:25,11.71,Alistair's Apple Watch
2026-02-20,12:25:21,8.99,Alistair's Apple Watch
2026-02-20,12:25:37,9.09,Alistair's Apple Watch
2026-02-20,12:25:55,9.49,Alistair's Apple Watch
2026-02-20,12:26:25,7.59,Alistair's Apple Watch
2026-02-20,12:28:16,7.59,Alistair's Apple Watch
2026-02-20,12:29:57,7.19,Alistair's Apple Watch
2026-02-20,12:32:47,7.19,Alistair's Apple Watch
2026-02-21,10:34:24,8.52,Alistair's Apple Watch
2026-02-22,12:21:44,7.99,Alistair's Apple Watch
2026-02-24,12:25:49,8.08,Alistair's Apple Watch
2026-02-25,10:12:12,13.26,Alistair's Apple Watch
2026-02-26,10:19:50,22.04,Alistair's Apple Watch
2026-02-26,10:20:57,10.21,Alistair's Apple Watch
2026-02-26,10:20:58,8.48,Alistair's Apple Watch
2026-02-26,10:21:14,8.19,Alistair's Apple Watch
2026-02-26,10:21:29,7.81,Alistair's Apple Watch
2026-02-26,10:21:46,7.99,Alistair's Apple Watch
2026-02-26,10:22:47,8.39,Alistair's Apple Watch
2026-02-26,10:23:19,8.09,Alistair's Apple Watch
2026-02-26,10:23:41,7.79,Alistair's Apple Watch
2026-02-26,10:23:59,7.79,Alistair's Apple Watch
2026-02-26,10:24:44,7.29,Alistair's Apple Watch
2026-02-26,10:25:02,7.39,Alistair's Apple Watch
2026-02-26,10:25:19,7.29,Alistair's Apple Watch
2026-02-26,10:26:08,8.09,Alistair's Apple Watch
2026-02-26,10:26:19,7.31,Alistair's Apple Watch
2026-02-26,10:26:35,7.39,Alistair's Apple Watch
2026-02-26,10:26:50,7.39,Alistair's Apple Watch
2026-02-26,10:27:05,7.29,Alistair's Apple Watch
2026-02-26,10:27:21,7.29,Alistair's Apple Watch
2026-02-26,10:27:37,7.29,Alistair's Apple Watch
2026-02-26,10:27:54,7.29,Alistair's Apple Watch
2026-02-26,10:28:12,7.09,Alistair's Apple Watch
2026-02-26,10:28:31,7.09,Alistair's Apple Watch
2026-02-26,10:28:45,7.59,Alistair's Apple Watch
2026-02-26,10:29:02,7.19,Alistair's Apple Watch
2026-02-26,10:29:19,7.29,Alistair's Apple Watch
2026-02-26,10:29:37,7.19,Alistair's Apple Watch
2026-02-26,10:29:56,7.19,Alistair's Apple Watch
2026-02-26,10:30:13,7.09,Alistair's Apple Watch
2026-02-26,10:30:29,7.19,Alistair's Apple Watch
2026-02-26,10:30:44,7.09,Alistair's Apple Watch
2026-02-26,10:31:02,7.19,Alistair's Apple Watch
2026-02-26,10:31:19,7.19,Alistair's Apple Watch
2026-02-26,10:31:35,7.09,Alistair's Apple Watch
2026-02-26,10:31:53,7.09,Alistair's Apple Watch
2026-02-26,10:32:08,7.09,Alistair's Apple Watch
2026-02-26,10:32:24,7.19,Alistair's Apple Watch
2026-02-26,10:32:41,7.19,Alistair's Apple Watch
2026-02-26,10:32:59,7.19,Alistair's Apple Watch
2026-02-26,10:33:15,7.09,Alistair's Apple Watch
2026-02-26,10:33:33,7.09,Alistair's Apple Watch
2026-02-26,10:33:49,7.29,Alistair's Apple Watch
2026-02-26,10:34:05,7.19,Alistair's Apple Watch
2026-02-26,10:34:22,7.19,Alistair's Apple Watch
2026-02-26,10:34:38,7.19,Alistair's Apple Watch
2026-02-26,10:34:56,7.09,Alistair's Apple Watch
2026-02-26,10:35:11,7.09,Alistair's Apple Watch
2026-02-26,10:35:27,7.09,Alistair's Apple Watch
2026-02-26,10:35:45,7.39,Alistair's Apple Watch
2026-02-26,10:36:03,7.39,Alistair's Apple Watch
2026-02-26,10:36:18,7.29,Alistair's Apple Watch
2026-02-26,10:36:39,7.39,Alistair's Apple Watch
2026-02-26,10:37:04,7.69,Alistair's Apple Watch
2026-02-26,10:37:22,7.39,Alistair's Apple Watch
2026-02-27,12:41:24,13.84,Alistair's Apple Watch
2026-02-27,12:42:24,9.29,Alistair's Apple Watch
2026-02-27,12:42:42,7.68,Alistair's Apple Watch
2026-02-27,12:42:48,8.29,Alistair's Apple Watch
2026-02-27,12:42:54,7.71,Alistair's Apple Watch
2026-02-27,12:44:54,7.29,Alistair's Apple Watch
2026-02-27,12:45:12,7.39,Alistair's Apple Watch
2026-02-27,12:45:36,7.21,Alistair's Apple Watch
2026-02-27,12:45:52,7.29,Alistair's Apple Watch
2026-02-27,12:46:07,7.29,Alistair's Apple Watch
2026-02-27,12:46:24,7.09,Alistair's Apple Watch
2026-02-27,12:46:42,7.39,Alistair's Apple Watch
2026-02-27,12:47:01,6.99,Alistair's Apple Watch
2026-02-27,12:47:23,7.41,Alistair's Apple Watch
2026-02-27,12:48:14,7.29,Alistair's Apple Watch
2026-02-27,12:48:30,7.19,Alistair's Apple Watch
2026-02-27,12:48:48,7.19,Alistair's Apple Watch
2026-02-27,12:49:04,7.19,Alistair's Apple Watch
2026-02-27,12:49:20,6.99,Alistair's Apple Watch
2026-02-27,12:49:52,7.39,Alistair's Apple Watch
2026-02-27,12:50:22,7.39,Alistair's Apple Watch
2026-02-27,12:50:38,7.39,Alistair's Apple Watch
2026-02-27,12:50:54,7.29,Alistair's Apple Watch
2026-02-27,12:51:12,7.19,Alistair's Apple Watch
2026-02-27,12:51:28,7.09,Alistair's Apple Watch
2026-02-27,12:51:45,6.99,Alistair's Apple Watch
2026-02-27,12:52:00,6.99,Alistair's Apple Watch
2026-02-27,12:52:16,7.19,Alistair's Apple Watch
2026-02-27,12:52:31,7.19,Alistair's Apple Watch
2026-02-27,12:52:46,7.19,Alistair's Apple Watch
2026-02-27,12:53:06,7.39,Alistair's Apple Watch
2026-02-27,12:53:24,7.29,Alistair's Apple Watch
2026-02-27,12:53:34,7.99,Alistair's Apple Watch
2026-02-27,12:53:38,7.41,Alistair's Apple Watch
2026-02-27,12:53:53,7.69,Alistair's Apple Watch
2026-02-27,12:53:58,7.09,Alistair's Apple Watch
2026-02-27,12:54:19,7.19,Alistair's Apple Watch
2026-02-28,09:14:57,17.19,Alistair's Apple Watch
2026-02-28,09:15:08,8.79,Alistair's Apple Watch
2026-02-28,09:15:33,7.19,Alistair's Apple Watch
2026-02-28,09:15:50,6.99,Alistair's Apple Watch
2026-02-28,09:16:08,6.79,Alistair's Apple Watch
2026-02-28,09:16:27,6.79,Alistair's Apple Watch
2026-02-28,09:16:42,6.79,Alistair's Apple Watch
2026-02-28,09:17:00,6.79,Alistair's Apple Watch
2026-02-28,09:17:16,6.79,Alistair's Apple Watch
2026-02-28,09:17:33,6.79,Alistair's Apple Watch
2026-02-28,09:18:06,6.69,Alistair's Apple Watch
2026-02-28,09:18:22,6.69,Alistair's Apple Watch
2026-02-28,09:18:41,6.69,Alistair's Apple Watch
2026-02-28,09:19:05,6.69,Alistair's Apple Watch
2026-02-28,09:20:19,6.59,Alistair's Apple Watch
2026-02-28,09:20:41,6.69,Alistair's Apple Watch
2026-02-28,09:21:01,6.79,Alistair's Apple Watch
2026-02-28,09:21:17,6.59,Alistair's Apple Watch
2026-02-28,09:21:33,6.59,Alistair's Apple Watch
2026-02-28,09:22:28,6.99,Alistair's Apple Watch
2026-02-28,09:22:46,6.69,Alistair's Apple Watch
2026-02-28,09:23:05,6.79,Alistair's Apple Watch
2026-02-28,09:23:21,6.89,Alistair's Apple Watch
2026-02-28,09:23:42,6.99,Alistair's Apple Watch
2026-02-28,09:24:40,7.79,Alistair's Apple Watch
2026-02-28,09:24:41,6.58,Alistair's Apple Watch
2026-02-28,09:24:55,7.49,Alistair's Apple Watch
2026-02-28,09:25:06,6.99,Alistair's Apple Watch
2026-02-28,09:25:28,6.99,Alistair's Apple Watch
2026-02-28,09:25:54,7.19,Alistair's Apple Watch
2026-02-28,09:26:16,7.09,Alistair's Apple Watch
2026-02-28,09:26:34,7.09,Alistair's Apple Watch
2026-02-28,09:26:49,6.71,Alistair's Apple Watch
2026-02-28,09:27:05,6.59,Alistair's Apple Watch
2026-02-28,09:27:29,6.69,Alistair's Apple Watch
2026-02-28,09:27:48,6.89,Alistair's Apple Watch
2026-02-28,09:28:08,6.99,Alistair's Apple Watch
2026-02-28,09:31:59,10.49,Alistair's Apple Watch
2026-03-02,10:33:24,19.11,Alistair's Apple Watch
2026-03-02,10:33:58,9.04,Alistair's Apple Watch
2026-03-02,10:33:58,7.91,Alistair's Apple Watch
2026-03-02,10:34:05,7.21,Alistair's Apple Watch
2026-03-02,10:34:20,6.89,Alistair's Apple Watch
2026-03-02,10:34:37,6.89,Alistair's Apple Watch
2026-03-02,10:34:54,6.79,Alistair's Apple Watch
2026-03-02,10:35:12,6.79,Alistair's Apple Watch
2026-03-02,10:35:34,6.99,Alistair's Apple Watch
2026-03-02,10:35:50,6.89,Alistair's Apple Watch
2026-03-02,10:36:06,6.79,Alistair's Apple Watch
2026-03-02,10:36:26,6.79,Alistair's Apple Watch
2026-03-02,10:36:42,6.89,Alistair's Apple Watch
2026-03-02,10:36:57,6.79,Alistair's Apple Watch
2026-03-02,10:37:13,6.79,Alistair's Apple Watch
2026-03-02,10:37:30,6.79,Alistair's Apple Watch
2026-03-02,10:37:45,6.79,Alistair's Apple Watch
2026-03-02,10:38:08,6.79,Alistair's Apple Watch
2026-03-02,10:38:24,6.79,Alistair's Apple Watch
2026-03-02,10:38:47,6.89,Alistair's Apple Watch
2026-03-02,10:39:03,6.99,Alistair's Apple Watch
2026-03-02,10:39:20,6.79,Alistair's Apple Watch
2026-03-02,10:39:35,6.79,Alistair's Apple Watch
2026-03-02,10:39:57,6.79,Alistair's Apple Watch
2026-03-02,10:40:14,6.79,Alistair's Apple Watch
2026-03-02,10:40:29,6.79,Alistair's Apple Watch
2026-03-02,10:40:57,6.89,Alistair's Apple Watch
2026-03-02,10:41:21,6.99,Alistair's Apple Watch
2026-03-02,10:41:38,7.19,Alistair's Apple Watch
2026-03-02,10:41:53,6.99,Alistair's Apple Watch
2026-03-02,10:42:09,6.99,Alistair's Apple Watch
2026-03-02,10:42:26,6.89,Alistair's Apple Watch
2026-03-02,10:42:50,6.79,Alistair's Apple Watch
2026-03-02,10:43:09,6.79,Alistair's Apple Watch
2026-03-02,10:43:27,6.99,Alistair's Apple Watch
2026-03-02,10:43:47,6.99,Alistair's Apple Watch
2026-03-02,10:44:02,6.79,Alistair's Apple Watch
2026-03-02,10:44:21,6.79,Alistair's Apple Watch
2026-03-02,10:44:36,6.79,Alistair's Apple Watch
2026-03-02,10:44:52,6.89,Alistair's Apple Watch
2026-03-02,10:45:09,6.89,Alistair's Apple Watch
2026-03-02,10:45:28,6.89,Alistair's Apple Watch
2026-03-02,10:45:47,6.99,Alistair's Apple Watch
2026-03-02,10:46:11,7.09,Alistair's Apple Watch
2026-03-02,10:46:30,6.99,Alistair's Apple Watch
2026-03-02,10:46:52,6.89,Alistair's Apple Watch
2026-03-02,10:47:12,6.89,Alistair's Apple Watch
2026-03-02,10:47:35,6.99,Alistair's Apple Watch
2026-03-02,10:47:53,6.99,Alistair's Apple Watch
2026-03-02,10:48:08,6.99,Alistair's Apple Watch
2026-03-02,10:48:26,6.99,Alistair's Apple Watch
2026-03-02,10:48:45,6.99,Alistair's Apple Watch
2026-03-02,10:49:02,6.99,Alistair's Apple Watch
2026-03-02,10:49:18,7.09,Alistair's Apple Watch
2026-03-02,10:49:34,6.89,Alistair's Apple Watch
2026-03-02,10:50:12,6.79,Alistair's Apple Watch
2026-03-02,10:50:34,6.89,Alistair's Apple Watch
2026-03-02,10:50:53,6.89,Alistair's Apple Watch
2026-03-02,10:51:09,6.89,Alistair's Apple Watch
2026-03-02,10:51:37,7.19,Alistair's Apple Watch
2026-03-02,10:51:57,7.79,Alistair's Apple Watch
2026-03-03,12:25:03,21.33,Alistair's Apple Watch
2026-03-03,12:26:42,6.79,Alistair's Apple Watch
2026-03-03,12:27:40,6.79,Alistair's Apple Watch
2026-03-03,12:28:40,6.89,Alistair's Apple Watch
2026-03-03,12:29:56,6.89,Alistair's Apple Watch
2026-03-03,12:30:16,6.99,Alistair's Apple Watch
2026-03-03,12:30:30,7.89,Alistair's Apple Watch
2026-03-03,12:31:09,7.49,Alistair's Apple Watch
2026-03-03,12:31:23,6.89,Alistair's Apple Watch
2026-03-03,12:31:31,7.39,Alistair's Apple Watch
2026-03-03,12:31:44,6.89,Alistair's Apple Watch
2026-03-04,08:07:29,20.17,Alistair's Apple Watch
2026-03-04,08:07:36,9.77,Alistair's Apple Watch
2026-03-04,08:08:20,10.49,Alistair's Apple Watch
2026-03-04,08:08:37,10.39,Alistair's Apple Watch
2026-03-04,08:08:55,10.39,Alistair's Apple Watch
2026-03-04,08:09:10,10.19,Alistair's Apple Watch
2026-03-04,08:09:27,10.19,Alistair's Apple Watch
2026-03-04,08:09:44,10.19,Alistair's Apple Watch
2026-03-04,08:09:59,10.19,Alistair's Apple Watch
2026-03-04,08:10:16,10.19,Alistair's Apple Watch
2026-03-04,08:10:35,10.19,Alistair's Apple Watch
2026-03-04,08:10:50,10.19,Alistair's Apple Watch
2026-03-04,08:11:09,10.19,Alistair's Apple Watch
2026-03-04,08:11:26,10.19,Alistair's Apple Watch
2026-03-04,08:11:50,10.09,Alistair's Apple Watch
2026-03-04,08:12:06,10.09,Alistair's Apple Watch
2026-03-04,08:12:26,10.09,Alistair's Apple Watch
2026-03-04,08:12:43,10.19,Alistair's Apple Watch
2026-03-04,08:13:00,10.09,Alistair's Apple Watch
2026-03-04,08:13:17,10.09,Alistair's Apple Watch
2026-03-04,08:13:34,10.09,Alistair's Apple Watch
2026-03-04,08:13:51,10.19,Alistair's Apple Watch
2026-03-04,08:14:07,10.09,Alistair's Apple Watch
2026-03-04,08:14:25,10.09,Alistair's Apple Watch
2026-03-04,08:14:42,10.09,Alistair's Apple Watch
2026-03-04,08:14:59,10.09,Alistair's Apple Watch
2026-03-04,08:15:17,10.09,Alistair's Apple Watch
2026-03-04,08:15:34,10.09,Alistair's Apple Watch
2026-03-04,08:15:51,10.09,Alistair's Apple Watch
2026-03-04,08:16:09,10.19,Alistair's Apple Watch
2026-03-04,08:16:24,10.09,Alistair's Apple Watch
2026-03-04,08:16:41,10.19,Alistair's Apple Watch
2026-03-04,08:16:58,10.19,Alistair's Apple Watch
2026-03-04,08:17:16,10.19,Alistair's Apple Watch
2026-03-04,08:17:32,10.19,Alistair's Apple Watch
2026-03-04,08:17:49,10.19,Alistair's Apple Watch
2026-03-04,08:18:05,10.19,Alistair's Apple Watch
2026-03-04,08:18:21,10.19,Alistair's Apple Watch
2026-03-04,08:18:37,10.19,Alistair's Apple Watch
2026-03-04,08:18:55,10.19,Alistair's Apple Watch
2026-03-04,08:19:13,10.19,Alistair's Apple Watch
2026-03-04,08:19:28,10.19,Alistair's Apple Watch
2026-03-04,08:19:43,10.09,Alistair's Apple Watch
2026-03-04,08:19:59,10.09,Alistair's Apple Watch
2026-03-04,08:20:15,10.09,Alistair's Apple Watch
2026-03-04,08:20:31,10.19,Alistair's Apple Watch
2026-03-04,08:20:47,10.09,Alistair's Apple Watch
2026-03-04,08:21:04,10.09,Alistair's Apple Watch
2026-03-04,08:21:21,10.09,Alistair's Apple Watch
2026-03-04,08:21:36,10.09,Alistair's Apple Watch
2026-03-04,08:21:51,10.09,Alistair's Apple Watch
2026-03-04,08:22:06,10.09,Alistair's Apple Watch
2026-03-04,08:22:23,10.09,Alistair's Apple Watch
2026-03-04,08:22:39,10.09,Alistair's Apple Watch
2026-03-04,08:22:55,10.09,Alistair's Apple Watch
2026-03-04,08:23:12,10.09,Alistair's Apple Watch
2026-03-04,08:23:28,10.09,Alistair's Apple Watch
2026-03-04,08:23:47,10.09,Alistair's Apple Watch
2026-03-04,08:24:03,10.09,Alistair's Apple Watch
2026-03-04,08:24:20,10.09,Alistair's Apple Watch
2026-03-04,08:24:35,10.09,Alistair's Apple Watch
2026-03-04,08:24:50,10.09,Alistair's Apple Watch
2026-03-04,08:25:09,10.09,Alistair's Apple Watch
2026-03-04,08:25:27,10.09,Alistair's Apple Watch
2026-03-04,08:25:43,10.09,Alistair's Apple Watch
2026-03-04,08:26:00,10.09,Alistair's Apple Watch
2026-03-04,08:26:18,10.09,Alistair's Apple Watch
2026-03-04,08:26:34,10.09,Alistair's Apple Watch
2026-03-04,08:26:49,10.09,Alistair's Apple Watch
2026-03-04,08:27:05,10.09,Alistair's Apple Watch
2026-03-04,08:27:21,10.09,Alistair's Apple Watch
2026-03-04,08:27:37,10.09,Alistair's Apple Watch
2026-03-04,08:27:55,10.09,Alistair's Apple Watch
2026-03-04,08:28:11,10.09,Alistair's Apple Watch
2026-03-04,08:28:27,10.09,Alistair's Apple Watch
2026-03-04,08:28:43,10.09,Alistair's Apple Watch
2026-03-04,08:29:01,10.09,Alistair's Apple Watch
2026-03-04,08:29:18,10.09,Alistair's Apple Watch
2026-03-04,08:29:34,10.19,Alistair's Apple Watch
2026-03-04,08:29:52,10.09,Alistair's Apple Watch
2026-03-04,08:30:08,10.09,Alistair's Apple Watch
2026-03-04,08:30:24,10.19,Alistair's Apple Watch
2026-03-04,08:30:39,10.19,Alistair's Apple Watch
2026-03-04,08:30:56,10.19,Alistair's Apple Watch
2026-03-04,08:31:11,10.09,Alistair's Apple Watch
2026-03-04,08:31:28,10.09,Alistair's Apple Watch
2026-03-04,08:31:46,10.09,Alistair's Apple Watch
2026-03-04,08:32:01,10.09,Alistair's Apple Watch
2026-03-04,08:32:19,10.29,Alistair's Apple Watch
2026-03-04,08:32:36,10.19,Alistair's Apple Watch
2026-03-05,19:03:19,23.69,Alistair's Apple Watch
2026-03-05,19:03:37,23.29,Alistair's Apple Watch
2026-03-05,19:03:52,23.29,Alistair's Apple Watch
2026-03-05,19:04:08,23.29,Alistair's Apple Watch
2026-03-05,19:04:25,23.29,Alistair's Apple Watch
2026-03-05,19:04:42,23.29,Alistair's Apple Watch
2026-03-05,19:04:58,23.29,Alistair's Apple Watch
2026-03-05,19:05:17,23.29,Alistair's Apple Watch
2026-03-05,19:05:33,23.29,Alistair's Apple Watch
2026-03-05,19:05:50,23.29,Alistair's Apple Watch
2026-03-05,19:06:08,23.29,Alistair's Apple Watch
2026-03-05,19:06:24,23.29,Alistair's Apple Watch
2026-03-05,19:06:41,23.29,Alistair's Apple Watch
2026-03-05,19:06:58,23.29,Alistair's Apple Watch
2026-03-05,19:07:13,23.29,Alistair's Apple Watch
2026-03-05,19:07:33,23.19,Alistair's Apple Watch
2026-03-05,19:07:49,23.19,Alistair's Apple Watch
2026-03-05,19:08:07,23.19,Alistair's Apple Watch
2026-03-05,19:08:26,23.29,Alistair's Apple Watch
2026-03-05,19:08:41,23.19,Alistair's Apple Watch
2026-03-05,19:08:56,23.19,Alistair's Apple Watch
2026-03-05,19:09:11,23.19,Alistair's Apple Watch
2026-03-05,19:09:26,23.19,Alistair's Apple Watch
2026-03-05,19:09:43,23.19,Alistair's Apple Watch
2026-03-05,19:09:59,23.29,Alistair's Apple Watch
2026-03-05,19:10:18,23.19,Alistair's Apple Watch
2026-03-05,19:10:40,23.19,Alistair's Apple Watch
2026-03-05,19:10:57,23.19,Alistair's Apple Watch
2026-03-05,19:11:15,23.19,Alistair's Apple Watch
2026-03-05,19:11:30,23.19,Alistair's Apple Watch
2026-03-05,19:11:46,23.19,Alistair's Apple Watch
2026-03-05,19:12:05,23.19,Alistair's Apple Watch
2026-03-05,19:12:20,23.19,Alistair's Apple Watch
2026-03-05,19:12:39,23.19,Alistair's Apple Watch
2026-03-05,19:12:55,23.19,Alistair's Apple Watch
2026-03-05,19:13:10,23.19,Alistair's Apple Watch
2026-03-05,19:13:28,23.19,Alistair's Apple Watch
2026-03-05,19:13:49,23.19,Alistair's Apple Watch
2026-03-05,19:14:04,23.19,Alistair's Apple Watch
2026-03-05,19:14:20,23.19,Alistair's Apple Watch
2026-03-05,19:14:37,23.19,Alistair's Apple Watch
2026-03-05,19:14:55,23.19,Alistair's Apple Watch
2026-03-05,19:15:18,23.19,Alistair's Apple Watch
2026-03-05,19:15:37,23.19,Alistair's Apple Watch
2026-03-05,19:15:53,23.19,Alistair's Apple Watch
2026-03-05,19:16:17,23.19,Alistair's Apple Watch
2026-03-05,19:16:32,23.19,Alistair's Apple Watch
2026-03-05,19:16:50,23.19,Alistair's Apple Watch
2026-03-05,19:17:09,23.19,Alistair's Apple Watch
2026-03-05,19:17:26,23.19,Alistair's Apple Watch
2026-03-05,19:17:44,23.19,Alistair's Apple Watch
2026-03-05,19:18:00,23.19,Alistair's Apple Watch
2026-03-05,19:18:25,23.19,Alistair's Apple Watch
2026-03-05,19:18:41,23.19,Alistair's Apple Watch
2026-03-05,19:19:12,23.19,Alistair's Apple Watch
2026-03-05,19:19:27,23.19,Alistair's Apple Watch
2026-03-05,19:19:46,23.19,Alistair's Apple Watch
2026-03-05,19:20:02,23.09,Alistair's Apple Watch
2026-03-05,19:20:17,23.19,Alistair's Apple Watch
2026-03-05,19:20:35,23.19,Alistair's Apple Watch
2026-03-05,19:20:52,23.19,Alistair's Apple Watch
2026-03-05,19:21:20,23.19,Alistair's Apple Watch
2026-03-05,19:21:39,23.19,Alistair's Apple Watch
2026-03-05,19:22:07,23.19,Alistair's Apple Watch
2026-03-05,19:22:25,23.19,Alistair's Apple Watch
2026-03-05,19:22:52,23.19,Alistair's Apple Watch
2026-03-05,19:23:15,23.19,Alistair's Apple Watch
2026-03-05,19:23:38,23.09,Alistair's Apple Watch
2026-03-05,19:23:55,23.19,Alistair's Apple Watch
2026-03-05,19:24:11,23.19,Alistair's Apple Watch
2026-03-05,19:24:26,23.19,Alistair's Apple Watch
2026-03-05,19:24:41,23.19,Alistair's Apple Watch
2026-03-05,19:24:57,23.19,Alistair's Apple Watch
2026-03-05,19:25:14,23.09,Alistair's Apple Watch
2026-03-05,19:25:30,23.09,Alistair's Apple Watch
2026-03-05,19:25:51,23.19,Alistair's Apple Watch
2026-03-05,19:26:09,23.09,Alistair's Apple Watch
2026-03-05,19:26:26,23.09,Alistair's Apple Watch
2026-03-05,19:26:41,23.09,Alistair's Apple Watch
2026-03-05,19:27:05,23.09,Alistair's Apple Watch
2026-03-05,19:27:21,23.19,Alistair's Apple Watch
2026-03-05,19:27:38,23.19,Alistair's Apple Watch
2026-03-05,19:27:54,23.19,Alistair's Apple Watch
2026-03-05,19:28:11,23.19,Alistair's Apple Watch
2026-03-05,19:28:26,23.09,Alistair's Apple Watch
2026-03-05,19:28:42,23.09,Alistair's Apple Watch
2026-03-05,19:28:58,23.19,Alistair's Apple Watch
2026-03-05,19:29:13,23.19,Alistair's Apple Watch
2026-03-05,19:29:28,23.19,Alistair's Apple Watch
2026-03-05,19:29:45,23.19,Alistair's Apple Watch
2026-03-05,19:30:01,23.09,Alistair's Apple Watch
2026-03-05,19:30:20,23.19,Alistair's Apple Watch
2026-03-05,19:30:35,23.09,Alistair's Apple Watch
2026-03-05,19:30:50,23.19,Alistair's Apple Watch
2026-03-05,19:31:08,23.19,Alistair's Apple Watch
2026-03-05,19:31:23,23.19,Alistair's Apple Watch
2026-03-05,19:31:41,23.19,Alistair's Apple Watch
2026-03-05,19:31:57,23.19,Alistair's Apple Watch
2026-03-05,19:32:12,23.19,Alistair's Apple Watch
2026-03-05,19:33:18,22.69,Alistair's Apple Watch
2026-03-05,19:33:45,23.09,Alistair's Apple Watch
2026-03-05,19:34:00,23.19,Alistair's Apple Watch
2026-03-05,19:34:15,23.19,Alistair's Apple Watch
2026-03-05,19:34:30,23.19,Alistair's Apple Watch
2026-03-05,19:34:49,23.09,Alistair's Apple Watch
2026-03-05,19:35:05,23.09,Alistair's Apple Watch
2026-03-05,19:35:20,23.09,Alistair's Apple Watch
2026-03-05,19:35:35,23.09,Alistair's Apple Watch
2026-03-05,19:35:50,23.19,Alistair's Apple Watch
2026-03-05,19:36:07,23.09,Alistair's Apple Watch
2026-03-05,19:36:24,23.09,Alistair's Apple Watch
2026-03-05,19:36:42,23.09,Alistair's Apple Watch
2026-03-05,19:36:57,23.09,Alistair's Apple Watch
2026-03-05,19:37:14,23.09,Alistair's Apple Watch
2026-03-05,19:37:30,23.09,Alistair's Apple Watch
2026-03-05,19:37:47,23.19,Alistair's Apple Watch
2026-03-05,19:38:04,23.19,Alistair's Apple Watch
2026-03-05,19:38:20,23.09,Alistair's Apple Watch
2026-03-05,19:38:38,23.09,Alistair's Apple Watch
2026-03-05,19:38:56,23.09,Alistair's Apple Watch
2026-03-05,19:39:15,23.09,Alistair's Apple Watch
2026-03-05,19:39:34,23.19,Alistair's Apple Watch
2026-03-05,19:39:50,23.09,Alistair's Apple Watch
2026-03-05,19:40:07,23.09,Alistair's Apple Watch
2026-03-05,19:40:22,23.09,Alistair's Apple Watch
2026-03-05,19:40:43,23.09,Alistair's Apple Watch
2026-03-05,19:40:59,23.09,Alistair's Apple Watch
2026-03-05,19:41:15,23.09,Alistair's Apple Watch
2026-03-05,19:41:31,23.19,Alistair's Apple Watch
2026-03-05,19:41:48,23.09,Alistair's Apple Watch
2026-03-05,19:42:06,23.09,Alistair's Apple Watch
2026-03-06,12:25:09,21.78,Alistair's Apple Watch
2026-03-06,12:25:18,11.18,Alistair's Apple Watch
2026-03-06,12:26:38,9.79,Alistair's Apple Watch
2026-03-06,12:26:45,10.29,Alistair's Apple Watch
2026-03-06,12:27:00,10.29,Alistair's Apple Watch
2026-03-06,12:27:17,10.19,Alistair's Apple Watch
2026-03-06,12:27:34,9.99,Alistair's Apple Watch
2026-03-06,12:27:37,9.41,Alistair's Apple Watch
2026-03-06,12:27:56,9.49,Alistair's Apple Watch
2026-03-06,12:28:12,9.69,Alistair's Apple Watch
2026-03-06,12:28:18,10.29,Alistair's Apple Watch
2026-03-06,12:28:39,9.89,Alistair's Apple Watch
2026-03-06,12:28:48,9.39,Alistair's Apple Watch
2026-03-06,12:28:56,10.19,Alistair's Apple Watch
2026-03-06,12:29:04,9.69,Alistair's Apple Watch
2026-03-06,12:29:21,9.39,Alistair's Apple Watch
2026-03-06,12:30:50,9.59,Alistair's Apple Watch
2026-03-06,12:31:05,9.19,Alistair's Apple Watch
2026-03-06,12:32:03,9.59,Alistair's Apple Watch
2026-03-06,12:32:17,9.09,Alistair's Apple Watch
2026-03-06,12:32:33,8.89,Alistair's Apple Watch
2026-03-06,12:32:51,8.99,Alistair's Apple Watch
2026-03-06,12:33:11,10.19,Alistair's Apple Watch
2026-03-07,09:18:06,24.28,Alistair's Apple Watch
2026-03-07,09:20:06,7.09,Alistair's Apple Watch
2026-03-07,09:21:22,6.59,Alistair's Apple Watch
2026-03-07,09:21:43,6.59,Alistair's Apple Watch
2026-03-07,09:22:01,6.69,Alistair's Apple Watch
2026-03-07,09:22:17,6.59,Alistair's Apple Watch
2026-03-07,09:22:35,6.69,Alistair's Apple Watch
2026-03-07,09:23:07,6.59,Alistair's Apple Watch
2026-03-07,09:23:22,6.79,Alistair's Apple Watch
2026-03-07,09:23:38,6.89,Alistair's Apple Watch
2026-03-07,09:23:55,6.79,Alistair's Apple Watch
2026-03-07,09:24:10,6.79,Alistair's Apple Watch
2026-03-07,09:24:36,6.59,Alistair's Apple Watch
2026-03-07,09:24:55,6.79,Alistair's Apple Watch
2026-03-07,09:26:26,6.49,Alistair's Apple Watch
2026-03-07,09:27:01,6.49,Alistair's Apple Watch
2026-03-07,09:27:22,6.39,Alistair's Apple Watch
2026-03-07,09:27:57,6.39,Alistair's Apple Watch
2026-03-07,09:28:39,6.39,Alistair's Apple Watch
2026-03-07,09:28:58,6.39,Alistair's Apple Watch
2026-03-07,09:29:18,6.29,Alistair's Apple Watch
2026-03-07,09:29:37,6.29,Alistair's Apple Watch
2026-03-07,09:29:53,6.19,Alistair's Apple Watch
2026-03-07,09:30:10,6.19,Alistair's Apple Watch
2026-03-07,09:30:28,6.19,Alistair's Apple Watch
2026-03-07,09:30:44,6.29,Alistair's Apple Watch
2026-03-07,09:31:04,6.29,Alistair's Apple Watch
2026-03-07,09:31:19,6.19,Alistair's Apple Watch
2026-03-07,09:31:35,6.29,Alistair's Apple Watch
2026-03-07,09:31:55,6.39,Alistair's Apple Watch
2026-03-07,09:32:11,6.39,Alistair's Apple Watch
2026-03-07,09:32:27,6.39,Alistair's Apple Watch
2026-03-07,09:32:50,6.49,Alistair's Apple Watch
2026-03-07,09:33:07,6.29,Alistair's Apple Watch
2026-03-07,09:33:25,6.39,Alistair's Apple Watch
2026-03-07,09:33:43,6.29,Alistair's Apple Watch
2026-03-07,09:34:03,6.19,Alistair's Apple Watch
2026-03-07,09:34:19,6.39,Alistair's Apple Watch
2026-03-07,09:34:36,6.29,Alistair's Apple Watch
2026-03-07,09:34:57,6.49,Alistair's Apple Watch
2026-03-07,09:35:07,6.99,Alistair's Apple Watch
2026-03-08,09:25:44,7.01,Alistair's Apple Watch
2026-03-08,09:26:05,6.89,Alistair's Apple Watch
2026-03-08,09:26:23,6.79,Alistair's Apple Watch
2026-03-08,09:26:45,6.59,Alistair's Apple Watch
2026-03-08,09:27:01,6.49,Alistair's Apple Watch
2026-03-08,09:27:18,6.49,Alistair's Apple Watch
2026-03-08,09:27:36,6.39,Alistair's Apple Watch
2026-03-08,09:27:52,6.39,Alistair's Apple Watch
2026-03-08,09:28:08,6.39,Alistair's Apple Watch
2026-03-08,09:28:30,6.39,Alistair's Apple Watch
2026-03-08,09:28:47,6.39,Alistair's Apple Watch
2026-03-08,09:29:05,6.39,Alistair's Apple Watch
2026-03-08,09:29:22,6.39,Alistair's Apple Watch
2026-03-08,09:29:39,6.39,Alistair's Apple Watch
2026-03-08,09:29:57,6.39,Alistair's Apple Watch
2026-03-08,09:30:12,6.39,Alistair's Apple Watch
2026-03-08,09:30:29,6.49,Alistair's Apple Watch
2026-03-08,09:30:46,6.59,Alistair's Apple Watch
2026-03-08,09:31:02,6.49,Alistair's Apple Watch
2026-03-08,09:31:21,6.79,Alistair's Apple Watch
2026-03-08,09:31:37,6.49,Alistair's Apple Watch
2026-03-08,09:31:52,6.49,Alistair's Apple Watch
2026-03-08,09:32:09,6.39,Alistair's Apple Watch
2026-03-08,09:32:24,6.39,Alistair's Apple Watch
2026-03-08,09:32:41,6.39,Alistair's Apple Watch
2026-03-08,09:32:58,6.39,Alistair's Apple Watch
2026-03-08,09:33:14,6.39,Alistair's Apple Watch
2026-03-08,09:33:38,6.39,Alistair's Apple Watch
2026-03-08,09:33:54,6.39,Alistair's Apple Watch
2026-03-08,09:34:10,6.39,Alistair's Apple Watch
2026-03-08,09:34:35,6.39,Alistair's Apple Watch
2026-03-08,09:34:51,6.39,Alistair's Apple Watch
2026-03-08,09:35:08,6.39,Alistair's Apple Watch
2026-03-08,09:35:26,6.39,Alistair's Apple Watch
2026-03-08,09:35:43,6.39,Alistair's Apple Watch
2026-03-08,09:35:59,6.39,Alistair's Apple Watch
2026-03-08,09:36:15,6.39,Alistair's Apple Watch
2026-03-08,09:36:38,6.59,Alistair's Apple Watch
2026-03-08,09:37:04,6.69,Alistair's Apple Watch
2026-03-08,09:37:25,6.49,Alistair's Apple Watch
2026-03-08,09:37:42,6.49,Alistair's Apple Watch
2026-03-08,09:38:07,6.39,Alistair's Apple Watch
2026-03-08,09:38:22,6.49,Alistair's Apple Watch
2026-03-08,09:38:48,6.69,Alistair's Apple Watch
2026-03-08,09:39:07,6.39,Alistair's Apple Watch
2026-03-08,09:43:08,9.49,Alistair's Apple Watch
2026-03-09,10:20:24,22.49,Alistair's Apple Watch
2026-03-09,10:21:42,11.39,Alistair's Apple Watch
2026-03-09,10:21:42,10.48,Alistair's Apple Watch
2026-03-09,10:21:43,9.21,Alistair's Apple Watch
2026-03-09,10:21:46,9.81,Alistair's Apple Watch
2026-03-09,10:22:09,9.89,Alistair's Apple Watch
2026-03-09,10:22:32,8.59,Alistair's Apple Watch
2026-03-09,10:22:48,8.99,Alistair's Apple Watch
2026-03-09,10:23:33,7.99,Alistair's Apple Watch
2026-03-09,10:23:55,8.11,Alistair's Apple Watch
2026-03-09,10:24:11,8.09,Alistair's Apple Watch
2026-03-09,10:24:28,8.01,Alistair's Apple Watch
2026-03-09,10:24:51,7.89,Alistair's Apple Watch
2026-03-09,10:25:31,7.69,Alistair's Apple Watch
2026-03-09,10:25:40,8.19,Alistair's Apple Watch
2026-03-09,10:25:55,7.39,Alistair's Apple Watch
2026-03-09,10:26:10,7.79,Alistair's Apple Watch
2026-03-09,10:26:28,7.99,Alistair's Apple Watch
2026-03-09,10:26:48,8.09,Alistair's Apple Watch
2026-03-09,10:28:56,7.99,Alistair's Apple Watch
2026-03-09,10:29:18,7.89,Alistair's Apple Watch
2026-03-09,10:29:34,8.19,Alistair's Apple Watch
2026-03-09,10:29:38,7.69,Alistair's Apple Watch
2026-03-09,10:29:55,7.79,Alistair's Apple Watch
2026-03-09,10:30:14,7.69,Alistair's Apple Watch
2026-03-09,10:30:33,7.79,Alistair's Apple Watch
2026-03-09,10:30:50,7.59,Alistair's Apple Watch
2026-03-09,10:31:07,7.79,Alistair's Apple Watch
2026-03-09,10:31:28,7.49,Alistair's Apple Watch
2026-03-09,10:31:47,7.59,Alistair's Apple Watch
2026-03-09,10:32:12,7.59,Alistair's Apple Watch
2026-03-09,10:33:22,7.79,Alistair's Apple Watch
2026-03-09,10:33:38,7.39,Alistair's Apple Watch
2026-03-09,10:34:07,7.49,Alistair's Apple Watch
2026-03-10,12:39:19,25.49,Alistair's Apple Watch
2026-03-10,12:41:06,8.99,Alistair's Apple Watch
2026-03-10,12:41:16,8.49,Alistair's Apple Watch
2026-03-10,12:43:54,7.99,Alistair's Apple Watch
2026-03-10,12:44:09,7.69,Alistair's Apple Watch
2026-03-10,12:44:25,7.59,Alistair's Apple Watch
2026-03-10,12:44:48,7.69,Alistair's Apple Watch
2026-03-10,12:45:06,8.19,Alistair's Apple Watch
2026-03-10,12:45:21,7.99,Alistair's Apple Watch
2026-03-10,12:45:38,8.19,Alistair's Apple Watch
2026-03-10,12:45:54,8.19,Alistair's Apple Watch
2026-03-10,12:46:33,7.89,Alistair's Apple Watch
2026-03-10,12:46:50,7.99,Alistair's Apple Watch
2026-03-10,12:47:06,7.89,Alistair's Apple Watch
2026-03-10,12:47:23,7.69,Alistair's Apple Watch
2026-03-10,12:47:41,7.69,Alistair's Apple Watch
2026-03-10,12:47:59,7.99,Alistair's Apple Watch
2026-03-10,12:48:19,7.79,Alistair's Apple Watch
2026-03-10,12:48:43,7.59,Alistair's Apple Watch
2026-03-10,12:49:01,7.59,Alistair's Apple Watch
2026-03-10,12:49:18,7.49,Alistair's Apple Watch
2026-03-10,12:49:34,7.49,Alistair's Apple Watch
2026-03-10,12:49:50,7.49,Alistair's Apple Watch
2026-03-10,12:50:05,7.49,Alistair's Apple Watch
2026-03-10,12:50:21,7.39,Alistair's Apple Watch
2026-03-10,12:50:36,7.39,Alistair's Apple Watch
2026-03-10,12:50:54,7.39,Alistair's Apple Watch
2026-03-10,12:51:09,7.49,Alistair's Apple Watch
2026-03-10,12:51:25,7.59,Alistair's Apple Watch
2026-03-10,12:51:41,7.79,Alistair's Apple Watch
2026-03-10,12:51:56,7.79,Alistair's Apple Watch
2026-03-10,12:52:15,7.69,Alistair's Apple Watch
2026-03-10,12:52:55,7.79,Alistair's Apple Watch
2026-03-10,12:53:12,7.69,Alistair's Apple Watch
2026-03-10,12:53:48,7.99,Alistair's Apple Watch
2026-03-10,12:57:17,12.69,Alistair's Apple Watch
2026-03-10,12:57:43,12.99,Alistair's Apple Watch
2026-03-12,15:00:18,7.29,Alistair's Apple Watch
2026-03-12,15:00:45,8.49,Alistair's Apple Watch
2026-03-12,15:00:46,7.41,Alistair's Apple Watch
2026-03-12,15:01:01,7.09,Alistair's Apple Watch
2026-03-12,15:01:20,7.19,Alistair's Apple Watch
2026-03-12,15:01:36,7.09,Alistair's Apple Watch
2026-03-12,15:01:52,6.99,Alistair's Apple Watch
2026-03-12,15:02:09,6.99,Alistair's Apple Watch
2026-03-12,15:02:24,7.09,Alistair's Apple Watch
2026-03-12,15:02:41,7.09,Alistair's Apple Watch
2026-03-12,15:03:00,7.39,Alistair's Apple Watch
2026-03-12,15:03:09,7.89,Alistair's Apple Watch
2026-03-12,15:03:27,7.49,Alistair's Apple Watch
2026-03-12,15:03:43,7.49,Alistair's Apple Watch
2026-03-12,15:04:01,7.69,Alistair's Apple Watch
2026-03-12,15:04:17,7.59,Alistair's Apple Watch
2026-03-12,15:04:33,7.59,Alistair's Apple Watch
2026-03-12,15:04:48,7.59,Alistair's Apple Watch
2026-03-12,15:05:04,7.59,Alistair's Apple Watch
2026-03-12,15:05:22,7.49,Alistair's Apple Watch
2026-03-12,15:05:40,7.39,Alistair's Apple Watch
2026-03-12,15:05:57,7.39,Alistair's Apple Watch
2026-03-12,15:06:15,7.69,Alistair's Apple Watch
2026-03-12,15:06:31,7.79,Alistair's Apple Watch
2026-03-12,15:06:51,7.69,Alistair's Apple Watch
2026-03-12,15:07:08,7.59,Alistair's Apple Watch
2026-03-12,15:07:23,7.29,Alistair's Apple Watch
2026-03-12,15:07:38,7.59,Alistair's Apple Watch
2026-03-12,15:07:54,7.49,Alistair's Apple Watch
2026-03-12,15:08:09,7.29,Alistair's Apple Watch
2026-03-12,15:08:25,7.39,Alistair's Apple Watch
2026-03-12,15:08:44,7.89,Alistair's Apple Watch
2026-03-12,15:08:52,7.31,Alistair's Apple Watch
2026-03-12,15:09:10,7.39,Alistair's Apple Watch
2026-03-12,15:09:30,7.89,Alistair's Apple Watch
2026-03-13,12:23:53,25.91,Alistair's Apple Watch
2026-03-13,12:23:53,19.78,Alistair's Apple Watch
2026-03-13,12:23:55,17.5,Alistair's Apple Watch
2026-03-13,12:23:58,16.88,Alistair's Apple Watch
2026-03-13,12:24:15,15.98,Alistair's Apple Watch
2026-03-13,12:25:21,14.71,Alistair's Apple Watch
2026-03-13,12:25:21,13.58,Alistair's Apple Watch
2026-03-13,12:25:35,12.99,Alistair's Apple Watch
2026-03-13,12:25:47,14.54,Alistair's Apple Watch
2026-03-13,12:26:01,13.91,Alistair's Apple Watch
2026-03-13,12:26:28,13.31,Alistair's Apple Watch
2026-03-13,12:28:26,12.89,Alistair's Apple Watch
2026-03-13,12:28:33,12.11,Alistair's Apple Watch
2026-03-13,12:28:52,10.81,Alistair's Apple Watch
2026-03-13,12:29:56,9.99,Alistair's Apple Watch
2026-03-13,12:30:13,9.31,Alistair's Apple Watch
2026-03-13,12:30:15,8.81,Alistair's Apple Watch
2026-03-13,12:30:33,8.59,Alistair's Apple Watch
2026-03-13,12:30:50,8.41,Alistair's Apple Watch
2026-03-13,12:30:50,7.58,Alistair's Apple Watch
2026-03-13,12:31:51,9.69,Alistair's Apple Watch
2026-03-13,12:31:59,10.19,Alistair's Apple Watch
2026-03-13,12:32:06,9.41,Alistair's Apple Watch
2026-03-13,12:32:11,7.81,Alistair's Apple Watch
2026-03-13,12:32:16,8.69,Alistair's Apple Watch
2026-03-13,12:32:31,9.09,Alistair's Apple Watch
2026-03-13,12:32:50,11.39,Alistair's Apple Watch
2026-03-13,12:33:14,10.21,Alistair's Apple Watch
2026-03-13,12:33:31,9.89,Alistair's Apple Watch
2026-03-13,12:33:47,9.89,Alistair's Apple Watch
2026-03-13,12:34:03,9.69,Alistair's Apple Watch
2026-03-13,12:34:46,9.89,Alistair's Apple Watch
2026-03-13,12:34:59,9.11,Alistair's Apple Watch
2026-03-13,12:35:18,9.19,Alistair's Apple Watch
2026-03-13,12:36:16,8.79,Alistair's Apple Watch
2026-03-13,12:38:02,9.19,Alistair's Apple Watch
2026-03-13,12:38:19,9.39,Alistair's Apple Watch
2026-03-13,12:38:33,8.89,Alistair's Apple Watch
2026-03-14,08:45:05,11.81,Alistair's Apple Watch
2026-03-14,08:45:34,5.79,Alistair's Apple Watch
2026-03-14,08:45:52,5.79,Alistair's Apple Watch
2026-03-14,08:46:12,5.59,Alistair's Apple Watch
2026-03-14,08:46:27,5.59,Alistair's Apple Watch
2026-03-14,08:46:46,5.69,Alistair's Apple Watch
2026-03-14,08:47:04,5.99,Alistair's Apple Watch
2026-03-14,08:47:19,6.09,Alistair's Apple Watch
2026-03-14,08:48:41,5.89,Alistair's Apple Watch
2026-03-14,08:49:01,6.19,Alistair's Apple Watch
2026-03-14,08:49:18,6.59,Alistair's Apple Watch
2026-03-14,08:49:28,6.09,Alistair's Apple Watch
2026-03-14,08:49:45,6.09,Alistair's Apple Watch
2026-03-14,08:51:11,5.99,Alistair's Apple Watch
2026-03-14,08:51:29,5.89,Alistair's Apple Watch
2026-03-14,08:51:46,5.79,Alistair's Apple Watch
2026-03-14,08:52:01,5.79,Alistair's Apple Watch
2026-03-14,08:52:18,5.89,Alistair's Apple Watch
2026-03-14,08:52:36,5.79,Alistair's Apple Watch
2026-03-14,08:52:52,5.79,Alistair's Apple Watch
2026-03-14,08:53:16,5.89,Alistair's Apple Watch
2026-03-14,08:53:31,5.79,Alistair's Apple Watch
2026-03-14,08:53:48,5.79,Alistair's Apple Watch
2026-03-14,08:54:04,5.69,Alistair's Apple Watch
2026-03-14,08:54:19,5.59,Alistair's Apple Watch
2026-03-14,08:54:35,5.69,Alistair's Apple Watch
2026-03-14,08:54:50,5.69,Alistair's Apple Watch
2026-03-14,08:55:06,5.59,Alistair's Apple Watch
2026-03-14,08:55:21,5.69,Alistair's Apple Watch
2026-03-14,08:55:39,5.69,Alistair's Apple Watch
2026-03-14,08:55:55,5.69,Alistair's Apple Watch
2026-03-14,08:56:11,5.69,Alistair's Apple Watch
2026-03-14,10:03:18,29.99,Alistair's Apple Watch
2026-03-14,10:12:25,30.09,Alistair's Apple Watch
2026-03-14,10:12:40,30.09,Alistair's Apple Watch
2026-03-15,11:44:53,29.99,Alistair's Apple Watch
2026-03-15,11:51:12,29.89,Alistair's Apple Watch
2026-03-15,11:51:47,29.89,Alistair's Apple Watch
2026-03-17,12:20:16,24.08,Alistair's Apple Watch
2026-03-17,12:22:03,8.69,Alistair's Apple Watch
2026-03-17,12:22:22,8.21,Alistair's Apple Watch
2026-03-17,12:22:34,7.59,Alistair's Apple Watch
2026-03-17,12:22:49,7.69,Alistair's Apple Watch
2026-03-17,12:23:04,7.59,Alistair's Apple Watch
2026-03-17,12:23:22,7.49,Alistair's Apple Watch
2026-03-17,12:23:37,7.19,Alistair's Apple Watch
2026-03-17,12:23:53,7.19,Alistair's Apple Watch
2026-03-17,12:24:08,7.19,Alistair's Apple Watch
2026-03-17,12:24:23,7.19,Alistair's Apple Watch
2026-03-17,12:24:39,7.19,Alistair's Apple Watch
2026-03-17,12:24:55,7.39,Alistair's Apple Watch
2026-03-17,12:25:12,7.39,Alistair's Apple Watch
2026-03-17,12:25:29,7.59,Alistair's Apple Watch
2026-03-17,12:25:46,7.49,Alistair's Apple Watch
2026-03-17,12:26:07,7.49,Alistair's Apple Watch
2026-03-17,12:26:24,7.59,Alistair's Apple Watch
2026-03-17,12:26:39,7.69,Alistair's Apple Watch
2026-03-17,12:26:55,7.79,Alistair's Apple Watch
2026-03-17,12:27:12,7.69,Alistair's Apple Watch
2026-03-17,12:27:30,7.59,Alistair's Apple Watch
2026-03-17,12:27:47,7.49,Alistair's Apple Watch
2026-03-17,12:28:04,7.49,Alistair's Apple Watch
2026-03-17,12:28:23,7.49,Alistair's Apple Watch
2026-03-17,12:28:43,7.59,Alistair's Apple Watch
2026-03-17,12:28:58,7.59,Alistair's Apple Watch
2026-03-17,12:29:24,7.49,Alistair's Apple Watch
2026-03-17,12:29:41,7.49,Alistair's Apple Watch
2026-03-17,12:29:57,7.69,Alistair's Apple Watch
2026-03-17,12:30:19,7.69,Alistair's Apple Watch
2026-03-17,12:30:35,7.69,Alistair's Apple Watch
2026-03-17,12:30:56,7.59,Alistair's Apple Watch
2026-03-17,12:31:13,7.59,Alistair's Apple Watch
2026-03-17,12:31:32,7.49,Alistair's Apple Watch
2026-03-17,12:31:48,7.49,Alistair's Apple Watch
2026-03-17,12:32:05,7.59,Alistair's Apple Watch
2026-03-17,12:32:26,7.39,Alistair's Apple Watch
2026-03-17,12:32:42,7.39,Alistair's Apple Watch
2026-03-17,12:33:05,7.99,Alistair's Apple Watch
2026-03-17,12:33:10,7.49,Alistair's Apple Watch
2026-03-17,12:33:25,7.29,Alistair's Apple Watch
2026-03-17,12:33:40,7.39,Alistair's Apple Watch
2026-03-17,12:33:57,7.29,Alistair's Apple Watch
2026-03-17,12:34:12,7.29,Alistair's Apple Watch
2026-03-17,12:34:28,7.29,Alistair's Apple Watch
2026-03-17,12:34:43,7.49,Alistair's Apple Watch
2026-03-17,12:34:58,7.59,Alistair's Apple Watch
2026-03-17,12:35:13,7.29,Alistair's Apple Watch
2026-03-17,12:35:31,7.79,Alistair's Apple Watch
2026-03-17,12:35:48,7.89,Alistair's Apple Watch
2026-03-17,12:36:04,7.99,Alistair's Apple Watch
2026-03-17,12:36:21,7.99,Alistair's Apple Watch
2026-03-17,12:36:39,7.99,Alistair's Apple Watch
2026-03-18,10:21:09,23.41,Alistair's Apple Watch
2026-03-18,10:21:12,7.26,Alistair's Apple Watch
2026-03-18,10:21:26,9.11,Alistair's Apple Watch
2026-03-18,10:21:43,8.89,Alistair's Apple Watch
2026-03-18,10:22:51,9.41,Alistair's Apple Watch
2026-03-18,10:22:54,8.91,Alistair's Apple Watch
2026-03-18,10:22:55,12.17,Alistair's Apple Watch
2026-03-18,10:22:57,13.49,Alistair's Apple Watch
2026-03-18,10:23:03,14.17,Alistair's Apple Watch
2026-03-18,10:23:05,11.11,Alistair's Apple Watch
2026-03-18,10:23:24,10.99,Alistair's Apple Watch
2026-03-18,10:23:36,14.14,Alistair's Apple Watch
2026-03-18,10:23:36,13.51,Alistair's Apple Watch
2026-03-18,10:23:41,12.68,Alistair's Apple Watch
2026-03-18,10:23:47,11.58,Alistair's Apple Watch
2026-03-18,10:24:02,10.89,Alistair's Apple Watch
2026-03-18,10:24:03,10.28,Alistair's Apple Watch
2026-03-18,10:24:07,9.71,Alistair's Apple Watch
2026-03-18,10:24:13,11.14,Alistair's Apple Watch
2026-03-18,10:24:17,10.59,Alistair's Apple Watch
2026-03-18,10:24:19,11.84,Alistair's Apple Watch
2026-03-18,10:24:21,10.71,Alistair's Apple Watch
2026-03-18,10:24:39,9.48,Alistair's Apple Watch
2026-03-18,10:24:41,7.81,Alistair's Apple Watch
2026-03-18,10:24:45,9.09,Alistair's Apple Watch
2026-03-18,10:24:49,10.34,Alistair's Apple Watch
2026-03-18,10:24:52,9.79,Alistair's Apple Watch
2026-03-18,10:24:57,11.14,Alistair's Apple Watch
2026-03-18,10:24:59,10.49,Alistair's Apple Watch
2026-03-18,10:25:07,9.99,Alistair's Apple Watch
2026-03-18,10:25:22,8.58,Alistair's Apple Watch
2026-03-18,10:25:25,8.08,Alistair's Apple Watch
2026-03-18,10:25:30,9.64,Alistair's Apple Watch
2026-03-18,10:25:46,9.89,Alistair's Apple Watch
2026-03-18,10:25:54,9.31,Alistair's Apple Watch
2026-03-18,10:26:09,9.79,Alistair's Apple Watch
2026-03-18,10:26:39,9.29,Alistair's Apple Watch
2026-03-18,10:26:44,9.89,Alistair's Apple Watch
2026-03-18,10:26:59,9.51,Alistair's Apple Watch
2026-03-18,10:27:14,9.59,Alistair's Apple Watch
2026-03-18,10:27:29,9.49,Alistair's Apple Watch
2026-03-18,10:27:46,10.34,Alistair's Apple Watch
2026-03-18,10:27:50,9.79,Alistair's Apple Watch
2026-03-18,10:28:19,9.21,Alistair's Apple Watch
2026-03-18,10:28:49,9.49,Alistair's Apple Watch
2026-03-18,10:29:40,8.91,Alistair's Apple Watch
2026-03-18,10:29:58,9.19,Alistair's Apple Watch
2026-03-18,10:31:07,8.49,Alistair's Apple Watch
2026-03-18,10:31:24,7.99,Alistair's Apple Watch
2026-03-18,10:31:40,7.99,Alistair's Apple Watch
2026-03-18,10:33:14,7.89,Alistair's Apple Watch
2026-03-18,10:33:42,8.09,Alistair's Apple Watch
2026-03-18,10:33:49,7.51,Alistair's Apple Watch
2026-03-18,10:34:12,7.99,Alistair's Apple Watch
2026-03-18,10:34:46,7.89,Alistair's Apple Watch
2026-03-18,10:35:01,7.59,Alistair's Apple Watch
2026-03-18,10:35:20,7.79,Alistair's Apple Watch
2026-03-18,10:35:37,7.69,Alistair's Apple Watch
2026-03-18,10:35:59,7.99,Alistair's Apple Watch
2026-03-18,10:36:18,7.49,Alistair's Apple Watch
2026-03-18,10:36:34,7.79,Alistair's Apple Watch
2026-03-18,10:36:50,7.79,Alistair's Apple Watch
2026-03-18,10:37:06,7.69,Alistair's Apple Watch
2026-03-18,10:37:25,7.49,Alistair's Apple Watch
2026-03-18,10:37:40,7.59,Alistair's Apple Watch
2026-03-18,10:38:01,7.69,Alistair's Apple Watch
2026-03-18,10:38:17,7.69,Alistair's Apple Watch
2026-03-18,10:38:37,7.39,Alistair's Apple Watch
2026-03-18,10:39:00,7.59,Alistair's Apple Watch
2026-03-19,15:17:48,9.19,Alistair's Apple Watch
2026-03-19,15:18:02,8.59,Alistair's Apple Watch
2026-03-19,15:18:18,8.79,Alistair's Apple Watch
2026-03-19,15:18:36,8.49,Alistair's Apple Watch
2026-03-19,15:19:33,8.39,Alistair's Apple Watch
2026-03-19,15:20:03,8.29,Alistair's Apple Watch
2026-03-19,15:20:58,8.09,Alistair's Apple Watch
2026-03-19,15:21:40,8.09,Alistair's Apple Watch
2026-03-19,15:22:05,8.09,Alistair's Apple Watch
2026-03-19,15:22:18,8.59,Alistair's Apple Watch
2026-03-19,15:22:34,8.59,Alistair's Apple Watch
2026-03-19,15:22:49,8.79,Alistair's Apple Watch
2026-03-19,15:23:05,9.09,Alistair's Apple Watch
2026-03-19,15:23:20,8.89,Alistair's Apple Watch
2026-03-19,15:23:37,8.99,Alistair's Apple Watch
2026-03-19,15:23:53,8.99,Alistair's Apple Watch
2026-03-19,15:24:09,9.09,Alistair's Apple Watch
2026-03-19,15:24:25,8.99,Alistair's Apple Watch
2026-03-19,15:24:40,8.99,Alistair's Apple Watch
2026-03-19,15:24:55,9.09,Alistair's Apple Watch
2026-03-19,15:25:46,8.19,Alistair's Apple Watch
2026-03-19,15:26:07,8.19,Alistair's Apple Watch
2026-03-19,15:27:10,8.39,Alistair's Apple Watch
2026-03-19,15:27:30,8.39,Alistair's Apple Watch
2026-03-19,15:28:01,8.29,Alistair's Apple Watch
2026-03-19,15:28:20,8.39,Alistair's Apple Watch
2026-03-19,15:28:33,8.89,Alistair's Apple Watch
2026-03-19,15:28:49,8.69,Alistair's Apple Watch
2026-03-19,15:29:08,8.79,Alistair's Apple Watch
2026-03-19,15:29:27,8.79,Alistair's Apple Watch
2026-03-19,15:29:44,9.29,Alistair's Apple Watch
2026-03-19,15:30:02,9.01,Alistair's Apple Watch
2026-03-19,15:30:17,8.89,Alistair's Apple Watch
2026-03-19,15:30:25,8.39,Alistair's Apple Watch
2026-03-19,15:30:41,8.19,Alistair's Apple Watch
2026-03-19,15:31:42,8.19,Alistair's Apple Watch
2026-03-19,15:31:58,8.39,Alistair's Apple Watch
2026-03-19,15:32:17,8.39,Alistair's Apple Watch
2026-03-19,15:32:34,8.69,Alistair's Apple Watch
2026-03-19,15:32:51,8.59,Alistair's Apple Watch
2026-03-19,15:33:07,8.49,Alistair's Apple Watch
2026-03-19,15:33:24,8.49,Alistair's Apple Watch
2026-03-19,15:33:43,8.31,Alistair's Apple Watch
2026-03-19,15:34:00,8.59,Alistair's Apple Watch
2026-03-19,15:34:16,8.69,Alistair's Apple Watch
2026-03-19,15:34:34,8.39,Alistair's Apple Watch
2026-03-19,15:34:49,8.39,Alistair's Apple Watch
2026-03-19,15:35:37,8.59,Alistair's Apple Watch
2026-03-19,15:35:53,8.49,Alistair's Apple Watch
2026-03-19,15:36:09,8.39,Alistair's Apple Watch
2026-03-19,15:41:30,12.29,Alistair's Apple Watch
2026-03-19,15:41:46,12.39,Alistair's Apple Watch
2026-03-19,15:42:02,12.69,Alistair's Apple Watch
2026-03-20,15:46:52,22.01,Alistair's Apple Watch
2026-03-20,15:46:52,14.28,Alistair's Apple Watch
2026-03-20,15:46:54,11.46,Alistair's Apple Watch
2026-03-20,15:46:55,9.9,Alistair's Apple Watch
2026-03-20,15:47:00,11.89,Alistair's Apple Watch
2026-03-20,15:47:18,11.69,Alistair's Apple Watch
2026-03-20,15:47:35,11.29,Alistair's Apple Watch
2026-03-20,15:47:44,12.34,Alistair's Apple Watch
2026-03-20,15:47:48,11.69,Alistair's Apple Watch
2026-03-20,15:47:49,10.59,Alistair's Apple Watch
2026-03-20,15:47:56,9.81,Alistair's Apple Watch
2026-03-20,15:48:12,9.49,Alistair's Apple Watch
2026-03-20,15:48:28,9.19,Alistair's Apple Watch
2026-03-20,15:48:44,9.19,Alistair's Apple Watch
2026-03-20,15:49:02,9.49,Alistair's Apple Watch
2026-03-20,15:49:19,9.69,Alistair's Apple Watch
2026-03-20,15:49:41,10.11,Alistair's Apple Watch
2026-03-20,15:49:56,9.69,Alistair's Apple Watch
2026-03-20,15:50:14,9.39,Alistair's Apple Watch
2026-03-20,15:50:30,9.59,Alistair's Apple Watch
2026-03-20,15:50:46,9.19,Alistair's Apple Watch
2026-03-20,15:51:07,8.99,Alistair's Apple Watch
2026-03-20,15:51:24,8.99,Alistair's Apple Watch
2026-03-20,15:51:43,8.69,Alistair's Apple Watch
2026-03-20,15:51:59,8.59,Alistair's Apple Watch
2026-03-20,15:52:27,8.49,Alistair's Apple Watch
2026-03-20,15:52:44,8.89,Alistair's Apple Watch
2026-03-20,15:53:00,8.79,Alistair's Apple Watch
2026-03-20,15:53:17,8.69,Alistair's Apple Watch
2026-03-20,15:53:57,8.79,Alistair's Apple Watch
2026-03-20,15:54:19,8.59,Alistair's Apple Watch
2026-03-20,15:54:34,8.69,Alistair's Apple Watch
2026-03-20,15:54:50,8.59,Alistair's Apple Watch
2026-03-20,15:55:07,8.49,Alistair's Apple Watch
2026-03-20,15:55:23,8.79,Alistair's Apple Watch
2026-03-20,15:55:46,8.89,Alistair's Apple Watch
2026-03-20,15:56:02,9.09,Alistair's Apple Watch
2026-03-20,15:56:17,9.19,Alistair's Apple Watch
2026-03-20,15:56:33,8.99,Alistair's Apple Watch
2026-03-20,15:56:48,8.79,Alistair's Apple Watch
2026-03-20,15:57:04,8.99,Alistair's Apple Watch
2026-03-20,15:57:19,8.79,Alistair's Apple Watch
2026-03-20,15:57:36,8.79,Alistair's Apple Watch
2026-03-20,15:57:52,8.79,Alistair's Apple Watch
2026-03-20,15:58:08,8.89,Alistair's Apple Watch
2026-03-20,15:58:23,9.09,Alistair's Apple Watch
2026-03-20,15:58:39,9.09,Alistair's Apple Watch
2026-03-20,15:58:55,9.09,Alistair's Apple Watch
2026-03-20,15:59:11,9.09,Alistair's Apple Watch
2026-03-20,15:59:27,9.19,Alistair's Apple Watch
2026-03-20,15:59:42,9.19,Alistair's Apple Watch
2026-03-20,15:59:57,9.09,Alistair's Apple Watch
2026-03-20,16:00:15,9.29,Alistair's Apple Watch
2026-03-20,16:00:33,9.19,Alistair's Apple Watch
2026-03-20,16:00:50,9.09,Alistair's Apple Watch
2026-03-20,16:01:07,8.99,Alistair's Apple Watch
2026-03-20,16:01:24,9.09,Alistair's Apple Watch
2026-03-20,16:01:41,9.09,Alistair's Apple Watch
2026-03-20,16:01:56,9.09,Alistair's Apple Watch
2026-03-20,16:02:12,9.19,Alistair's Apple Watch
2026-03-20,16:02:29,9.09,Alistair's Apple Watch
2026-03-20,16:03:10,9.29,Alistair's Apple Watch
2026-03-20,16:03:27,9.59,Alistair's Apple Watch
2026-03-20,16:03:45,9.29,Alistair's Apple Watch
2026-03-20,16:08:29,12.99,Alistair's Apple Watch
2026-03-21,15:37:54,20.61,Alistair's Apple Watch
2026-03-21,15:42:23,8.29,Alistair's Apple Watch
2026-03-21,15:42:42,8.29,Alistair's Apple Watch
2026-03-21,15:42:58,8.09,Alistair's Apple Watch
2026-03-21,15:43:15,7.99,Alistair's Apple Watch
2026-03-21,15:43:35,7.79,Alistair's Apple Watch
2026-03-21,15:43:50,7.99,Alistair's Apple Watch
2026-03-21,15:44:06,7.99,Alistair's Apple Watch
2026-03-21,15:45:09,7.99,Alistair's Apple Watch
2026-03-21,15:45:27,7.89,Alistair's Apple Watch
2026-03-21,15:45:46,7.89,Alistair's Apple Watch
2026-03-21,15:46:05,8.09,Alistair's Apple Watch
2026-03-21,15:46:24,8.19,Alistair's Apple Watch
2026-03-21,15:46:39,8.19,Alistair's Apple Watch
2026-03-21,15:46:54,8.09,Alistair's Apple Watch
2026-03-21,15:47:10,7.89,Alistair's Apple Watch
2026-03-21,15:47:26,7.99,Alistair's Apple Watch
2026-03-21,15:47:42,7.99,Alistair's Apple Watch
2026-03-21,15:48:00,7.79,Alistair's Apple Watch
2026-03-21,15:48:15,7.89,Alistair's Apple Watch
2026-03-21,15:48:32,7.89,Alistair's Apple Watch
2026-03-21,15:48:47,7.89,Alistair's Apple Watch
2026-03-21,15:49:03,7.99,Alistair's Apple Watch
2026-03-21,15:49:20,8.09,Alistair's Apple Watch
2026-03-21,15:49:37,8.19,Alistair's Apple Watch
2026-03-21,15:49:53,8.29,Alistair's Apple Watch
2026-03-21,15:50:09,8.49,Alistair's Apple Watch
2026-03-21,15:50:21,8.99,Alistair's Apple Watch
2026-03-21,15:50:38,9.49,Alistair's Apple Watch
2026-03-21,15:50:57,9.59,Alistair's Apple Watch
2026-03-21,15:51:12,9.69,Alistair's Apple Watch
2026-03-21,15:51:27,9.79,Alistair's Apple Watch
2026-03-23,10:24:06,24.81,Alistair's Apple Watch
2026-03-23,10:25:15,10.54,Alistair's Apple Watch
2026-03-23,10:25:15,9.89,Alistair's Apple Watch
2026-03-23,10:25:23,9.21,Alistair's Apple Watch
2026-03-23,10:27:16,7.89,Alistair's Apple Watch
2026-03-23,10:27:54,8.09,Alistair's Apple Watch
2026-03-23,10:28:33,7.89,Alistair's Apple Watch
2026-03-23,10:28:52,7.89,Alistair's Apple Watch
2026-03-23,10:29:10,7.89,Alistair's Apple Watch
2026-03-23,10:29:30,7.79,Alistair's Apple Watch
2026-03-23,10:29:34,8.29,Alistair's Apple Watch
2026-03-23,10:29:50,7.61,Alistair's Apple Watch
2026-03-23,10:30:18,7.99,Alistair's Apple Watch
2026-03-23,10:33:31,7.91,Alistair's Apple Watch
2026-03-23,10:34:13,7.49,Alistair's Apple Watch
2026-03-23,10:34:18,8.09,Alistair's Apple Watch
2026-03-23,10:40:10,7.69,Alistair's Apple Watch
2026-03-23,10:40:27,7.79,Alistair's Apple Watch
2026-03-23,10:40:45,7.69,Alistair's Apple Watch
2026-03-23,10:41:01,7.79,Alistair's Apple Watch
2026-03-24,12:20:19,26.81,Alistair's Apple Watch
2026-03-24,12:20:19,19.72,Alistair's Apple Watch
2026-03-24,12:20:22,13.06,Alistair's Apple Watch
2026-03-24,12:20:26,11.57,Alistair's Apple Watch
2026-03-24,12:20:28,10.98,Alistair's Apple Watch
2026-03-24,12:21:54,8.99,Alistair's Apple Watch
2026-03-24,12:22:12,8.89,Alistair's Apple Watch
2026-03-24,12:22:29,9.09,Alistair's Apple Watch
2026-03-24,12:22:45,8.79,Alistair's Apple Watch
2026-03-24,12:23:47,8.49,Alistair's Apple Watch
2026-03-24,12:24:26,8.39,Alistair's Apple Watch
2026-03-24,12:24:41,8.09,Alistair's Apple Watch
2026-03-24,12:24:57,8.09,Alistair's Apple Watch
2026-03-24,12:25:13,7.89,Alistair's Apple Watch
2026-03-24,12:25:29,7.99,Alistair's Apple Watch
2026-03-24,12:25:45,7.89,Alistair's Apple Watch
2026-03-24,12:26:09,7.89,Alistair's Apple Watch
2026-03-24,12:26:25,7.89,Alistair's Apple Watch
2026-03-24,12:26:41,7.79,Alistair's Apple Watch
2026-03-24,12:26:57,7.69,Alistair's Apple Watch
2026-03-24,12:27:14,7.59,Alistair's Apple Watch
2026-03-24,12:27:29,7.59,Alistair's Apple Watch
2026-03-24,12:27:48,7.59,Alistair's Apple Watch
2026-03-24,12:28:04,7.89,Alistair's Apple Watch
2026-03-24,12:28:20,7.99,Alistair's Apple Watch
2026-03-24,12:28:38,7.69,Alistair's Apple Watch
2026-03-24,12:28:53,7.79,Alistair's Apple Watch
2026-03-24,12:29:12,7.79,Alistair's Apple Watch
2026-03-24,12:29:51,7.49,Alistair's Apple Watch
2026-03-24,12:30:06,7.69,Alistair's Apple Watch
2026-03-24,12:30:22,7.69,Alistair's Apple Watch
2026-03-24,12:30:39,7.79,Alistair's Apple Watch
2026-03-24,12:30:55,7.69,Alistair's Apple Watch
2026-03-24,12:31:11,7.59,Alistair's Apple Watch
2026-03-24,12:31:28,7.69,Alistair's Apple Watch
2026-03-24,12:31:44,7.69,Alistair's Apple Watch
2026-03-24,12:32:00,7.79,Alistair's Apple Watch
2026-03-24,12:32:16,7.79,Alistair's Apple Watch
2026-03-24,12:32:32,7.89,Alistair's Apple Watch
2026-03-24,12:32:51,7.69,Alistair's Apple Watch
2026-03-24,12:33:11,7.69,Alistair's Apple Watch
2026-03-24,12:33:27,7.79,Alistair's Apple Watch
2026-03-24,12:33:44,7.89,Alistair's Apple Watch
2026-03-24,12:34:11,7.89,Alistair's Apple Watch
2026-03-24,12:34:29,7.79,Alistair's Apple Watch
2026-03-24,12:34:48,7.69,Alistair's Apple Watch
2026-03-24,12:35:24,7.69,Alistair's Apple Watch
2026-03-24,12:35:57,7.79,Alistair's Apple Watch
2026-03-24,12:36:13,7.89,Alistair's Apple Watch
2026-03-24,12:36:28,7.79,Alistair's Apple Watch
2026-03-24,12:36:46,7.69,Alistair's Apple Watch
2026-03-24,12:37:03,7.69,Alistair's Apple Watch
2026-03-24,12:37:20,7.59,Alistair's Apple Watch
2026-03-24,12:37:36,7.69,Alistair's Apple Watch
2026-03-24,12:37:52,7.59,Alistair's Apple Watch
2026-03-24,12:38:08,7.69,Alistair's Apple Watch
2026-03-24,12:38:23,7.59,Alistair's Apple Watch
2026-03-24,12:38:42,7.59,Alistair's Apple Watch
2026-03-24,12:38:59,7.59,Alistair's Apple Watch
2026-03-24,12:39:20,7.69,Alistair's Apple Watch
2026-03-24,12:39:54,7.59,Alistair's Apple Watch
2026-03-24,12:40:12,7.59,Alistair's Apple Watch
2026-03-24,12:40:27,7.69,Alistair's Apple Watch
2026-03-24,12:40:47,7.79,Alistair's Apple Watch
2026-03-24,12:41:03,7.59,Alistair's Apple Watch
2026-03-24,12:41:21,7.59,Alistair's Apple Watch
2026-03-24,12:41:39,7.69,Alistair's Apple Watch
2026-03-24,12:42:06,7.79,Alistair's Apple Watch
2026-03-24,12:42:32,7.79,Alistair's Apple Watch
2026-03-25,10:07:04,17.61,Alistair's Apple Watch
2026-03-25,10:09:44,7.69,Alistair's Apple Watch
2026-03-25,10:10:00,7.49,Alistair's Apple Watch
2026-03-25,10:10:22,7.59,Alistair's Apple Watch
2026-03-25,10:10:39,7.49,Alistair's Apple Watch
2026-03-25,10:10:54,7.49,Alistair's Apple Watch
2026-03-25,10:11:09,7.49,Alistair's Apple Watch
2026-03-25,10:11:31,7.69,Alistair's Apple Watch
2026-03-25,10:11:47,7.29,Alistair's Apple Watch
2026-03-25,10:12:04,7.39,Alistair's Apple Watch
2026-03-25,10:12:19,7.29,Alistair's Apple Watch
2026-03-25,10:12:36,7.39,Alistair's Apple Watch
2026-03-25,10:12:52,7.39,Alistair's Apple Watch
2026-03-25,10:13:07,7.49,Alistair's Apple Watch
2026-03-25,10:13:23,7.39,Alistair's Apple Watch
2026-03-25,10:13:41,7.39,Alistair's Apple Watch
2026-03-25,10:14:04,7.39,Alistair's Apple Watch
2026-03-25,10:14:19,7.69,Alistair's Apple Watch
2026-03-25,10:14:38,7.59,Alistair's Apple Watch
2026-03-25,10:14:55,7.59,Alistair's Apple Watch
2026-03-25,10:15:11,7.49,Alistair's Apple Watch
2026-03-25,10:15:29,7.19,Alistair's Apple Watch
2026-03-25,10:15:58,7.29,Alistair's Apple Watch
2026-03-25,10:16:02,7.79,Alistair's Apple Watch
2026-03-25,10:16:17,7.99,Alistair's Apple Watch
2026-03-25,10:16:35,7.79,Alistair's Apple Watch
2026-03-25,10:16:52,7.79,Alistair's Apple Watch
2026-03-25,10:17:08,7.49,Alistair's Apple Watch
2026-03-25,10:17:25,7.59,Alistair's Apple Watch
2026-03-25,10:17:41,7.29,Alistair's Apple Watch
2026-03-25,10:17:57,7.39,Alistair's Apple Watch
2026-03-25,10:18:13,7.29,Alistair's Apple Watch
2026-03-25,10:18:28,7.29,Alistair's Apple Watch
2026-03-25,10:18:44,7.21,Alistair's Apple Watch
2026-03-25,10:19:00,7.19,Alistair's Apple Watch
2026-03-25,10:19:16,7.19,Alistair's Apple Watch
2026-03-25,10:19:32,7.19,Alistair's Apple Watch
2026-03-25,10:19:48,7.39,Alistair's Apple Watch
2026-03-25,10:20:03,7.49,Alistair's Apple Watch
2026-03-25,10:20:18,7.69,Alistair's Apple Watch
2026-03-25,10:20:34,7.49,Alistair's Apple Watch
2026-03-25,10:20:49,8.64,Alistair's Apple Watch
2026-03-25,10:20:53,7.79,Alistair's Apple Watch
2026-03-25,10:21:10,7.39,Alistair's Apple Watch
2026-03-25,10:21:25,7.09,Alistair's Apple Watch
2026-03-25,10:21:41,6.99,Alistair's Apple Watch
2026-03-26,10:09:33,13.81,Alistair's Apple Watch
2026-03-26,10:09:35,8.1,Alistair's Apple Watch
2026-03-26,10:09:41,7.31,Alistair's Apple Watch
2026-03-26,10:10:22,8.79,Alistair's Apple Watch
2026-03-26,10:11:04,11.69,Alistair's Apple Watch
2026-03-26,10:11:04,12.64,Alistair's Apple Watch
2026-03-26,10:11:05,13.87,Alistair's Apple Watch
2026-03-26,10:11:12,12.91,Alistair's Apple Watch
2026-03-26,10:11:14,10.43,Alistair's Apple Watch
2026-03-26,10:11:16,12.39,Alistair's Apple Watch
2026-03-26,10:14:01,10.99,Alistair's Apple Watch
2026-03-26,10:14:21,10.89,Alistair's Apple Watch
2026-03-26,10:14:25,10.01,Alistair's Apple Watch
2026-03-26,10:14:42,10.69,Alistair's Apple Watch
2026-03-26,10:14:57,9.79,Alistair's Apple Watch
2026-03-26,10:14:58,7.88,Alistair's Apple Watch
2026-03-26,10:15:16,9.97,Alistair's Apple Watch
2026-03-26,10:15:16,9.09,Alistair's Apple Watch
2026-03-26,10:15:34,8.99,Alistair's Apple Watch
2026-03-26,10:15:41,10.14,Alistair's Apple Watch
2026-03-26,10:15:45,7.81,Alistair's Apple Watch
2026-03-26,10:15:47,6.83,Alistair's Apple Watch
2026-03-26,10:15:49,7.51,Alistair's Apple Watch
2026-03-26,10:16:05,7.39,Alistair's Apple Watch
2026-03-26,10:16:47,9.39,Alistair's Apple Watch
2026-03-26,10:17:07,8.41,Alistair's Apple Watch
2026-03-26,10:17:12,8.99,Alistair's Apple Watch
2026-03-26,10:17:29,8.28,Alistair's Apple Watch
2026-03-26,10:17:33,8.99,Alistair's Apple Watch
2026-03-26,10:17:41,10.24,Alistair's Apple Watch
2026-03-26,10:17:56,8.11,Alistair's Apple Watch
2026-03-26,10:17:56,9.01,Alistair's Apple Watch
2026-03-26,10:18:04,10.44,Alistair's Apple Watch
2026-03-26,10:18:20,10.59,Alistair's Apple Watch
2026-03-26,10:18:36,10.89,Alistair's Apple Watch
2026-03-26,10:19:42,8.18,Alistair's Apple Watch
2026-03-26,10:19:46,10.47,Alistair's Apple Watch
2026-03-26,10:19:46,9.49,Alistair's Apple Watch
2026-03-26,10:20:01,7.68,Alistair's Apple Watch
2026-03-26,10:20:06,10.89,Alistair's Apple Watch
2026-03-26,10:20:22,11.11,Alistair's Apple Watch
2026-03-26,10:20:25,9.78,Alistair's Apple Watch
2026-03-26,10:20:28,10.29,Alistair's Apple Watch
2026-03-26,10:20:54,9.28,Alistair's Apple Watch
2026-03-26,10:21:02,7.78,Alistair's Apple Watch
2026-03-26,10:21:32,8.39,Alistair's Apple Watch
2026-03-26,10:21:39,8.89,Alistair's Apple Watch
2026-03-26,10:22:14,9.69,Alistair's Apple Watch
2026-03-26,10:22:14,7.71,Alistair's Apple Watch
2026-03-26,10:22:17,8.71,Alistair's Apple Watch
2026-03-27,12:25:31,18.04,Alistair's Apple Watch
2026-03-27,12:25:31,15.38,Alistair's Apple Watch
2026-03-27,12:26:41,9.21,Alistair's Apple Watch
2026-03-27,12:26:53,8.61,Alistair's Apple Watch
2026-03-27,12:27:05,9.29,Alistair's Apple Watch
2026-03-27,12:27:14,8.69,Alistair's Apple Watch
2026-03-27,12:28:02,11.09,Alistair's Apple Watch
2026-03-27,12:28:02,9.98,Alistair's Apple Watch
2026-03-27,12:28:05,8.88,Alistair's Apple Watch
2026-03-27,12:28:13,9.39,Alistair's Apple Watch
2026-03-27,12:28:15,10.74,Alistair's Apple Watch
2026-03-27,12:31:35,10.23,Alistair's Apple Watch
2026-03-27,12:32:46,11.91,Alistair's Apple Watch
2026-03-27,12:32:46,8.58,Alistair's Apple Watch
2026-03-27,12:32:53,10.01,Alistair's Apple Watch
2026-03-27,12:33:00,9.49,Alistair's Apple Watch
2026-03-27,12:33:26,10.71,Alistair's Apple Watch
2026-03-27,12:33:30,9.38,Alistair's Apple Watch
2026-03-27,12:33:32,8.78,Alistair's Apple Watch
2026-03-27,12:33:33,7.98,Alistair's Apple Watch
2026-03-27,12:33:37,8.51,Alistair's Apple Watch
2026-03-27,12:33:52,8.01,Alistair's Apple Watch
2026-03-27,12:34:16,8.79,Alistair's Apple Watch
2026-03-27,12:34:47,9.99,Alistair's Apple Watch
2026-03-27,12:35:00,7.78,Alistair's Apple Watch
2026-03-27,12:35:08,8.39,Alistair's Apple Watch
2026-03-27,12:35:23,8.29,Alistair's Apple Watch
2026-03-27,12:35:24,7.51,Alistair's Apple Watch
2026-03-27,12:35:42,7.51,Alistair's Apple Watch
2026-03-27,12:36:06,8.69,Alistair's Apple Watch
2026-03-27,12:36:10,7.81,Alistair's Apple Watch
2026-03-27,12:36:45,7.19,Alistair's Apple Watch
2026-03-27,12:37:05,7.69,Alistair's Apple Watch
2026-03-27,12:37:26,7.31,Alistair's Apple Watch
2026-03-27,12:37:46,8.09,Alistair's Apple Watch
2026-03-27,12:37:49,7.31,Alistair's Apple Watch
2026-03-27,12:38:09,7.39,Alistair's Apple Watch
2026-03-28,10:56:35,6.49,Alistair's Apple Watch
2026-03-28,10:56:50,6.39,Alistair's Apple Watch
2026-03-28,10:57:23,7.09,Alistair's Apple Watch
2026-03-28,10:57:23,6.41,Alistair's Apple Watch
2026-03-29,11:18:49,19.58,Alistair's Apple Watch
2026-03-29,11:19:44,7.29,Alistair's Apple Watch
2026-03-29,11:20:40,7.19,Alistair's Apple Watch
2026-03-29,11:20:56,7.29,Alistair's Apple Watch
2026-03-29,11:21:12,7.19,Alistair's Apple Watch
2026-03-29,11:21:27,7.29,Alistair's Apple Watch
2026-03-29,11:21:43,7.39,Alistair's Apple Watch
2026-03-29,11:22:00,7.19,Alistair's Apple Watch
2026-03-29,11:22:17,7.19,Alistair's Apple Watch
2026-03-29,11:22:35,7.09,Alistair's Apple Watch
2026-03-29,11:22:52,7.09,Alistair's Apple Watch
2026-03-29,11:23:08,7.09,Alistair's Apple Watch
2026-03-29,11:23:24,7.09,Alistair's Apple Watch
2026-03-29,11:23:39,7.19,Alistair's Apple Watch
2026-03-29,11:23:56,7.19,Alistair's Apple Watch
2026-03-29,11:24:12,7.39,Alistair's Apple Watch
2026-03-29,11:24:30,7.39,Alistair's Apple Watch
2026-03-29,11:24:45,7.59,Alistair's Apple Watch
2026-03-29,11:25:00,7.29,Alistair's Apple Watch
2026-03-29,11:25:18,7.49,Alistair's Apple Watch
2026-03-29,11:25:51,8.99,Alistair's Apple Watch
2026-03-29,11:26:51,7.89,Alistair's Apple Watch
2026-03-29,11:27:15,7.99,Alistair's Apple Watch
2026-03-29,11:27:19,7.41,Alistair's Apple Watch
2026-03-29,11:27:35,7.19,Alistair's Apple Watch
2026-03-29,11:27:51,7.09,Alistair's Apple Watch
2026-03-29,11:28:01,8.74,Alistair's Apple Watch
2026-03-29,11:28:05,8.09,Alistair's Apple Watch
2026-03-29,11:28:23,7.69,Alistair's Apple Watch
2026-03-29,11:28:29,7.11,Alistair's Apple Watch
2026-03-29,11:29:33,6.99,Alistair's Apple Watch
2026-03-29,11:29:48,6.79,Alistair's Apple Watch
2026-03-29,11:30:05,7.19,Alistair's Apple Watch
2026-03-29,11:30:23,7.69,Alistair's Apple Watch
2026-03-29,11:30:39,7.59,Alistair's Apple Watch
2026-03-29,11:30:55,7.39,Alistair's Apple Watch
2026-03-29,11:31:10,7.09,Alistair's Apple Watch
2026-03-29,11:32:13,6.89,Alistair's Apple Watch
2026-03-29,11:32:51,7.59,Alistair's Apple Watch
2026-03-29,11:33:08,7.79,Alistair's Apple Watch
2026-03-29,11:33:09,7.11,Alistair's Apple Watch
2026-03-29,11:33:29,7.09,Alistair's Apple Watch
2026-03-29,11:33:54,6.89,Alistair's Apple Watch
2026-03-29,11:34:33,7.19,Alistair's Apple Watch
2026-03-29,11:35:11,7.19,Alistair's Apple Watch
2026-03-30,14:19:52,23.88,Alistair's Apple Watch
2026-03-30,14:21:54,9.29,Alistair's Apple Watch
2026-03-30,14:23:15,7.99,Alistair's Apple Watch
2026-03-30,14:23:30,7.69,Alistair's Apple Watch
2026-03-30,14:23:46,7.69,Alistair's Apple Watch
2026-03-30,14:24:03,7.69,Alistair's Apple Watch
2026-03-30,14:24:10,8.19,Alistair's Apple Watch
2026-03-30,14:24:18,9.04,Alistair's Apple Watch
2026-03-30,14:24:20,8.29,Alistair's Apple Watch
2026-03-30,14:24:28,7.69,Alistair's Apple Watch
2026-03-30,14:24:46,7.59,Alistair's Apple Watch
2026-03-30,14:25:03,7.39,Alistair's Apple Watch
2026-03-30,14:25:25,7.29,Alistair's Apple Watch
2026-03-30,14:25:43,7.49,Alistair's Apple Watch
2026-03-30,14:26:02,7.59,Alistair's Apple Watch
2026-03-30,14:26:18,7.89,Alistair's Apple Watch
2026-03-30,14:26:33,7.69,Alistair's Apple Watch
2026-03-30,14:26:50,7.69,Alistair's Apple Watch
2026-03-30,14:27:09,7.79,Alistair's Apple Watch
2026-03-30,14:27:24,7.69,Alistair's Apple Watch
2026-03-30,14:27:39,7.69,Alistair's Apple Watch
2026-03-30,14:28:42,7.99,Alistair's Apple Watch
2026-03-30,14:28:52,7.49,Alistair's Apple Watch
2026-03-30,14:29:10,7.19,Alistair's Apple Watch
2026-03-30,14:29:26,7.19,Alistair's Apple Watch
2026-03-30,14:29:41,7.19,Alistair's Apple Watch
2026-03-30,14:29:57,7.29,Alistair's Apple Watch
2026-03-30,14:30:19,7.29,Alistair's Apple Watch
2026-03-30,14:30:35,7.09,Alistair's Apple Watch
2026-03-30,14:30:50,7.09,Alistair's Apple Watch
2026-03-30,14:31:06,7.09,Alistair's Apple Watch
2026-03-30,14:31:24,7.09,Alistair's Apple Watch
2026-03-30,14:31:40,7.09,Alistair's Apple Watch
2026-03-30,14:31:57,7.09,Alistair's Apple Watch
2026-03-30,14:32:13,7.39,Alistair's Apple Watch
2026-03-30,14:32:28,7.29,Alistair's Apple Watch
2026-03-30,14:32:45,7.19,Alistair's Apple Watch
2026-03-30,14:33:01,6.99,Alistair's Apple Watch
2026-03-30,14:33:16,7.19,Alistair's Apple Watch
2026-03-30,14:33:33,7.09,Alistair's Apple Watch
2026-03-30,14:33:52,7.19,Alistair's Apple Watch
2026-03-30,14:34:09,7.09,Alistair's Apple Watch
2026-03-30,14:34:24,7.09,Alistair's Apple Watch
2026-03-30,14:34:43,7.09,Alistair's Apple Watch
2026-03-30,14:35:00,7.09,Alistair's Apple Watch
2026-03-30,14:35:18,6.99,Alistair's Apple Watch
2026-03-30,14:35:34,6.89,Alistair's Apple Watch
2026-03-30,14:35:52,6.99,Alistair's Apple Watch
2026-03-30,14:36:11,6.99,Alistair's Apple Watch
2026-03-30,14:36:27,6.99,Alistair's Apple Watch
2026-03-30,14:36:43,6.99,Alistair's Apple Watch
2026-03-30,14:37:02,6.99,Alistair's Apple Watch
2026-03-30,14:37:19,6.99,Alistair's Apple Watch
2026-03-30,14:37:35,7.09,Alistair's Apple Watch
2026-03-30,14:38:10,7.09,Alistair's Apple Watch
2026-03-30,14:38:26,7.39,Alistair's Apple Watch
2026-03-30,14:42:40,11.89,Alistair's Apple Watch
2026-03-31,11:19:51,23.58,Alistair's Apple Watch
2026-03-31,11:20:33,8.79,Alistair's Apple Watch
2026-03-31,11:20:43,8.29,Alistair's Apple Watch
2026-03-31,11:20:59,8.39,Alistair's Apple Watch
2026-03-31,11:21:14,8.19,Alistair's Apple Watch
2026-03-31,11:21:32,8.09,Alistair's Apple Watch
2026-03-31,11:21:48,8.29,Alistair's Apple Watch
2026-03-31,11:22:04,8.09,Alistair's Apple Watch
2026-03-31,11:22:21,7.99,Alistair's Apple Watch
2026-03-31,11:22:44,8.29,Alistair's Apple Watch
2026-03-31,11:23:02,7.99,Alistair's Apple Watch
2026-03-31,11:23:18,8.39,Alistair's Apple Watch
2026-03-31,11:23:36,8.49,Alistair's Apple Watch
2026-03-31,11:24:00,8.29,Alistair's Apple Watch
2026-03-31,11:24:18,8.49,Alistair's Apple Watch
2026-03-31,11:24:35,8.19,Alistair's Apple Watch
2026-03-31,11:24:53,7.99,Alistair's Apple Watch
2026-03-31,11:25:09,7.79,Alistair's Apple Watch
2026-03-31,11:25:24,7.69,Alistair's Apple Watch
2026-03-31,11:25:51,7.59,Alistair's Apple Watch
2026-03-31,11:26:07,7.59,Alistair's Apple Watch
2026-03-31,11:26:22,7.49,Alistair's Apple Watch
2026-03-31,11:26:39,7.39,Alistair's Apple Watch
2026-03-31,11:26:59,7.39,Alistair's Apple Watch
2026-03-31,11:27:16,7.19,Alistair's Apple Watch
2026-03-31,11:27:35,7.29,Alistair's Apple Watch
2026-03-31,11:27:53,7.49,Alistair's Apple Watch
2026-03-31,11:28:09,7.69,Alistair's Apple Watch
2026-03-31,11:28:32,7.59,Alistair's Apple Watch
2026-03-31,11:28:47,7.49,Alistair's Apple Watch
2026-03-31,11:29:03,7.39,Alistair's Apple Watch
2026-03-31,11:29:19,7.49,Alistair's Apple Watch
2026-03-31,11:29:44,7.49,Alistair's Apple Watch
2026-03-31,11:30:00,7.59,Alistair's Apple Watch
2026-03-31,11:30:24,7.69,Alistair's Apple Watch
2026-03-31,11:30:42,7.69,Alistair's Apple Watch
2026-03-31,11:30:57,7.69,Alistair's Apple Watch
2026-03-31,11:31:13,7.69,Alistair's Apple Watch
2026-03-31,11:31:38,7.89,Alistair's Apple Watch
2026-03-31,11:32:01,7.69,Alistair's Apple Watch
2026-03-31,11:32:16,7.59,Alistair's Apple Watch
2026-03-31,11:32:33,7.69,Alistair's Apple Watch
2026-03-31,11:32:49,7.49,Alistair's Apple Watch
2026-03-31,11:33:07,7.59,Alistair's Apple Watch
2026-03-31,11:33:23,7.49,Alistair's Apple Watch
2026-03-31,11:33:39,7.49,Alistair's Apple Watch
2026-03-31,11:33:59,7.49,Alistair's Apple Watch
2026-03-31,11:34:19,7.49,Alistair's Apple Watch
2026-03-31,11:34:35,7.49,Alistair's Apple Watch
2026-03-31,11:34:51,7.39,Alistair's Apple Watch
2026-03-31,11:35:10,7.39,Alistair's Apple Watch
2026-03-31,11:35:32,7.59,Alistair's Apple Watch
2026-03-31,11:35:56,7.49,Alistair's Apple Watch
2026-03-31,11:36:15,7.49,Alistair's Apple Watch
2026-03-31,11:36:35,7.49,Alistair's Apple Watch
2026-03-31,11:36:50,7.49,Alistair's Apple Watch
2026-03-31,11:37:07,7.49,Alistair's Apple Watch
2026-03-31,11:37:27,7.49,Alistair's Apple Watch
2026-03-31,11:37:42,7.49,Alistair's Apple Watch
2026-03-31,11:38:04,7.59,Alistair's Apple Watch
2026-03-31,11:38:24,7.59,Alistair's Apple Watch
2026-03-31,11:38:40,7.79,Alistair's Apple Watch
2026-03-31,11:38:56,7.89,Alistair's Apple Watch
2026-03-31,11:39:11,7.89,Alistair's Apple Watch
2026-03-31,11:39:29,7.99,Alistair's Apple Watch
2026-04-01,18:45:56,23.61,Alistair's Apple Watch
2026-04-01,18:45:59,5.46,Alistair's Apple Watch
2026-04-01,18:46:02,6.6,Alistair's Apple Watch
2026-04-01,18:46:04,9.59,Alistair's Apple Watch
2026-04-01,18:46:21,9.01,Alistair's Apple Watch
2026-04-01,18:46:40,8.99,Alistair's Apple Watch
2026-04-01,18:46:57,8.99,Alistair's Apple Watch
2026-04-01,18:47:13,8.79,Alistair's Apple Watch
2026-04-01,18:47:45,8.49,Alistair's Apple Watch
2026-04-01,18:48:02,8.49,Alistair's Apple Watch
2026-04-01,18:48:18,8.29,Alistair's Apple Watch
2026-04-01,18:48:38,8.19,Alistair's Apple Watch
2026-04-01,18:48:56,7.89,Alistair's Apple Watch
2026-04-01,18:49:13,8.09,Alistair's Apple Watch
2026-04-01,18:49:29,7.99,Alistair's Apple Watch
2026-04-01,18:49:48,7.79,Alistair's Apple Watch
2026-04-01,18:50:08,7.99,Alistair's Apple Watch
2026-04-01,18:50:23,8.09,Alistair's Apple Watch
2026-04-01,18:50:38,8.29,Alistair's Apple Watch
2026-04-01,18:51:02,8.09,Alistair's Apple Watch
2026-04-01,18:51:18,7.89,Alistair's Apple Watch
2026-04-01,18:51:33,7.99,Alistair's Apple Watch
2026-04-01,18:51:49,8.09,Alistair's Apple Watch
2026-04-01,18:52:05,8.09,Alistair's Apple Watch
2026-04-01,18:52:21,8.09,Alistair's Apple Watch
2026-04-01,18:52:38,8.19,Alistair's Apple Watch
2026-04-01,18:52:57,8.19,Alistair's Apple Watch
2026-04-01,18:53:13,8.19,Alistair's Apple Watch
2026-04-01,18:53:30,8.19,Alistair's Apple Watch
2026-04-01,18:53:53,8.09,Alistair's Apple Watch
2026-04-01,18:54:08,8.19,Alistair's Apple Watch
2026-04-01,18:54:33,8.19,Alistair's Apple Watch
2026-04-01,18:54:48,8.29,Alistair's Apple Watch
2026-04-01,18:55:15,8.09,Alistair's Apple Watch
2026-04-01,18:55:32,7.99,Alistair's Apple Watch
2026-04-01,18:55:48,7.99,Alistair's Apple Watch
2026-04-01,18:56:03,7.89,Alistair's Apple Watch
2026-04-01,18:56:21,7.89,Alistair's Apple Watch
2026-04-01,18:56:36,7.79,Alistair's Apple Watch
2026-04-01,18:56:55,7.79,Alistair's Apple Watch
2026-04-01,18:57:10,7.89,Alistair's Apple Watch
2026-04-01,18:57:26,7.89,Alistair's Apple Watch
2026-04-01,18:57:42,7.79,Alistair's Apple Watch
2026-04-01,18:57:59,7.89,Alistair's Apple Watch
2026-04-01,18:58:15,7.79,Alistair's Apple Watch
2026-04-01,18:58:32,7.79,Alistair's Apple Watch
2026-04-01,18:58:50,7.89,Alistair's Apple Watch
2026-04-01,18:59:05,7.79,Alistair's Apple Watch
2026-04-01,18:59:22,7.79,Alistair's Apple Watch
2026-04-01,18:59:37,7.89,Alistair's Apple Watch
2026-04-01,18:59:55,7.89,Alistair's Apple Watch
2026-04-01,19:00:14,7.79,Alistair's Apple Watch
2026-04-01,19:00:33,7.79,Alistair's Apple Watch
2026-04-01,19:00:48,7.79,Alistair's Apple Watch
2026-04-01,19:01:07,7.89,Alistair's Apple Watch
2026-04-01,19:01:24,7.89,Alistair's Apple Watch
2026-04-01,19:01:40,7.69,Alistair's Apple Watch
2026-04-02,09:18:48,18.19,Alistair's Apple Watch
2026-04-02,09:21:37,7.89,Alistair's Apple Watch
2026-04-02,09:22:54,7.89,Alistair's Apple Watch
2026-04-02,09:23:20,7.69,Alistair's Apple Watch
2026-04-02,09:23:36,7.89,Alistair's Apple Watch
2026-04-02,09:23:53,7.89,Alistair's Apple Watch
2026-04-02,09:24:07,8.39,Alistair's Apple Watch
2026-04-02,09:24:22,8.29,Alistair's Apple Watch
2026-04-02,09:24:40,7.89,Alistair's Apple Watch
2026-04-02,09:24:55,7.99,Alistair's Apple Watch
2026-04-02,09:25:11,7.99,Alistair's Apple Watch
2026-04-02,09:25:28,7.99,Alistair's Apple Watch
2026-04-02,09:26:30,8.29,Alistair's Apple Watch
2026-04-02,09:27:08,7.79,Alistair's Apple Watch
2026-04-02,09:27:30,7.89,Alistair's Apple Watch
2026-04-02,09:27:45,7.59,Alistair's Apple Watch
2026-04-02,09:29:25,8.19,Alistair's Apple Watch
2026-04-02,09:30:24,7.59,Alistair's Apple Watch
2026-04-02,09:30:48,7.59,Alistair's Apple Watch
2026-04-02,09:31:08,7.59,Alistair's Apple Watch
2026-04-02,09:31:37,7.69,Alistair's Apple Watch
2026-04-02,09:32:02,7.89,Alistair's Apple Watch
2026-04-02,09:32:19,7.49,Alistair's Apple Watch
2026-04-02,09:32:53,7.91,Alistair's Apple Watch
2026-04-05,15:00:19,20.81,Alistair's Apple Watch
2026-04-05,15:00:40,9.81,Alistair's Apple Watch
2026-04-05,15:01:29,9.59,Alistair's Apple Watch
2026-04-05,15:01:45,9.49,Alistair's Apple Watch
2026-04-05,15:02:03,9.49,Alistair's Apple Watch
2026-04-05,15:02:49,9.49,Alistair's Apple Watch
2026-04-05,15:03:04,9.39,Alistair's Apple Watch
2026-04-05,15:03:20,9.39,Alistair's Apple Watch
2026-04-05,15:03:36,9.39,Alistair's Apple Watch
2026-04-05,15:04:02,9.39,Alistair's Apple Watch
2026-04-05,15:04:17,9.49,Alistair's Apple Watch
2026-04-05,15:04:34,9.39,Alistair's Apple Watch
2026-04-05,15:04:52,9.39,Alistair's Apple Watch
2026-04-05,15:05:08,9.39,Alistair's Apple Watch
2026-04-05,15:05:45,9.59,Alistair's Apple Watch
2026-04-05,15:06:01,9.49,Alistair's Apple Watch
2026-04-05,15:07:43,12.29,Alistair's Apple Watch
2026-04-07,16:41:29,22.08,Alistair's Apple Watch
2026-04-07,16:41:38,11.43,Alistair's Apple Watch
2026-04-07,16:41:39,12.41,Alistair's Apple Watch
2026-04-07,16:41:52,11.79,Alistair's Apple Watch
2026-04-07,16:42:07,11.79,Alistair's Apple Watch
2026-04-07,16:42:26,11.49,Alistair's Apple Watch
2026-04-07,16:42:45,11.39,Alistair's Apple Watch
2026-04-07,16:43:00,11.59,Alistair's Apple Watch
2026-04-07,16:43:17,11.79,Alistair's Apple Watch
2026-04-07,16:43:33,11.89,Alistair's Apple Watch
2026-04-07,16:43:50,11.39,Alistair's Apple Watch
2026-04-07,16:44:05,11.49,Alistair's Apple Watch
2026-04-07,16:44:21,11.49,Alistair's Apple Watch
2026-04-07,16:44:37,11.29,Alistair's Apple Watch
2026-04-07,16:44:53,11.19,Alistair's Apple Watch
2026-04-07,16:45:10,11.19,Alistair's Apple Watch
2026-04-07,16:45:25,11.19,Alistair's Apple Watch
2026-04-07,16:45:42,11.09,Alistair's Apple Watch
2026-04-07,16:46:00,11.09,Alistair's Apple Watch
2026-04-07,16:46:23,11.09,Alistair's Apple Watch
2026-04-07,16:46:38,11.19,Alistair's Apple Watch
2026-04-07,16:46:53,11.29,Alistair's Apple Watch
2026-04-07,16:47:13,11.39,Alistair's Apple Watch
2026-04-07,16:47:31,11.49,Alistair's Apple Watch
2026-04-07,16:47:47,11.39,Alistair's Apple Watch
2026-04-07,16:48:02,11.39,Alistair's Apple Watch
2026-04-07,16:48:19,11.39,Alistair's Apple Watch
2026-04-07,16:48:35,11.49,Alistair's Apple Watch
2026-04-07,16:48:54,11.39,Alistair's Apple Watch
2026-04-07,16:49:12,11.29,Alistair's Apple Watch
2026-04-07,16:49:27,11.29,Alistair's Apple Watch
2026-04-07,16:49:44,11.19,Alistair's Apple Watch
2026-04-07,16:50:00,11.39,Alistair's Apple Watch
2026-04-07,16:50:20,11.29,Alistair's Apple Watch
2026-04-07,16:50:37,11.29,Alistair's Apple Watch
2026-04-07,16:50:53,11.39,Alistair's Apple Watch
2026-04-07,16:51:09,11.39,Alistair's Apple Watch
2026-04-07,16:51:25,11.39,Alistair's Apple Watch
2026-04-07,16:51:45,11.09,Alistair's Apple Watch
2026-04-07,16:52:02,11.39,Alistair's Apple Watch
2026-04-07,16:52:17,11.39,Alistair's Apple Watch
2026-04-07,16:52:39,11.39,Alistair's Apple Watch
2026-04-07,16:52:55,11.29,Alistair's Apple Watch
2026-04-07,16:53:11,11.29,Alistair's Apple Watch
2026-04-08,11:32:33,26.19,Alistair's Apple Watch
2026-04-08,11:33:38,26.29,Alistair's Apple Watch
2026-04-08,11:34:17,26.29,Alistair's Apple Watch
2026-04-08,11:35:02,26.19,Alistair's Apple Watch
2026-04-08,11:35:22,26.19,Alistair's Apple Watch
2026-04-08,11:35:54,26.19,Alistair's Apple Watch
2026-04-08,11:36:19,26.39,Alistair's Apple Watch
2026-04-08,11:36:42,26.49,Alistair's Apple Watch
2026-04-08,11:53:00,28.99,Alistair's Apple Watch
2026-04-08,11:53:00,27.31,Alistair's Apple Watch
2026-04-08,11:53:01,26.31,Alistair's Apple Watch
2026-04-08,11:53:04,26.81,Alistair's Apple Watch
2026-04-08,11:53:20,26.59,Alistair's Apple Watch
2026-04-08,11:53:39,26.49,Alistair's Apple Watch
2026-04-08,11:53:54,26.69,Alistair's Apple Watch
2026-04-08,11:54:12,26.49,Alistair's Apple Watch
2026-04-08,11:54:28,26.29,Alistair's Apple Watch
2026-04-08,11:54:48,26.29,Alistair's Apple Watch
2026-04-08,11:55:04,26.29,Alistair's Apple Watch
2026-04-08,11:55:23,26.19,Alistair's Apple Watch
2026-04-08,11:55:38,26.29,Alistair's Apple Watch
2026-04-08,11:55:56,26.39,Alistair's Apple Watch
2026-04-08,11:56:12,26.29,Alistair's Apple Watch
2026-04-08,11:56:29,26.29,Alistair's Apple Watch
2026-04-08,11:56:44,26.39,Alistair's Apple Watch
2026-04-08,11:57:01,26.39,Alistair's Apple Watch
2026-04-08,11:57:20,26.39,Alistair's Apple Watch
2026-04-08,11:57:35,26.39,Alistair's Apple Watch
2026-04-08,11:57:52,26.29,Alistair's Apple Watch
2026-04-08,11:58:07,26.29,Alistair's Apple Watch
2026-04-08,11:58:23,26.29,Alistair's Apple Watch
2026-04-08,11:58:39,26.29,Alistair's Apple Watch
2026-04-08,11:58:56,26.29,Alistair's Apple Watch
2026-04-08,11:59:13,26.29,Alistair's Apple Watch
2026-04-08,11:59:30,26.29,Alistair's Apple Watch
2026-04-08,12:00:47,26.39,Alistair's Apple Watch
2026-04-08,12:01:10,26.49,Alistair's Apple Watch
2026-04-08,12:01:27,26.19,Alistair's Apple Watch
2026-04-08,12:01:43,26.29,Alistair's Apple Watch
2026-04-08,12:02:00,26.49,Alistair's Apple Watch
2026-04-08,12:02:17,26.49,Alistair's Apple Watch
2026-04-08,12:02:35,26.29,Alistair's Apple Watch
2026-04-08,12:03:03,26.29,Alistair's Apple Watch
2026-04-08,12:03:20,26.49,Alistair's Apple Watch
2026-04-08,12:03:41,26.49,Alistair's Apple Watch
2026-04-08,12:03:56,26.29,Alistair's Apple Watch
2026-04-08,12:04:12,26.29,Alistair's Apple Watch
2026-04-08,12:04:34,26.59,Alistair's Apple Watch
2026-04-08,12:04:50,26.59,Alistair's Apple Watch
2026-04-08,12:05:05,26.59,Alistair's Apple Watch
2026-04-08,12:05:22,26.49,Alistair's Apple Watch
2026-04-08,12:06:01,26.39,Alistair's Apple Watch
2026-04-08,12:12:32,26.09,Alistair's Apple Watch
2026-04-08,12:12:58,26.39,Alistair's Apple Watch
2026-04-08,12:13:13,26.29,Alistair's Apple Watch
2026-04-08,12:13:30,26.29,Alistair's Apple Watch
2026-04-08,12:13:46,26.29,Alistair's Apple Watch
2026-04-08,12:14:14,26.29,Alistair's Apple Watch
2026-04-08,12:14:30,26.29,Alistair's Apple Watch
2026-04-08,12:14:46,26.29,Alistair's Apple Watch
2026-04-08,12:15:31,26.29,Alistair's Apple Watch
2026-04-08,12:15:48,26.29,Alistair's Apple Watch
2026-04-08,12:16:05,26.29,Alistair's Apple Watch
2026-04-08,12:16:20,26.29,Alistair's Apple Watch
2026-04-08,12:16:37,26.29,Alistair's Apple Watch
2026-04-08,12:16:53,26.29,Alistair's Apple Watch
2026-04-08,12:17:08,26.29,Alistair's Apple Watch
2026-04-08,12:17:26,26.29,Alistair's Apple Watch
2026-04-08,12:17:42,26.29,Alistair's Apple Watch
2026-04-08,12:17:59,26.29,Alistair's Apple Watch
2026-04-08,12:18:19,26.29,Alistair's Apple Watch
2026-04-08,12:18:49,26.29,Alistair's Apple Watch
2026-04-08,12:19:06,26.29,Alistair's Apple Watch
2026-04-08,12:19:21,26.29,Alistair's Apple Watch
2026-04-08,12:19:41,26.29,Alistair's Apple Watch
2026-04-08,12:19:59,26.29,Alistair's Apple Watch
2026-04-08,12:20:16,26.29,Alistair's Apple Watch
2026-04-08,12:20:34,26.29,Alistair's Apple Watch
2026-04-08,12:20:50,26.29,Alistair's Apple Watch
2026-04-08,12:21:07,26.29,Alistair's Apple Watch
2026-04-08,12:21:26,26.29,Alistair's Apple Watch
2026-04-08,12:21:43,26.29,Alistair's Apple Watch
2026-04-08,12:21:59,26.29,Alistair's Apple Watch
2026-04-08,12:22:15,26.29,Alistair's Apple Watch
2026-04-08,12:22:31,26.29,Alistair's Apple Watch
2026-04-08,12:22:47,26.29,Alistair's Apple Watch
2026-04-08,12:23:03,26.39,Alistair's Apple Watch
2026-04-08,12:23:20,26.39,Alistair's Apple Watch
2026-04-08,12:23:35,26.39,Alistair's Apple Watch
2026-04-08,12:23:52,26.39,Alistair's Apple Watch
2026-04-08,12:24:09,26.39,Alistair's Apple Watch
2026-04-08,12:24:25,26.39,Alistair's Apple Watch
2026-04-08,12:24:42,26.39,Alistair's Apple Watch
2026-04-08,12:25:00,26.29,Alistair's Apple Watch
2026-04-08,12:25:15,26.39,Alistair's Apple Watch
2026-04-08,12:25:30,26.39,Alistair's Apple Watch
2026-04-08,12:25:48,26.29,Alistair's Apple Watch
2026-04-08,12:26:18,26.39,Alistair's Apple Watch
2026-04-08,12:26:36,26.29,Alistair's Apple Watch
2026-04-08,12:28:59,27.99,Alistair's Apple Watch
2026-04-08,12:28:59,30.67,Alistair's Apple Watch
2026-04-08,12:29:02,29.29,Alistair's Apple Watch
2026-04-08,12:29:15,32.98,Alistair's Apple Watch
2026-04-08,12:29:18,32.04,Alistair's Apple Watch
2026-04-08,12:29:21,31.29,Alistair's Apple Watch
2026-04-08,12:30:21,32.09,Alistair's Apple Watch
2026-04-08,12:31:52,32.59,Alistair's Apple Watch
2026-04-10,18:47:21,7.79,Alistair's Apple Watch
2026-04-10,18:48:13,7.39,Alistair's Apple Watch
2026-04-10,18:48:33,7.49,Alistair's Apple Watch
2026-04-10,18:48:51,7.59,Alistair's Apple Watch
2026-04-10,18:49:07,7.59,Alistair's Apple Watch
2026-04-11,08:23:55,13.79,Alistair's Apple Watch
2026-04-11,08:24:30,11.51,Alistair's Apple Watch
2026-04-11,08:24:46,11.89,Alistair's Apple Watch
2026-04-11,08:26:15,8.79,Alistair's Apple Watch
2026-04-11,08:26:25,8.11,Alistair's Apple Watch
2026-04-11,08:26:54,9.19,Alistair's Apple Watch
2026-04-11,08:27:10,9.69,Alistair's Apple Watch
2026-04-11,08:27:59,10.29,Alistair's Apple Watch
2026-04-11,08:28:25,8.28,Alistair's Apple Watch
2026-04-11,08:28:50,9.21,Alistair's Apple Watch
2026-04-11,08:28:50,7.98,Alistair's Apple Watch
2026-04-11,08:29:31,8.51,Alistair's Apple Watch
2026-04-11,08:29:58,10.09,Alistair's Apple Watch
2026-04-11,08:31:03,10.79,Alistair's Apple Watch
2026-04-11,08:31:03,8.91,Alistair's Apple Watch
2026-04-11,08:31:17,9.59,Alistair's Apple Watch
2026-04-11,08:35:03,12.59,Alistair's Apple Watch
2026-04-11,08:35:12,9.81,Alistair's Apple Watch
2026-04-11,08:35:16,8.93,Alistair's Apple Watch
2026-04-11,08:35:17,9.69,Alistair's Apple Watch
2026-04-11,08:36:01,8.89,Alistair's Apple Watch
2026-04-11,09:57:10,29.07,Alistair's Apple Watch
2026-04-11,09:57:10,28.19,Alistair's Apple Watch
2026-04-12,11:17:25,21.7,Alistair's Apple Watch
2026-04-12,11:17:26,8.37,Alistair's Apple Watch
2026-04-12,11:17:30,9.6,Alistair's Apple Watch
2026-04-12,11:17:52,9.29,Alistair's Apple Watch
2026-04-12,11:17:53,8.71,Alistair's Apple Watch
2026-04-12,11:18:32,8.51,Alistair's Apple Watch
2026-04-12,11:18:35,9.09,Alistair's Apple Watch
2026-04-12,11:18:40,7.88,Alistair's Apple Watch
2026-04-12,11:18:59,8.19,Alistair's Apple Watch
2026-04-12,11:20:03,7.99,Alistair's Apple Watch
2026-04-12,11:21:52,7.59,Alistair's Apple Watch
2026-04-12,11:22:09,7.59,Alistair's Apple Watch
2026-04-12,11:22:24,7.79,Alistair's Apple Watch
2026-04-12,11:22:40,7.89,Alistair's Apple Watch
2026-04-12,11:22:56,7.79,Alistair's Apple Watch
2026-04-12,11:39:01,7.49,Alistair's Apple Watch
2026-04-12,11:41:30,10.59,Alistair's Apple Watch
2026-04-12,11:41:55,10.89,Alistair's Apple Watch
2026-04-12,11:42:33,10.99,Alistair's Apple Watch
2026-04-12,11:42:50,11.19,Alistair's Apple Watch
2026-04-12,11:43:14,11.39,Alistair's Apple Watch
2026-04-13,07:51:41,13.61,Alistair's Apple Watch
2026-04-13,07:51:41,12.68,Alistair's Apple Watch
2026-04-13,07:51:47,13.29,Alistair's Apple Watch
2026-04-13,07:52:18,12.41,Alistair's Apple Watch
2026-04-13,07:53:21,10.59,Alistair's Apple Watch
2026-04-13,07:53:27,10.01,Alistair's Apple Watch
2026-04-13,07:53:48,10.79,Alistair's Apple Watch
2026-04-13,07:54:01,9.61,Alistair's Apple Watch
2026-04-13,07:54:09,9.11,Alistair's Apple Watch
2026-04-13,07:54:25,10.54,Alistair's Apple Watch
2026-04-13,07:55:11,9.49,Alistair's Apple Watch
2026-04-13,07:55:27,9.49,Alistair's Apple Watch
2026-04-13,07:55:49,9.31,Alistair's Apple Watch
2026-04-13,07:55:55,8.81,Alistair's Apple Watch
2026-04-13,07:56:03,7.98,Alistair's Apple Watch
2026-04-13,07:57:27,8.91,Alistair's Apple Watch
2026-04-13,07:57:39,8.31,Alistair's Apple Watch
2026-04-13,07:57:54,8.19,Alistair's Apple Watch
2026-04-13,07:58:10,7.99,Alistair's Apple Watch
2026-04-13,07:58:27,7.89,Alistair's Apple Watch
2026-04-13,07:58:43,7.69,Alistair's Apple Watch
2026-04-13,07:59:00,7.89,Alistair's Apple Watch
2026-04-13,07:59:16,7.69,Alistair's Apple Watch
2026-04-13,07:59:33,7.79,Alistair's Apple Watch
2026-04-13,08:02:39,7.51,Alistair's Apple Watch
2026-04-13,08:02:51,8.09,Alistair's Apple Watch
2026-04-13,08:04:35,7.29,Alistair's Apple Watch
2026-04-14,15:40:16,13.98,Alistair's Apple Watch
2026-04-14,15:40:31,13.89,Alistair's Apple Watch
2026-04-14,15:41:03,13.08,Alistair's Apple Watch
2026-04-14,16:25:02,14.48,Alistair's Apple Watch
2026-04-14,16:25:02,15.01,Alistair's Apple Watch
2026-04-14,16:25:03,14.08,Alistair's Apple Watch
2026-04-14,16:31:31,13.19,Alistair's Apple Watch
2026-04-15,18:41:12,25.39,Alistair's Apple Watch
2026-04-15,18:42:25,10.91,Alistair's Apple Watch
2026-04-15,18:43:04,10.59,Alistair's Apple Watch
2026-04-15,18:48:52,8.89,Alistair's Apple Watch
2026-04-15,18:49:08,8.79,Alistair's Apple Watch
2026-04-15,18:49:23,9.19,Alistair's Apple Watch
2026-04-15,18:49:37,8.69,Alistair's Apple Watch
2026-04-15,18:52:18,9.39,Alistair's Apple Watch
2026-04-15,18:53:51,8.89,Alistair's Apple Watch
2026-04-16,13:37:28,13.62,Alistair's Apple Watch
2026-04-16,13:37:28,12.29,Alistair's Apple Watch
2026-04-16,13:37:29,10.97,Alistair's Apple Watch
2026-04-16,13:37:31,11.88,Alistair's Apple Watch
2026-04-16,13:40:21,13.89,Alistair's Apple Watch
2026-04-16,13:41:17,12.39,Alistair's Apple Watch
2026-04-16,13:43:27,11.29,Alistair's Apple Watch
2026-04-16,13:43:46,11.11,Alistair's Apple Watch
2026-04-16,13:44:02,11.39,Alistair's Apple Watch
2026-04-16,13:44:18,11.69,Alistair's Apple Watch
2026-04-16,13:44:42,11.49,Alistair's Apple Watch
2026-04-16,13:45:37,11.89,Alistair's Apple Watch
2026-04-16,13:46:15,11.89,Alistair's Apple Watch
2026-04-16,13:47:46,11.41,Alistair's Apple Watch
2026-04-16,13:48:06,11.19,Alistair's Apple Watch
2026-04-16,13:49:14,10.59,Alistair's Apple Watch
2026-04-16,13:49:53,10.61,Alistair's Apple Watch
2026-04-16,13:51:20,11.19,Alistair's Apple Watch
2026-04-16,13:51:36,11.29,Alistair's Apple Watch
2026-04-16,13:51:48,10.69,Alistair's Apple Watch
2026-04-16,13:52:05,10.59,Alistair's Apple Watch
2026-04-16,13:52:22,10.69,Alistair's Apple Watch
2026-04-16,13:52:39,10.79,Alistair's Apple Watch
2026-04-16,13:52:54,10.89,Alistair's Apple Watch
2026-04-16,13:53:10,10.99,Alistair's Apple Watch
2026-04-16,13:53:27,10.99,Alistair's Apple Watch
2026-04-16,13:53:42,10.99,Alistair's Apple Watch
2026-04-16,13:53:59,10.89,Alistair's Apple Watch
2026-04-16,13:54:16,10.49,Alistair's Apple Watch
2026-04-16,13:54:52,11.19,Alistair's Apple Watch
2026-04-16,13:55:19,11.39,Alistair's Apple Watch
2026-04-16,13:55:35,11.09,Alistair's Apple Watch
2026-04-17,18:29:45,27.19,Alistair's Apple Watch
2026-04-17,18:30:30,13.99,Alistair's Apple Watch
2026-04-17,18:30:33,13.11,Alistair's Apple Watch
2026-04-17,18:30:37,12.18,Alistair's Apple Watch
2026-04-17,18:30:48,11.21,Alistair's Apple Watch
2026-04-17,18:30:49,9.01,Alistair's Apple Watch
2026-04-17,18:31:00,9.59,Alistair's Apple Watch
2026-04-17,18:31:11,10.09,Alistair's Apple Watch
2026-04-17,18:31:21,9.59,Alistair's Apple Watch
2026-04-17,18:32:12,9.51,Alistair's Apple Watch
2026-04-17,18:32:33,9.29,Alistair's Apple Watch
2026-04-17,18:34:14,8.69,Alistair's Apple Watch
2026-04-17,18:34:35,8.49,Alistair's Apple Watch
2026-04-17,18:37:04,8.19,Alistair's Apple Watch
2026-04-17,18:37:20,8.19,Alistair's Apple Watch
2026-04-17,18:38:07,8.29,Alistair's Apple Watch
2026-04-17,18:38:23,8.69,Alistair's Apple Watch
2026-04-17,18:38:39,8.49,Alistair's Apple Watch
2026-04-17,18:39:16,8.79,Alistair's Apple Watch
2026-04-17,18:39:31,8.49,Alistair's Apple Watch
2026-04-17,18:39:34,9.54,Alistair's Apple Watch
2026-04-17,18:40:08,8.19,Alistair's Apple Watch
2026-04-17,18:40:47,8.29,Alistair's Apple Watch
2026-04-17,18:41:03,7.99,Alistair's Apple Watch
2026-04-17,18:42:40,8.09,Alistair's Apple Watch
2026-04-17,18:42:58,8.09,Alistair's Apple Watch
2026-04-17,18:43:14,8.09,Alistair's Apple Watch
2026-04-17,18:43:30,8.09,Alistair's Apple Watch
2026-04-17,18:44:04,7.99,Alistair's Apple Watch
2026-04-17,18:45:13,8.09,Alistair's Apple Watch
2026-04-17,18:45:37,8.19,Alistair's Apple Watch
2026-04-17,18:45:59,8.29,Alistair's Apple Watch
2026-04-17,18:46:16,8.19,Alistair's Apple Watch
2026-04-17,18:46:31,8.09,Alistair's Apple Watch
2026-04-17,18:46:50,8.39,Alistair's Apple Watch
2026-04-17,18:47:07,8.29,Alistair's Apple Watch
2026-04-17,18:47:22,8.29,Alistair's Apple Watch
2026-04-17,18:47:45,8.79,Alistair's Apple Watch
2026-04-17,18:48:10,8.19,Alistair's Apple Watch
2026-04-17,18:48:52,8.59,Alistair's Apple Watch
2026-04-17,18:49:08,8.39,Alistair's Apple Watch
2026-04-17,18:49:30,8.29,Alistair's Apple Watch
2026-04-17,18:49:53,8.49,Alistair's Apple Watch
2026-04-18,08:20:19,7.91,Alistair's Apple Watch
2026-04-18,08:20:20,8.61,Alistair's Apple Watch
2026-04-18,08:20:35,8.09,Alistair's Apple Watch
2026-04-18,08:20:51,7.89,Alistair's Apple Watch
2026-04-18,08:21:08,7.69,Alistair's Apple Watch
2026-04-18,08:21:27,7.39,Alistair's Apple Watch
2026-04-18,08:21:43,8.39,Alistair's Apple Watch
2026-04-18,08:21:50,7.41,Alistair's Apple Watch
2026-04-18,08:22:08,7.39,Alistair's Apple Watch
2026-04-18,08:22:24,7.29,Alistair's Apple Watch
2026-04-18,08:22:48,7.39,Alistair's Apple Watch
2026-04-18,08:23:05,7.29,Alistair's Apple Watch
2026-04-18,08:23:22,7.29,Alistair's Apple Watch
2026-04-18,08:23:44,7.39,Alistair's Apple Watch
2026-04-18,08:24:00,7.29,Alistair's Apple Watch
2026-04-18,08:24:23,7.29,Alistair's Apple Watch
2026-04-18,08:24:44,7.29,Alistair's Apple Watch
2026-04-18,08:25:00,7.39,Alistair's Apple Watch
2026-04-18,08:25:17,7.39,Alistair's Apple Watch
2026-04-18,08:25:33,7.39,Alistair's Apple Watch
2026-04-18,08:25:50,7.39,Alistair's Apple Watch
2026-04-18,08:26:08,7.39,Alistair's Apple Watch
2026-04-18,08:26:25,7.29,Alistair's Apple Watch
2026-04-18,08:26:45,7.29,Alistair's Apple Watch
2026-04-18,08:27:01,7.29,Alistair's Apple Watch
2026-04-18,08:27:22,7.29,Alistair's Apple Watch
2026-04-18,08:27:38,7.29,Alistair's Apple Watch
2026-04-18,08:27:56,7.29,Alistair's Apple Watch
2026-04-18,08:28:13,7.29,Alistair's Apple Watch
2026-04-18,08:28:29,7.29,Alistair's Apple Watch
2026-04-18,08:28:51,7.29,Alistair's Apple Watch
2026-04-18,08:29:07,7.29,Alistair's Apple Watch
2026-04-18,08:29:24,7.29,Alistair's Apple Watch
2026-04-18,08:29:49,7.29,Alistair's Apple Watch
2026-04-18,08:30:09,7.29,Alistair's Apple Watch
2026-04-18,08:30:25,7.29,Alistair's Apple Watch
2026-04-18,08:30:49,7.29,Alistair's Apple Watch
2026-04-18,08:31:04,7.29,Alistair's Apple Watch
2026-04-18,08:31:30,7.29,Alistair's Apple Watch
2026-04-18,08:31:47,7.29,Alistair's Apple Watch
2026-04-18,08:32:14,7.29,Alistair's Apple Watch
2026-04-18,08:32:31,7.39,Alistair's Apple Watch
2026-04-18,08:33:13,7.29,Alistair's Apple Watch
2026-04-18,08:33:29,7.29,Alistair's Apple Watch
2026-04-18,08:33:45,7.29,Alistair's Apple Watch
2026-04-19,08:33:13,11.69,Alistair's Apple Watch
2026-04-19,08:33:27,10.38,Alistair's Apple Watch
2026-04-19,08:35:08,12.69,Alistair's Apple Watch
2026-04-19,08:44:02,7.69,Alistair's Apple Watch
2026-04-19,08:44:05,8.94,Alistair's Apple Watch
2026-04-19,08:44:05,9.87,Alistair's Apple Watch
2026-04-19,08:44:07,10.77,Alistair's Apple Watch
2026-04-19,08:44:10,9.99,Alistair's Apple Watch
2026-04-19,08:44:18,9.31,Alistair's Apple Watch
2026-04-19,08:44:36,9.29,Alistair's Apple Watch
2026-04-19,08:44:51,9.19,Alistair's Apple Watch
2026-04-19,08:45:08,8.71,Alistair's Apple Watch
2026-04-19,08:46:21,7.69,Alistair's Apple Watch
2026-04-19,08:46:37,7.59,Alistair's Apple Watch
2026-04-19,08:48:24,7.99,Alistair's Apple Watch
2026-04-19,08:48:41,7.81,Alistair's Apple Watch
2026-04-19,08:52:53,13.29,Alistair's Apple Watch
2026-04-19,08:53:13,13.79,Alistair's Apple Watch
2026-04-20,09:35:35,9.49,Alistair's Apple Watch
2026-04-20,09:36:00,9.69,Alistair's Apple Watch
2026-04-20,09:36:33,9.09,Alistair's Apple Watch
2026-04-20,09:38:34,8.39,Alistair's Apple Watch
2026-04-20,09:40:10,8.39,Alistair's Apple Watch
2026-04-20,09:40:40,8.19,Alistair's Apple Watch
2026-04-20,09:41:00,8.39,Alistair's Apple Watch
2026-04-20,09:41:18,8.39,Alistair's Apple Watch
2026-04-20,09:41:34,8.39,Alistair's Apple Watch
2026-04-20,09:41:49,8.19,Alistair's Apple Watch
2026-04-20,09:42:10,8.19,Alistair's Apple Watch
2026-04-20,09:42:28,8.19,Alistair's Apple Watch
2026-04-20,09:42:43,8.19,Alistair's Apple Watch
2026-04-20,09:42:59,8.29,Alistair's Apple Watch
2026-04-20,09:43:32,8.19,Alistair's Apple Watch
2026-04-20,09:43:48,8.09,Alistair's Apple Watch
2026-04-20,09:44:05,8.19,Alistair's Apple Watch
2026-04-20,09:44:41,8.59,Alistair's Apple Watch
2026-04-20,09:47:36,7.99,Alistair's Apple Watch
2026-04-20,09:47:59,8.19,Alistair's Apple Watch
2026-04-20,09:49:46,7.99,Alistair's Apple Watch
2026-04-20,09:50:03,8.19,Alistair's Apple Watch
2026-04-20,09:51:33,7.89,Alistair's Apple Watch
2026-04-20,09:52:17,7.99,Alistair's Apple Watch
2026-04-24,11:21:12,26.89,Alistair's Apple Watch
2026-04-24,11:21:22,21.87,Alistair's Apple Watch
2026-04-24,11:21:25,21.28,Alistair's Apple Watch
2026-04-24,11:21:32,20.38,Alistair's Apple Watch
2026-04-24,11:21:35,20.91,Alistair's Apple Watch
2026-04-24,11:21:52,20.79,Alistair's Apple Watch
2026-04-24,11:22:19,17.71,Alistair's Apple Watch
2026-04-24,11:22:35,17.69,Alistair's Apple Watch
2026-04-24,11:22:58,16.01,Alistair's Apple Watch
2026-04-24,11:23:36,14.91,Alistair's Apple Watch
2026-04-24,11:23:55,13.79,Alistair's Apple Watch
2026-04-24,11:23:59,13.29,Alistair's Apple Watch
2026-04-24,11:24:02,13.79,Alistair's Apple Watch
2026-04-24,11:26:16,13.09,Alistair's Apple Watch
2026-04-24,11:28:15,12.99,Alistair's Apple Watch
2026-04-24,11:30:27,12.31,Alistair's Apple Watch
2026-04-24,18:59:04,19.31,Alistair's Apple Watch
2026-04-24,18:59:43,9.19,Alistair's Apple Watch
2026-04-24,19:00:24,9.09,Alistair's Apple Watch
2026-04-24,19:00:42,9.19,Alistair's Apple Watch
2026-04-24,19:01:19,8.89,Alistair's Apple Watch
2026-04-24,19:01:51,9.09,Alistair's Apple Watch
2026-04-24,19:02:09,9.39,Alistair's Apple Watch
2026-04-24,19:02:45,9.49,Alistair's Apple Watch
2026-04-24,19:04:27,9.49,Alistair's Apple Watch
2026-04-24,19:05:13,9.39,Alistair's Apple Watch
2026-04-24,19:05:45,9.39,Alistair's Apple Watch
2026-04-24,19:06:01,9.29,Alistair's Apple Watch
2026-04-24,19:06:27,9.29,Alistair's Apple Watch
2026-04-24,19:07:18,9.39,Alistair's Apple Watch
2026-04-24,19:07:56,9.19,Alistair's Apple Watch
2026-04-24,19:08:11,8.89,Alistair's Apple Watch
2026-04-24,19:08:26,8.89,Alistair's Apple Watch
2026-04-24,19:08:42,8.89,Alistair's Apple Watch
2026-04-24,19:09:20,8.99,Alistair's Apple Watch
2026-04-24,19:10:25,8.89,Alistair's Apple Watch
2026-04-24,19:11:23,8.89,Alistair's Apple Watch
2026-04-24,19:15:35,8.79,Alistair's Apple Watch
2026-04-24,19:16:34,8.89,Alistair's Apple Watch
2026-04-24,19:17:53,8.89,Alistair's Apple Watch
2026-04-25,08:15:15,9.41,Alistair's Apple Watch
2026-04-25,08:15:36,8.99,Alistair's Apple Watch
2026-04-25,08:15:52,8.79,Alistair's Apple Watch
2026-04-25,08:16:08,8.79,Alistair's Apple Watch
2026-04-25,08:16:24,8.59,Alistair's Apple Watch
2026-04-25,08:16:42,8.49,Alistair's Apple Watch
2026-04-25,08:17:00,8.59,Alistair's Apple Watch
2026-04-25,08:17:23,8.69,Alistair's Apple Watch
2026-04-25,08:17:39,8.59,Alistair's Apple Watch
2026-04-25,08:18:00,8.49,Alistair's Apple Watch
2026-04-25,08:18:16,8.59,Alistair's Apple Watch
2026-04-25,08:18:33,8.59,Alistair's Apple Watch
2026-04-25,08:18:50,8.59,Alistair's Apple Watch
2026-04-25,08:19:06,8.49,Alistair's Apple Watch
2026-04-25,08:19:24,8.49,Alistair's Apple Watch
2026-04-25,08:19:44,8.49,Alistair's Apple Watch
2026-04-25,08:19:59,8.49,Alistair's Apple Watch
2026-04-25,08:20:15,8.49,Alistair's Apple Watch
2026-04-25,08:20:32,8.69,Alistair's Apple Watch
2026-04-25,08:20:49,8.49,Alistair's Apple Watch
2026-04-25,08:21:07,8.39,Alistair's Apple Watch
2026-04-25,08:21:25,8.39,Alistair's Apple Watch
2026-04-25,08:21:42,8.39,Alistair's Apple Watch
2026-04-25,08:22:01,8.39,Alistair's Apple Watch
2026-04-25,08:22:20,8.49,Alistair's Apple Watch
2026-04-25,08:22:35,8.39,Alistair's Apple Watch
2026-04-25,08:22:56,8.39,Alistair's Apple Watch
2026-04-25,08:23:12,8.39,Alistair's Apple Watch
2026-04-25,08:23:27,8.29,Alistair's Apple Watch
2026-04-25,08:23:45,8.29,Alistair's Apple Watch
2026-04-25,08:24:01,8.29,Alistair's Apple Watch
2026-04-25,08:24:17,8.29,Alistair's Apple Watch
2026-04-25,08:24:35,8.29,Alistair's Apple Watch
2026-04-25,08:24:51,8.29,Alistair's Apple Watch
2026-04-25,08:25:11,8.29,Alistair's Apple Watch
2026-04-25,08:25:29,8.29,Alistair's Apple Watch
2026-04-25,08:25:47,8.29,Alistair's Apple Watch
2026-04-25,08:26:03,8.29,Alistair's Apple Watch
2026-04-25,08:26:18,8.29,Alistair's Apple Watch
2026-04-25,08:26:36,8.29,Alistair's Apple Watch
2026-04-25,08:26:52,8.29,Alistair's Apple Watch
2026-04-25,08:27:11,8.39,Alistair's Apple Watch
2026-04-25,08:27:27,8.29,Alistair's Apple Watch
2026-04-25,08:27:47,8.29,Alistair's Apple Watch
2026-04-25,08:28:06,8.39,Alistair's Apple Watch
2026-04-25,08:28:22,8.29,Alistair's Apple Watch
2026-04-25,08:30:23,9.29,Alistair's Apple Watch
2026-04-26,08:27:14,8.68,Alistair's Apple Watch
2026-04-26,08:27:30,8.59,Alistair's Apple Watch
2026-04-26,08:27:45,8.59,Alistair's Apple Watch
2026-04-26,08:28:06,8.49,Alistair's Apple Watch
2026-04-26,08:28:25,8.39,Alistair's Apple Watch
2026-04-26,08:28:42,8.49,Alistair's Apple Watch
2026-04-26,08:29:07,8.39,Alistair's Apple Watch
2026-04-26,08:29:23,8.39,Alistair's Apple Watch
2026-04-26,08:29:57,8.29,Alistair's Apple Watch
2026-04-26,08:30:13,8.19,Alistair's Apple Watch
2026-04-26,08:30:29,8.19,Alistair's Apple Watch
2026-04-26,08:30:45,8.39,Alistair's Apple Watch
2026-04-26,08:31:02,8.29,Alistair's Apple Watch
2026-04-26,08:31:19,8.39,Alistair's Apple Watch
2026-04-26,08:31:34,8.29,Alistair's Apple Watch
2026-04-26,08:31:49,8.29,Alistair's Apple Watch
2026-04-26,08:32:08,8.29,Alistair's Apple Watch
2026-04-26,08:32:24,8.29,Alistair's Apple Watch
2026-04-26,08:32:43,8.29,Alistair's Apple Watch
2026-04-26,08:33:00,8.39,Alistair's Apple Watch
2026-04-26,08:33:15,8.29,Alistair's Apple Watch
2026-04-26,08:33:31,8.29,Alistair's Apple Watch
2026-04-26,08:33:58,8.19,Alistair's Apple Watch
2026-04-26,08:34:13,8.29,Alistair's Apple Watch
2026-04-26,08:34:46,8.19,Alistair's Apple Watch
2026-04-26,08:35:07,8.19,Alistair's Apple Watch
2026-04-26,08:35:26,8.19,Alistair's Apple Watch
2026-04-26,08:35:43,8.19,Alistair's Apple Watch
2026-04-26,08:36:04,8.19,Alistair's Apple Watch
2026-04-26,08:36:58,8.29,Alistair's Apple Watch
2026-04-26,08:37:16,8.19,Alistair's Apple Watch
2026-04-26,08:37:33,8.29,Alistair's Apple Watch
2026-04-26,08:37:50,8.19,Alistair's Apple Watch
2026-04-26,08:38:19,8.19,Alistair's Apple Watch
2026-04-26,08:38:53,8.19,Alistair's Apple Watch
2026-04-26,08:39:10,8.09,Alistair's Apple Watch
2026-04-26,08:39:26,8.19,Alistair's Apple Watch
2026-04-26,08:39:56,8.49,Alistair's Apple Watch
2026-04-26,08:40:57,8.29,Alistair's Apple Watch
2026-04-26,08:45:17,13.79,Alistair's Apple Watch
2026-04-27,14:21:41,13.39,Alistair's Apple Watch
2026-04-27,14:21:47,13.89,Alistair's Apple Watch
2026-04-27,14:22:02,12.88,Alistair's Apple Watch
2026-04-27,14:22:06,12.11,Alistair's Apple Watch
2026-04-27,14:22:18,12.89,Alistair's Apple Watch
2026-04-27,14:23:12,11.49,Alistair's Apple Watch
2026-04-27,14:23:30,11.11,Alistair's Apple Watch
2026-04-27,14:23:42,10.41,Alistair's Apple Watch
2026-04-27,14:23:58,10.41,Alistair's Apple Watch
2026-04-27,14:25:23,10.89,Alistair's Apple Watch
2026-04-27,14:25:40,11.09,Alistair's Apple Watch
2026-04-27,14:25:52,11.69,Alistair's Apple Watch
2026-04-27,14:27:05,11.59,Alistair's Apple Watch
2026-04-27,14:27:10,12.09,Alistair's Apple Watch
2026-04-27,14:28:41,10.59,Alistair's Apple Watch
2026-04-27,14:28:58,10.69,Alistair's Apple Watch
2026-04-27,14:29:17,10.41,Alistair's Apple Watch
2026-04-27,14:31:11,9.91,Alistair's Apple Watch
2026-04-27,14:31:30,10.19,Alistair's Apple Watch
2026-04-27,14:33:08,8.88,Alistair's Apple Watch
2026-04-27,14:33:13,9.59,Alistair's Apple Watch
2026-04-27,14:33:30,9.79,Alistair's Apple Watch
2026-04-27,14:34:38,11.49,Alistair's Apple Watch
2026-04-27,14:36:18,12.59,Alistair's Apple Watch
2026-04-27,14:36:29,10.61,Alistair's Apple Watch
2026-04-27,14:36:40,10.08,Alistair's Apple Watch
2026-04-27,14:36:40,11.94,Alistair's Apple Watch
2026-04-27,14:36:42,11.19,Alistair's Apple Watch
2026-04-28,11:19:57,26.49,Alistair's Apple Watch
2026-04-28,11:20:14,19.99,Alistair's Apple Watch
2026-04-28,11:20:55,14.34,Alistair's Apple Watch
2026-04-28,11:21:40,12.89,Alistair's Apple Watch
2026-04-28,11:22:06,12.89,Alistair's Apple Watch
2026-04-28,11:22:24,11.69,Alistair's Apple Watch
2026-04-28,11:23:01,10.59,Alistair's Apple Watch
2026-04-28,11:23:18,10.41,Alistair's Apple Watch
2026-04-28,11:24:07,10.29,Alistair's Apple Watch
2026-04-28,11:24:40,10.29,Alistair's Apple Watch
2026-04-28,11:24:49,10.94,Alistair's Apple Watch
2026-04-28,11:24:54,10.11,Alistair's Apple Watch
2026-04-28,11:26:07,9.99,Alistair's Apple Watch
2026-04-28,11:26:25,9.99,Alistair's Apple Watch
2026-04-28,11:27:31,9.59,Alistair's Apple Watch
2026-04-28,11:27:50,9.79,Alistair's Apple Watch
2026-04-28,11:28:05,9.59,Alistair's Apple Watch
2026-04-28,11:28:22,9.79,Alistair's Apple Watch
2026-04-28,11:28:44,9.69,Alistair's Apple Watch
2026-04-28,11:29:50,9.19,Alistair's Apple Watch
2026-04-28,11:31:26,9.29,Alistair's Apple Watch
2026-04-28,11:32:55,9.09,Alistair's Apple Watch
2026-04-28,11:33:13,9.19,Alistair's Apple Watch
2026-04-28,11:33:28,9.29,Alistair's Apple Watch
2026-04-28,11:33:44,9.39,Alistair's Apple Watch
2026-04-28,11:34:11,9.29,Alistair's Apple Watch
2026-04-28,11:34:30,9.29,Alistair's Apple Watch
2026-04-28,11:35:01,9.19,Alistair's Apple Watch
2026-04-28,11:35:33,9.19,Alistair's Apple Watch
2026-04-28,11:35:49,9.29,Alistair's Apple Watch
2026-04-28,11:36:05,9.29,Alistair's Apple Watch
2026-04-28,11:36:20,9.29,Alistair's Apple Watch
2026-04-28,11:37:21,9.19,Alistair's Apple Watch
2026-04-28,11:37:50,9.19,Alistair's Apple Watch
2026-04-28,11:38:29,9.29,Alistair's Apple Watch
2026-04-28,11:39:23,9.29,Alistair's Apple Watch
2026-04-28,11:39:49,9.29,Alistair's Apple Watch
2026-04-28,11:40:52,9.19,Alistair's Apple Watch
2026-04-28,11:42:15,9.29,Alistair's Apple Watch
2026-04-28,11:43:48,9.19,Alistair's Apple Watch
2026-04-28,11:44:14,9.29,Alistair's Apple Watch
2026-04-29,18:47:06,14.88,Alistair's Apple Watch
2026-04-29,18:47:16,14.28,Alistair's Apple Watch
2026-04-29,18:48:17,12.69,Alistair's Apple Watch
2026-04-29,18:48:36,12.49,Alistair's Apple Watch
2026-04-29,18:49:08,12.09,Alistair's Apple Watch
2026-04-29,18:50:24,11.38,Alistair's Apple Watch
2026-04-29,18:50:40,11.31,Alistair's Apple Watch
2026-04-29,18:50:56,11.59,Alistair's Apple Watch
2026-04-29,18:51:13,11.29,Alistair's Apple Watch
2026-04-29,18:51:34,11.11,Alistair's Apple Watch
2026-04-29,18:52:07,11.41,Alistair's Apple Watch
2026-04-29,18:52:26,11.29,Alistair's Apple Watch
2026-04-29,18:52:41,11.39,Alistair's Apple Watch
2026-04-29,18:53:12,11.59,Alistair's Apple Watch
2026-04-29,18:53:27,11.19,Alistair's Apple Watch
2026-04-29,18:53:42,11.29,Alistair's Apple Watch
2026-04-29,18:54:01,11.19,Alistair's Apple Watch
2026-04-29,18:55:07,11.19,Alistair's Apple Watch
2026-04-29,18:55:22,10.99,Alistair's Apple Watch
2026-04-29,18:55:40,11.84,Alistair's Apple Watch
2026-04-29,18:55:44,11.29,Alistair's Apple Watch
2026-04-29,18:55:50,10.71,Alistair's Apple Watch
2026-04-29,18:56:27,10.39,Alistair's Apple Watch
2026-04-29,18:56:44,10.39,Alistair's Apple Watch
2026-04-29,18:57:00,10.49,Alistair's Apple Watch
2026-04-29,18:57:17,10.59,Alistair's Apple Watch
2026-04-29,18:57:55,10.49,Alistair's Apple Watch
2026-04-29,18:58:41,10.49,Alistair's Apple Watch
2026-04-29,18:58:57,10.39,Alistair's Apple Watch
2026-04-29,18:59:13,10.19,Alistair's Apple Watch
2026-04-29,18:59:29,10.09,Alistair's Apple Watch
2026-04-29,18:59:50,9.99,Alistair's Apple Watch
2026-04-29,19:00:05,10.09,Alistair's Apple Watch
2026-04-29,19:00:22,10.09,Alistair's Apple Watch
2026-04-29,19:00:37,10.09,Alistair's Apple Watch
2026-04-29,19:00:54,10.09,Alistair's Apple Watch
2026-04-29,19:01:10,10.09,Alistair's Apple Watch
2026-04-29,19:01:28,9.99,Alistair's Apple Watch
2026-04-29,19:01:55,10.19,Alistair's Apple Watch
2026-04-29,19:02:12,10.19,Alistair's Apple Watch
2026-04-29,19:02:28,10.19,Alistair's Apple Watch
2026-04-29,19:02:52,10.19,Alistair's Apple Watch
2026-04-29,19:03:08,10.09,Alistair's Apple Watch
2026-04-29,19:04:17,10.19,Alistair's Apple Watch
2026-04-29,19:04:35,9.99,Alistair's Apple Watch
2026-04-29,19:04:50,10.19,Alistair's Apple Watch
2026-04-29,19:05:21,10.29,Alistair's Apple Watch
2026-04-29,19:05:57,10.29,Alistair's Apple Watch
2026-04-29,19:06:16,10.39,Alistair's Apple Watch
2026-04-29,19:06:33,10.19,Alistair's Apple Watch
2026-04-29,19:07:18,10.39,Alistair's Apple Watch
2026-04-29,19:07:34,10.39,Alistair's Apple Watch
2026-04-29,19:08:15,10.29,Alistair's Apple Watch
2026-04-29,19:08:40,10.19,Alistair's Apple Watch
2026-04-29,19:08:56,10.09,Alistair's Apple Watch
2026-04-29,19:09:13,10.19,Alistair's Apple Watch
2026-04-29,19:10:25,10.69,Alistair's Apple Watch
2026-04-29,19:11:35,10.59,Alistair's Apple Watch
2026-05-01,09:44:49,17.89,Alistair's Apple Watch
2026-05-01,09:45:15,9.28,Alistair's Apple Watch
2026-05-01,09:45:19,9.91,Alistair's Apple Watch
2026-05-01,09:45:35,9.59,Alistair's Apple Watch
2026-05-01,09:46:12,9.49,Alistair's Apple Watch
2026-05-01,09:46:30,9.49,Alistair's Apple Watch
2026-05-01,09:46:49,9.49,Alistair's Apple Watch
2026-05-01,09:47:04,9.49,Alistair's Apple Watch
2026-05-01,09:47:21,9.49,Alistair's Apple Watch
2026-05-01,09:47:37,9.49,Alistair's Apple Watch
2026-05-01,09:47:53,9.59,Alistair's Apple Watch
2026-05-01,09:48:09,9.49,Alistair's Apple Watch
2026-05-01,09:48:28,9.39,Alistair's Apple Watch
2026-05-01,09:48:43,9.39,Alistair's Apple Watch
2026-05-01,09:49:00,9.49,Alistair's Apple Watch
2026-05-01,09:49:15,9.49,Alistair's Apple Watch
2026-05-01,09:49:31,9.59,Alistair's Apple Watch
2026-05-01,09:49:46,9.59,Alistair's Apple Watch
2026-05-01,09:50:02,9.49,Alistair's Apple Watch
2026-05-01,09:50:19,9.69,Alistair's Apple Watch
2026-05-01,09:50:36,9.69,Alistair's Apple Watch
2026-05-01,09:50:54,9.49,Alistair's Apple Watch
2026-05-01,09:51:11,9.49,Alistair's Apple Watch
2026-05-01,09:51:27,9.49,Alistair's Apple Watch
2026-05-01,09:51:44,9.49,Alistair's Apple Watch
2026-05-01,09:51:59,9.49,Alistair's Apple Watch
2026-05-01,09:52:12,9.99,Alistair's Apple Watch
2026-05-01,09:52:18,9.49,Alistair's Apple Watch
2026-05-01,09:52:36,9.49,Alistair's Apple Watch
2026-05-01,09:52:57,9.69,Alistair's Apple Watch
2026-05-01,09:53:51,9.59,Alistair's Apple Watch
2026-05-01,09:54:13,9.49,Alistair's Apple Watch
2026-05-01,09:54:30,9.79,Alistair's Apple Watch
2026-05-01,09:54:45,9.89,Alistair's Apple Watch
2026-05-01,09:55:01,9.79,Alistair's Apple Watch
2026-05-01,09:55:22,9.69,Alistair's Apple Watch
2026-05-01,09:55:41,9.89,Alistair's Apple Watch
2026-05-01,09:55:57,9.69,Alistair's Apple Watch
2026-05-01,09:56:55,10.31,Alistair's Apple Watch
2026-05-01,09:56:59,9.81,Alistair's Apple Watch
2026-05-01,10:01:55,14.09,Alistair's Apple Watch
2026-05-01,10:02:08,13.29,Alistair's Apple Watch
2026-05-01,18:57:32,26.21,Alistair's Apple Watch
2026-05-01,18:59:10,12.79,Alistair's Apple Watch
2026-05-01,19:00:07,11.49,Alistair's Apple Watch
2026-05-01,19:00:23,11.39,Alistair's Apple Watch
2026-05-01,19:00:53,11.19,Alistair's Apple Watch
2026-05-01,19:01:30,11.59,Alistair's Apple Watch
2026-05-01,19:01:50,11.19,Alistair's Apple Watch
2026-05-01,19:02:06,11.59,Alistair's Apple Watch
2026-05-01,19:02:25,11.59,Alistair's Apple Watch
2026-05-01,19:02:41,11.69,Alistair's Apple Watch
2026-05-01,19:03:00,11.59,Alistair's Apple Watch
2026-05-01,19:05:44,10.69,Alistair's Apple Watch
2026-05-01,19:05:59,10.69,Alistair's Apple Watch
2026-05-01,19:06:30,10.89,Alistair's Apple Watch
2026-05-01,19:06:46,10.89,Alistair's Apple Watch
2026-05-01,19:07:15,10.69,Alistair's Apple Watch
2026-05-01,19:07:38,10.71,Alistair's Apple Watch
2026-05-01,19:08:07,10.49,Alistair's Apple Watch
2026-05-01,19:08:35,10.59,Alistair's Apple Watch
2026-05-01,19:09:34,10.59,Alistair's Apple Watch
2026-05-01,19:09:51,10.49,Alistair's Apple Watch
2026-05-01,19:10:28,10.39,Alistair's Apple Watch
2026-05-01,19:10:46,10.59,Alistair's Apple Watch
2026-05-01,19:11:12,10.59,Alistair's Apple Watch
2026-05-01,19:11:27,10.59,Alistair's Apple Watch
2026-05-01,19:11:47,10.39,Alistair's Apple Watch
2026-05-01,19:12:06,10.49,Alistair's Apple Watch
2026-05-01,19:12:30,10.69,Alistair's Apple Watch
2026-05-01,19:12:47,10.49,Alistair's Apple Watch
2026-05-01,19:13:02,10.59,Alistair's Apple Watch
2026-05-02,08:20:36,18.68,Alistair's Apple Watch
2026-05-02,08:20:37,17.88,Alistair's Apple Watch
2026-05-02,08:20:39,18.59,Alistair's Apple Watch
2026-05-02,08:20:52,17.78,Alistair's Apple Watch
2026-05-02,08:20:55,18.29,Alistair's Apple Watch
2026-05-02,08:20:58,17.59,Alistair's Apple Watch
2026-05-02,08:21:05,16.38,Alistair's Apple Watch
2026-05-02,08:21:07,16.99,Alistair's Apple Watch
2026-05-02,08:21:18,17.49,Alistair's Apple Watch
2026-05-02,08:21:30,16.48,Alistair's Apple Watch
2026-05-02,08:21:35,17.09,Alistair's Apple Watch
2026-05-02,08:21:50,9.57,Alistair's Apple Watch
2026-05-02,08:22:09,9.99,Alistair's Apple Watch
2026-05-02,08:23:03,15.87,Alistair's Apple Watch
2026-05-02,08:23:03,17.19,Alistair's Apple Watch
2026-05-02,08:23:21,14.28,Alistair's Apple Watch
2026-05-02,08:23:27,14.89,Alistair's Apple Watch
2026-05-02,08:23:39,13.89,Alistair's Apple Watch
2026-05-02,08:24:49,13.19,Alistair's Apple Watch
2026-05-02,08:25:21,12.79,Alistair's Apple Watch
2026-05-02,08:25:37,12.61,Alistair's Apple Watch
2026-05-02,08:29:16,11.59,Alistair's Apple Watch
2026-05-02,08:30:10,11.59,Alistair's Apple Watch
2026-05-02,08:30:17,9.68,Alistair's Apple Watch
2026-05-02,08:30:18,10.39,Alistair's Apple Watch
2026-05-02,08:31:48,9.98,Alistair's Apple Watch
2026-05-02,08:31:48,10.79,Alistair's Apple Watch
2026-05-02,08:31:57,11.29,Alistair's Apple Watch
2026-05-02,08:32:15,11.39,Alistair's Apple Watch
2026-05-02,08:32:31,11.19,Alistair's Apple Watch
2026-05-02,08:34:50,11.49,Alistair's Apple Watch
2026-05-02,08:37:19,11.49,Alistair's Apple Watch
2026-05-02,08:37:35,11.59,Alistair's Apple Watch
2026-05-02,08:39:26,11.31,Alistair's Apple Watch
2026-05-02,08:40:12,11.69,Alistair's Apple Watch
2026-05-02,08:42:30,10.81,Alistair's Apple Watch
2026-05-02,08:43:25,11.49,Alistair's Apple Watch
2026-05-02,08:43:50,11.11,Alistair's Apple Watch
2026-05-02,08:44:07,11.49,Alistair's Apple Watch
2026-05-02,08:44:46,10.99,Alistair's Apple Watch
2026-05-02,08:45:17,10.89,Alistair's Apple Watch
2026-05-02,08:45:35,10.79,Alistair's Apple Watch
2026-05-03,08:26:26,15.28,Alistair's Apple Watch
2026-05-03,08:26:42,14.89,Alistair's Apple Watch
2026-05-03,08:27:01,15.39,Alistair's Apple Watch
2026-05-03,08:27:16,15.01,Alistair's Apple Watch
2026-05-03,08:27:18,13.68,Alistair's Apple Watch
2026-05-03,08:27:59,15.09,Alistair's Apple Watch
2026-05-03,08:28:02,14.41,Alistair's Apple Watch
2026-05-03,08:28:23,13.61,Alistair's Apple Watch
2026-05-03,08:28:32,12.91,Alistair's Apple Watch
2026-05-03,08:28:41,12.41,Alistair's Apple Watch
2026-05-03,08:29:09,12.09,Alistair's Apple Watch
2026-05-03,08:29:55,11.69,Alistair's Apple Watch
2026-05-03,08:29:55,12.64,Alistair's Apple Watch
2026-05-03,08:29:59,11.99,Alistair's Apple Watch
2026-05-03,08:30:16,11.99,Alistair's Apple Watch
2026-05-03,08:30:26,12.49,Alistair's Apple Watch
2026-05-03,08:31:11,11.99,Alistair's Apple Watch
2026-05-03,08:31:28,12.39,Alistair's Apple Watch
2026-05-03,08:31:55,12.89,Alistair's Apple Watch
2026-05-03,08:32:14,12.01,Alistair's Apple Watch
2026-05-03,08:33:52,11.69,Alistair's Apple Watch
2026-05-03,08:35:23,11.09,Alistair's Apple Watch
2026-05-03,08:35:40,11.29,Alistair's Apple Watch
2026-05-03,08:36:57,11.19,Alistair's Apple Watch
2026-05-03,08:37:12,11.29,Alistair's Apple Watch
2026-05-03,08:38:50,11.29,Alistair's Apple Watch
2026-05-03,08:39:23,10.79,Alistair's Apple Watch
2026-05-03,08:40:01,10.69,Alistair's Apple Watch
2026-05-03,08:40:21,11.19,Alistair's Apple Watch
2026-05-03,08:40:37,11.39,Alistair's Apple Watch
2026-05-03,08:40:49,10.71,Alistair's Apple Watch
2026-05-03,08:41:28,10.59,Alistair's Apple Watch
2026-05-03,08:42:22,10.59,Alistair's Apple Watch
2026-05-03,08:42:38,10.29,Alistair's Apple Watch
2026-05-03,08:42:56,10.39,Alistair's Apple Watch
2026-05-03,08:43:17,10.59,Alistair's Apple Watch
2026-05-03,08:43:32,10.19,Alistair's Apple Watch
2026-05-03,08:43:48,10.29,Alistair's Apple Watch
2026-05-05,11:24:15,11.01,Alistair's Apple Watch
2026-05-05,11:24:30,11.19,Alistair's Apple Watch
2026-05-05,11:24:46,10.89,Alistair's Apple Watch
2026-05-05,11:25:12,10.79,Alistair's Apple Watch
2026-05-05,11:25:29,10.49,Alistair's Apple Watch
2026-05-05,11:25:46,10.39,Alistair's Apple Watch
2026-05-05,11:26:00,9.89,Alistair's Apple Watch
2026-05-05,11:26:16,9.99,Alistair's Apple Watch
2026-05-05,11:26:32,10.09,Alistair's Apple Watch
2026-05-05,11:30:58,9.59,Alistair's Apple Watch
2026-05-05,11:32:29,9.59,Alistair's Apple Watch
2026-05-05,11:33:16,9.49,Alistair's Apple Watch
2026-05-05,11:33:53,9.49,Alistair's Apple Watch
2026-05-05,11:34:38,9.59,Alistair's Apple Watch
2026-05-05,11:34:59,9.39,Alistair's Apple Watch
2026-05-05,11:35:17,9.39,Alistair's Apple Watch
2026-05-05,11:35:35,9.39,Alistair's Apple Watch
2026-05-05,11:35:52,9.39,Alistair's Apple Watch
2026-05-05,11:36:55,9.49,Alistair's Apple Watch
2026-05-05,11:37:25,9.49,Alistair's Apple Watch
2026-05-05,11:37:58,9.69,Alistair's Apple Watch
2026-05-05,11:38:15,9.49,Alistair's Apple Watch
2026-05-05,11:38:33,9.59,Alistair's Apple Watch
2026-05-05,11:38:51,9.79,Alistair's Apple Watch
2026-05-05,11:39:09,9.69,Alistair's Apple Watch
2026-05-05,11:39:34,9.79,Alistair's Apple Watch
2026-05-05,11:39:55,9.69,Alistair's Apple Watch
2026-05-05,11:40:18,9.79,Alistair's Apple Watch
2026-05-05,11:40:40,9.89,Alistair's Apple Watch
2026-05-05,11:40:58,9.89,Alistair's Apple Watch
2026-05-05,11:41:20,9.99,Alistair's Apple Watch
2026-05-07,09:26:51,24.19,Alistair's Apple Watch
2026-05-07,09:27:13,14.69,Alistair's Apple Watch
2026-05-07,09:27:23,13.31,Alistair's Apple Watch
2026-05-07,09:29:49,11.69,Alistair's Apple Watch
2026-05-07,09:30:37,10.29,Alistair's Apple Watch
2026-05-07,09:30:57,10.09,Alistair's Apple Watch
2026-05-07,09:32:07,9.79,Alistair's Apple Watch
2026-05-07,09:32:26,9.99,Alistair's Apple Watch
2026-05-07,09:33:01,9.79,Alistair's Apple Watch
2026-05-07,09:33:17,9.79,Alistair's Apple Watch
2026-05-07,09:33:33,9.89,Alistair's Apple Watch
2026-05-07,09:33:51,10.29,Alistair's Apple Watch
2026-05-07,09:34:06,10.19,Alistair's Apple Watch
2026-05-07,09:34:21,10.29,Alistair's Apple Watch
2026-05-07,09:34:38,10.39,Alistair's Apple Watch
2026-05-07,09:34:54,10.49,Alistair's Apple Watch
2026-05-07,09:35:11,10.39,Alistair's Apple Watch
2026-05-07,09:35:29,10.39,Alistair's Apple Watch
2026-05-07,09:36:44,9.69,Alistair's Apple Watch
2026-05-07,09:38:12,9.59,Alistair's Apple Watch
2026-05-07,09:38:33,9.69,Alistair's Apple Watch
2026-05-07,09:40:47,9.69,Alistair's Apple Watch
2026-05-07,09:41:06,9.39,Alistair's Apple Watch
2026-05-07,09:41:23,9.29,Alistair's Apple Watch
2026-05-07,09:41:39,9.39,Alistair's Apple Watch
2026-05-07,09:41:56,9.29,Alistair's Apple Watch
2026-05-07,09:42:13,9.49,Alistair's Apple Watch
2026-05-07,09:42:28,9.59,Alistair's Apple Watch
2026-05-07,09:42:50,9.49,Alistair's Apple Watch
2026-05-07,09:43:53,9.59,Alistair's Apple Watch
2026-05-07,09:44:12,9.59,Alistair's Apple Watch
2026-05-07,09:44:28,9.29,Alistair's Apple Watch
2026-05-07,09:44:50,9.49,Alistair's Apple Watch
2026-05-07,09:45:06,9.69,Alistair's Apple Watch
2026-05-07,09:45:26,9.51,Alistair's Apple Watch
2026-05-07,09:45:45,9.79,Alistair's Apple Watch
2026-05-07,09:46:34,9.59,Alistair's Apple Watch
2026-05-08,11:20:42,23.11,Alistair's Apple Watch
2026-05-08,11:20:51,19.21,Alistair's Apple Watch
2026-05-08,11:20:51,18.51,Alistair's Apple Watch
2026-05-08,11:21:15,18.31,Alistair's Apple Watch
2026-05-08,11:21:42,15.71,Alistair's Apple Watch
2026-05-08,11:22:00,15.59,Alistair's Apple Watch
2026-05-08,11:22:50,14.59,Alistair's Apple Watch
2026-05-08,11:23:10,14.49,Alistair's Apple Watch
2026-05-08,11:23:23,13.91,Alistair's Apple Watch
2026-05-08,11:23:46,13.79,Alistair's Apple Watch
2026-05-08,11:24:07,13.89,Alistair's Apple Watch
2026-05-08,11:24:25,13.99,Alistair's Apple Watch
2026-05-08,11:24:42,13.51,Alistair's Apple Watch
2026-05-08,11:24:46,14.09,Alistair's Apple Watch
2026-05-08,11:25:01,13.31,Alistair's Apple Watch
2026-05-08,11:25:09,13.99,Alistair's Apple Watch
2026-05-08,11:25:40,13.29,Alistair's Apple Watch
2026-05-08,11:26:23,12.79,Alistair's Apple Watch
2026-05-08,11:26:39,12.79,Alistair's Apple Watch
2026-05-08,11:26:48,12.29,Alistair's Apple Watch
2026-05-08,11:27:05,13.94,Alistair's Apple Watch
2026-05-08,11:27:24,12.39,Alistair's Apple Watch
2026-05-08,11:27:27,12.99,Alistair's Apple Watch
2026-05-08,11:27:42,11.98,Alistair's Apple Watch
2026-05-08,11:27:58,11.38,Alistair's Apple Watch
2026-05-08,11:27:59,12.09,Alistair's Apple Watch
2026-05-08,11:28:14,11.89,Alistair's Apple Watch
2026-05-08,11:29:32,10.81,Alistair's Apple Watch
2026-05-08,11:29:48,11.29,Alistair's Apple Watch
2026-05-08,11:30:03,11.11,Alistair's Apple Watch
2026-05-08,11:31:32,10.31,Alistair's Apple Watch
2026-05-08,11:31:47,10.49,Alistair's Apple Watch
2026-05-08,11:32:02,10.69,Alistair's Apple Watch
2026-05-08,11:32:19,10.69,Alistair's Apple Watch
2026-05-08,11:32:38,10.39,Alistair's Apple Watch
2026-05-08,11:32:54,10.49,Alistair's Apple Watch
2026-05-08,11:33:15,10.69,Alistair's Apple Watch
2026-05-08,11:33:35,10.19,Alistair's Apple Watch
2026-05-08,11:33:50,10.09,Alistair's Apple Watch
2026-05-08,11:34:07,10.29,Alistair's Apple Watch
2026-05-08,11:34:24,10.39,Alistair's Apple Watch
2026-05-08,11:34:41,10.49,Alistair's Apple Watch
2026-05-08,11:34:56,10.09,Alistair's Apple Watch
2026-05-08,11:35:12,10.09,Alistair's Apple Watch
2026-05-08,11:35:27,10.09,Alistair's Apple Watch
2026-05-08,11:35:50,10.19,Alistair's Apple Watch
2026-05-08,11:36:07,9.99,Alistair's Apple Watch
2026-05-08,11:36:26,9.89,Alistair's Apple Watch
2026-05-08,11:36:41,10.09,Alistair's Apple Watch
2026-05-08,11:36:56,10.19,Alistair's Apple Watch
2026-05-08,11:37:11,9.99,Alistair's Apple Watch
2026-05-08,11:37:28,9.79,Alistair's Apple Watch
2026-05-08,11:37:44,9.69,Alistair's Apple Watch
2026-05-08,11:38:00,9.69,Alistair's Apple Watch
2026-05-08,11:38:16,9.69,Alistair's Apple Watch
2026-05-08,11:38:32,9.69,Alistair's Apple Watch
2026-05-08,11:38:47,9.69,Alistair's Apple Watch
2026-05-08,11:39:05,9.69,Alistair's Apple Watch
2026-05-08,11:39:21,9.69,Alistair's Apple Watch
2026-05-08,11:39:36,9.69,Alistair's Apple Watch
2026-05-08,11:39:56,9.69,Alistair's Apple Watch
2026-05-08,11:40:12,9.79,Alistair's Apple Watch
2026-05-08,11:40:30,9.89,Alistair's Apple Watch
2026-05-08,11:40:49,10.09,Alistair's Apple Watch
2026-05-08,11:41:12,9.89,Alistair's Apple Watch
2026-05-08,11:41:27,9.89,Alistair's Apple Watch
2026-05-08,11:41:44,9.89,Alistair's Apple Watch
2026-05-08,11:41:59,9.99,Alistair's Apple Watch
2026-05-08,11:42:15,10.09,Alistair's Apple Watch
2026-05-08,11:42:32,10.29,Alistair's Apple Watch
2026-05-08,11:42:50,10.09,Alistair's Apple Watch
2026-05-08,11:43:10,10.09,Alistair's Apple Watch
2026-05-08,11:43:26,10.09,Alistair's Apple Watch
2026-05-08,11:43:47,9.99,Alistair's Apple Watch
2026-05-08,11:44:07,9.89,Alistair's Apple Watch
2026-05-08,11:44:25,9.89,Alistair's Apple Watch
2026-05-08,11:44:40,9.89,Alistair's Apple Watch
2026-05-08,11:44:59,9.79,Alistair's Apple Watch
2026-05-08,11:45:15,9.79,Alistair's Apple Watch
2026-05-08,11:45:30,9.79,Alistair's Apple Watch
2026-05-08,11:45:46,9.79,Alistair's Apple Watch
2026-05-08,11:46:06,9.79,Alistair's Apple Watch
2026-05-08,11:46:23,9.89,Alistair's Apple Watch
2026-05-08,11:46:40,10.19,Alistair's Apple Watch
2026-05-08,11:46:59,10.29,Alistair's Apple Watch
2026-05-09,08:26:49,9.79,Alistair's Apple Watch
2026-05-09,08:31:25,9.59,Alistair's Apple Watch
2026-05-09,08:32:29,9.59,Alistair's Apple Watch
2026-05-09,08:33:12,9.59,Alistair's Apple Watch
2026-05-09,08:35:17,9.69,Alistair's Apple Watch
2026-05-09,08:37:26,9.59,Alistair's Apple Watch
2026-05-10,09:16:34,19.79,Alistair's Apple Watch
2026-05-10,09:21:01,10.09,Alistair's Apple Watch
2026-05-10,09:21:18,9.89,Alistair's Apple Watch
2026-05-10,09:23:09,9.69,Alistair's Apple Watch
2026-05-10,09:23:24,9.79,Alistair's Apple Watch
2026-05-10,09:23:42,9.49,Alistair's Apple Watch
2026-05-10,09:23:58,8.99,Alistair's Apple Watch
2026-05-10,09:24:46,8.99,Alistair's Apple Watch
2026-05-10,09:26:09,8.89,Alistair's Apple Watch
2026-05-10,09:26:31,8.69,Alistair's Apple Watch
2026-05-10,09:26:46,8.69,Alistair's Apple Watch
2026-05-10,09:27:13,8.79,Alistair's Apple Watch
2026-05-10,09:27:30,8.69,Alistair's Apple Watch
2026-05-10,09:27:45,8.69,Alistair's Apple Watch
2026-05-10,09:28:04,8.69,Alistair's Apple Watch
2026-05-10,09:28:19,8.69,Alistair's Apple Watch
2026-05-10,09:28:35,8.69,Alistair's Apple Watch
2026-05-10,09:28:50,8.79,Alistair's Apple Watch
2026-05-10,09:29:06,8.69,Alistair's Apple Watch
2026-05-10,09:29:22,8.69,Alistair's Apple Watch
2026-05-10,09:29:40,8.69,Alistair's Apple Watch
2026-05-10,09:29:59,8.79,Alistair's Apple Watch
2026-05-10,09:30:14,8.69,Alistair's Apple Watch
2026-05-10,09:30:30,8.69,Alistair's Apple Watch
2026-05-10,09:30:46,8.69,Alistair's Apple Watch
2026-05-10,09:31:02,8.69,Alistair's Apple Watch
2026-05-10,09:31:18,8.69,Alistair's Apple Watch
2026-05-10,09:31:34,8.79,Alistair's Apple Watch
2026-05-10,09:31:53,8.79,Alistair's Apple Watch
2026-05-10,09:32:09,8.69,Alistair's Apple Watch
2026-05-10,09:32:29,8.79,Alistair's Apple Watch
2026-05-10,09:32:46,8.89,Alistair's Apple Watch
2026-05-10,09:33:10,8.89,Alistair's Apple Watch
2026-05-10,09:33:26,9.09,Alistair's Apple Watch
2026-05-10,09:33:42,8.99,Alistair's Apple Watch
2026-05-10,09:33:58,8.99,Alistair's Apple Watch
2026-05-10,09:34:13,8.99,Alistair's Apple Watch
2026-05-10,09:34:28,9.09,Alistair's Apple Watch
2026-05-10,09:34:43,9.09,Alistair's Apple Watch
2026-05-10,09:34:59,8.99,Alistair's Apple Watch
2026-05-10,09:35:16,8.89,Alistair's Apple Watch
2026-05-10,09:35:33,8.89,Alistair's Apple Watch
2026-05-10,09:35:49,8.99,Alistair's Apple Watch
2026-05-10,09:36:05,8.89,Alistair's Apple Watch
2026-05-10,09:37:13,8.99,Alistair's Apple Watch
2026-05-10,09:37:29,8.89,Alistair's Apple Watch
2026-05-10,09:38:00,8.99,Alistair's Apple Watch
2026-05-10,09:38:15,8.89,Alistair's Apple Watch
2026-05-10,09:38:31,8.99,Alistair's Apple Watch
2026-05-11,09:28:23,14.42,Alistair's Apple Watch
2026-05-11,09:29:04,9.99,Alistair's Apple Watch
2026-05-11,09:29:20,10.31,Alistair's Apple Watch
2026-05-11,09:29:58,10.01,Alistair's Apple Watch
2026-05-11,09:31:44,9.09,Alistair's Apple Watch
2026-05-11,09:36:01,9.19,Alistair's Apple Watch
2026-05-11,09:38:21,9.49,Alistair's Apple Watch
2026-05-11,09:38:30,8.99,Alistair's Apple Watch
2026-05-11,09:38:55,8.99,Alistair's Apple Watch
2026-05-11,09:40:05,9.11,Alistair's Apple Watch
2026-05-11,09:42:55,9.09,Alistair's Apple Watch
2026-05-11,09:43:44,8.79,Alistair's Apple Watch
2026-05-11,09:44:09,8.79,Alistair's Apple Watch
2026-05-11,09:44:35,8.79,Alistair's Apple Watch
2026-05-11,09:44:53,8.79,Alistair's Apple Watch
2026-05-11,09:45:09,8.69,Alistair's Apple Watch
2026-05-11,09:45:28,8.79,Alistair's Apple Watch
2026-05-11,09:45:44,8.69,Alistair's Apple Watch
2026-05-11,09:46:01,8.69,Alistair's Apple Watch
2026-05-11,09:46:17,8.79,Alistair's Apple Watch
2026-05-11,09:46:56,8.79,Alistair's Apple Watch
2026-05-11,09:47:14,8.79,Alistair's Apple Watch
2026-05-11,09:47:32,8.79,Alistair's Apple Watch
2026-05-11,09:47:49,8.79,Alistair's Apple Watch
2026-05-11,09:48:05,8.99,Alistair's Apple Watch
2026-05-13,19:14:32,25.59,Alistair's Apple Watch
2026-05-13,19:17:02,16.01,Alistair's Apple Watch
2026-05-13,19:17:03,15.28,Alistair's Apple Watch
2026-05-13,19:17:10,14.58,Alistair's Apple Watch
2026-05-13,19:18:51,10.79,Alistair's Apple Watch
2026-05-13,19:19:08,10.29,Alistair's Apple Watch
2026-05-13,19:19:24,10.19,Alistair's Apple Watch
2026-05-13,19:19:41,10.09,Alistair's Apple Watch
2026-05-13,19:19:57,10.09,Alistair's Apple Watch
2026-05-13,19:20:13,9.99,Alistair's Apple Watch
2026-05-13,19:20:28,10.09,Alistair's Apple Watch
2026-05-13,19:20:43,9.99,Alistair's Apple Watch
2026-05-13,19:20:59,10.29,Alistair's Apple Watch
2026-05-13,19:21:21,10.29,Alistair's Apple Watch
2026-05-13,19:21:47,10.09,Alistair's Apple Watch
2026-05-13,19:22:58,10.19,Alistair's Apple Watch
2026-05-13,19:23:57,10.09,Alistair's Apple Watch
2026-05-13,19:24:14,10.09,Alistair's Apple Watch
2026-05-13,19:24:32,10.09,Alistair's Apple Watch
2026-05-13,19:25:08,9.99,Alistair's Apple Watch
2026-05-13,19:25:38,10.19,Alistair's Apple Watch
2026-05-13,19:25:54,10.19,Alistair's Apple Watch
2026-05-13,19:26:30,10.19,Alistair's Apple Watch
2026-05-13,19:26:59,10.09,Alistair's Apple Watch
2026-05-13,19:27:15,10.29,Alistair's Apple Watch
2026-05-13,19:27:38,10.09,Alistair's Apple Watch
2026-05-13,19:28:00,10.09,Alistair's Apple Watch
2026-05-13,19:28:18,10.19,Alistair's Apple Watch
2026-05-13,19:28:37,10.09,Alistair's Apple Watch
2026-05-13,19:28:55,10.29,Alistair's Apple Watch
2026-05-13,19:29:12,9.99,Alistair's Apple Watch
2026-05-13,19:29:56,11.19,Alistair's Apple Watch
2026-05-13,19:30:10,10.49,Alistair's Apple Watch
2026-05-13,19:30:27,10.39,Alistair's Apple Watch
2026-05-13,19:30:57,10.69,Alistair's Apple Watch
2026-05-13,19:31:24,10.79,Alistair's Apple Watch
2026-05-15,11:42:59,24.99,Alistair's Apple Watch
2026-05-15,11:45:07,12.48,Alistair's Apple Watch
2026-05-15,11:45:07,11.34,Alistair's Apple Watch
2026-05-15,11:46:25,12.69,Alistair's Apple Watch
2026-05-15,11:47:37,10.51,Alistair's Apple Watch
2026-05-15,11:47:40,10.01,Alistair's Apple Watch
2026-05-15,11:48:05,10.61,Alistair's Apple Watch
2026-05-15,11:50:16,10.21,Alistair's Apple Watch
2026-05-15,11:50:32,10.39,Alistair's Apple Watch
2026-05-15,11:50:53,9.89,Alistair's Apple Watch
2026-05-15,11:54:08,13.31,Alistair's Apple Watch
2026-05-15,11:54:13,10.78,Alistair's Apple Watch
2026-05-15,11:54:17,9.98,Alistair's Apple Watch
2026-05-15,11:54:34,9.89,Alistair's Apple Watch
2026-05-15,12:06:21,15.79,Alistair's Apple Watch
2026-05-16,12:08:36,10.38,Alistair's Apple Watch
2026-05-16,12:08:40,9.38,Alistair's Apple Watch
2026-05-16,12:08:57,9.59,Alistair's Apple Watch
2026-05-16,12:09:17,9.69,Alistair's Apple Watch
2026-05-16,12:09:35,9.49,Alistair's Apple Watch
2026-05-16,12:09:53,9.59,Alistair's Apple Watch
2026-05-16,12:10:12,9.49,Alistair's Apple Watch
2026-05-16,12:10:28,9.59,Alistair's Apple Watch
2026-05-16,12:10:51,9.69,Alistair's Apple Watch
2026-05-16,12:11:37,9.99,Alistair's Apple Watch
2026-05-16,12:11:50,9.49,Alistair's Apple Watch
2026-05-16,12:12:11,9.49,Alistair's Apple Watch
2026-05-16,12:12:27,9.49,Alistair's Apple Watch
2026-05-16,12:13:11,9.49,Alistair's Apple Watch
2026-05-16,12:14:01,9.49,Alistair's Apple Watch
2026-05-16,12:19:45,9.91,Alistair's Apple Watch
2026-05-16,12:20:02,9.59,Alistair's Apple Watch
2026-05-16,12:20:19,9.59,Alistair's Apple Watch
2026-05-16,12:20:42,9.59,Alistair's Apple Watch
2026-05-16,12:20:58,9.59,Alistair's Apple Watch
2026-05-16,12:21:15,9.59,Alistair's Apple Watch
2026-05-16,12:21:31,9.69,Alistair's Apple Watch
2026-05-16,12:21:52,9.59,Alistair's Apple Watch
2026-05-16,12:22:42,9.49,Alistair's Apple Watch
2026-05-16,12:22:58,9.59,Alistair's Apple Watch
2026-05-16,12:23:15,9.69,Alistair's Apple Watch
2026-05-16,12:23:31,9.89,Alistair's Apple Watch
2026-05-16,12:24:15,9.69,Alistair's Apple Watch
2026-05-16,12:24:31,9.79,Alistair's Apple Watch
2026-05-16,12:24:47,9.91,Alistair's Apple Watch
2026-05-16,12:25:31,9.79,Alistair's Apple Watch
2026-05-16,12:25:48,9.69,Alistair's Apple Watch
2026-05-16,12:26:35,10.29,Alistair's Apple Watch
2026-05-16,12:26:50,9.89,Alistair's Apple Watch
2026-05-16,12:27:49,10.61,Alistair's Apple Watch
2026-05-16,12:28:05,10.09,Alistair's Apple Watch
2026-05-16,12:28:34,9.69,Alistair's Apple Watch
2026-05-16,12:28:52,9.69,Alistair's Apple Watch
2026-05-16,12:29:09,9.59,Alistair's Apple Watch
2026-05-16,12:29:29,9.59,Alistair's Apple Watch
2026-05-16,12:29:49,9.79,Alistair's Apple Watch
2026-05-16,12:30:06,9.69,Alistair's Apple Watch
2026-05-16,12:31:35,9.89,Alistair's Apple Watch
2026-05-16,12:31:53,9.69,Alistair's Apple Watch
2026-05-16,12:32:25,9.59,Alistair's Apple Watch
2026-05-16,12:32:40,9.49,Alistair's Apple Watch
2026-05-16,12:32:57,9.59,Alistair's Apple Watch
2026-05-16,12:33:38,9.49,Alistair's Apple Watch
2026-05-16,12:33:55,9.69,Alistair's Apple Watch
2026-05-16,12:34:20,9.89,Alistair's Apple Watch
2026-05-16,12:34:53,10.49,Alistair's Apple Watch
2026-05-16,12:34:53,9.91,Alistair's Apple Watch
2026-05-17,18:24:06,22.2,Alistair's Apple Watch
2026-05-17,18:24:06,13.21,Alistair's Apple Watch
2026-05-17,18:24:08,7.72,Alistair's Apple Watch
2026-05-17,18:24:11,8.7,Alistair's Apple Watch
2026-05-17,18:24:14,10.11,Alistair's Apple Watch
2026-05-17,18:24:17,11.79,Alistair's Apple Watch
2026-05-17,18:29:09,10.21,Alistair's Apple Watch
2026-05-17,18:29:19,10.89,Alistair's Apple Watch
2026-05-17,18:29:23,10.31,Alistair's Apple Watch
2026-05-17,18:29:39,10.49,Alistair's Apple Watch
2026-05-17,18:29:56,10.69,Alistair's Apple Watch
2026-05-17,18:30:13,10.99,Alistair's Apple Watch
2026-05-17,18:36:22,10.59,Alistair's Apple Watch
2026-05-17,18:40:06,10.19,Alistair's Apple Watch
2026-05-18,09:20:57,21.99,Alistair's Apple Watch
2026-05-18,09:20:57,7.69,Alistair's Apple Watch
2026-05-18,09:22:34,14.69,Alistair's Apple Watch
2026-05-18,09:24:45,12.53,Alistair's Apple Watch
2026-05-18,09:24:45,8.54,Alistair's Apple Watch
2026-05-18,09:24:49,9.48,Alistair's Apple Watch
2026-05-18,09:24:53,10.01,Alistair's Apple Watch
2026-05-18,09:25:22,9.79,Alistair's Apple Watch
2026-05-18,09:25:41,9.59,Alistair's Apple Watch
2026-05-18,09:25:58,9.59,Alistair's Apple Watch
2026-05-18,09:26:14,9.49,Alistair's Apple Watch
2026-05-18,09:26:29,9.49,Alistair's Apple Watch
2026-05-18,09:26:46,9.69,Alistair's Apple Watch
2026-05-18,09:27:03,9.59,Alistair's Apple Watch
2026-05-18,09:27:19,9.59,Alistair's Apple Watch
2026-05-18,09:27:37,9.69,Alistair's Apple Watch
2026-05-18,09:27:55,9.69,Alistair's Apple Watch
2026-05-18,09:28:11,9.69,Alistair's Apple Watch
2026-05-18,09:28:26,9.69,Alistair's Apple Watch
2026-05-18,09:28:43,9.69,Alistair's Apple Watch
2026-05-18,09:28:58,9.69,Alistair's Apple Watch
2026-05-18,09:29:14,9.69,Alistair's Apple Watch
2026-05-18,09:29:31,9.69,Alistair's Apple Watch
2026-05-18,09:29:46,9.69,Alistair's Apple Watch
2026-05-18,09:30:01,9.69,Alistair's Apple Watch
2026-05-18,09:30:19,9.59,Alistair's Apple Watch
2026-05-18,09:30:35,9.59,Alistair's Apple Watch
2026-05-18,09:30:53,9.59,Alistair's Apple Watch
2026-05-18,09:31:21,9.79,Alistair's Apple Watch
2026-05-18,09:31:39,9.69,Alistair's Apple Watch
2026-05-18,09:31:54,9.69,Alistair's Apple Watch
2026-05-18,09:32:10,9.69,Alistair's Apple Watch
2026-05-18,09:32:26,9.69,Alistair's Apple Watch
2026-05-18,09:32:43,9.69,Alistair's Apple Watch
2026-05-18,09:33:00,9.69,Alistair's Apple Watch
2026-05-18,09:33:17,9.69,Alistair's Apple Watch
2026-05-18,09:33:33,9.69,Alistair's Apple Watch
2026-05-18,09:33:50,9.59,Alistair's Apple Watch
2026-05-18,09:34:05,9.69,Alistair's Apple Watch
2026-05-18,09:34:23,9.59,Alistair's Apple Watch
2026-05-18,09:34:39,9.69,Alistair's Apple Watch
2026-05-18,09:34:54,9.69,Alistair's Apple Watch
2026-05-18,09:35:10,9.69,Alistair's Apple Watch
2026-05-18,09:35:26,9.69,Alistair's Apple Watch
2026-05-18,09:35:43,9.69,Alistair's Apple Watch
2026-05-18,09:36:00,9.79,Alistair's Apple Watch
2026-05-18,09:36:15,9.59,Alistair's Apple Watch
2026-05-18,09:36:38,9.99,Alistair's Apple Watch
2026-05-18,09:36:56,9.59,Alistair's Apple Watch
2026-05-18,09:37:13,9.59,Alistair's Apple Watch
2026-05-18,09:37:28,9.59,Alistair's Apple Watch
2026-05-18,09:37:46,9.59,Alistair's Apple Watch
2026-05-18,09:38:03,9.59,Alistair's Apple Watch
2026-05-18,09:38:28,9.59,Alistair's Apple Watch
2026-05-18,09:38:44,9.59,Alistair's Apple Watch
2026-05-18,09:38:59,9.59,Alistair's Apple Watch
2026-05-18,09:39:14,9.59,Alistair's Apple Watch
2026-05-18,09:39:33,9.59,Alistair's Apple Watch
2026-05-18,09:39:54,9.79,Alistair's Apple Watch
2026-05-18,09:40:11,9.59,Alistair's Apple Watch
2026-05-18,09:40:28,9.59,Alistair's Apple Watch
2026-05-18,09:40:44,9.59,Alistair's Apple Watch
2026-05-18,09:41:00,9.59,Alistair's Apple Watch
2026-05-18,09:41:19,9.59,Alistair's Apple Watch
2026-05-18,09:41:36,9.59,Alistair's Apple Watch
2026-05-18,09:41:52,9.59,Alistair's Apple Watch
2026-05-18,09:43:51,11.49,Alistair's Apple Watch
2026-05-18,09:43:51,10.48,Alistair's Apple Watch
2026-05-18,09:43:52,9.58,Alistair's Apple Watch
2026-05-18,09:44:08,9.69,Alistair's Apple Watch
2026-05-18,09:45:11,10.09,Alistair's Apple Watch
2026-05-18,09:45:26,9.69,Alistair's Apple Watch
2026-05-20,09:25:57,23.39,Alistair's Apple Watch
2026-05-20,09:26:01,21.88,Alistair's Apple Watch
2026-05-20,09:26:21,21.31,Alistair's Apple Watch
2026-05-20,09:26:33,20.61,Alistair's Apple Watch
2026-05-20,09:26:43,20.09,Alistair's Apple Watch
2026-05-20,09:27:00,19.69,Alistair's Apple Watch
2026-05-20,09:27:15,19.49,Alistair's Apple Watch
2026-05-20,09:27:33,19.19,Alistair's Apple Watch
2026-05-20,09:27:49,18.99,Alistair's Apple Watch
2026-05-20,09:28:05,18.79,Alistair's Apple Watch
2026-05-20,09:28:16,18.29,Alistair's Apple Watch
2026-05-20,09:28:35,18.29,Alistair's Apple Watch
2026-05-20,09:28:46,18.89,Alistair's Apple Watch
2026-05-20,09:29:10,18.49,Alistair's Apple Watch
2026-05-20,09:29:25,16.71,Alistair's Apple Watch
2026-05-20,09:30:17,16.49,Alistair's Apple Watch
2026-05-20,09:30:33,16.19,Alistair's Apple Watch
2026-05-20,09:30:49,16.09,Alistair's Apple Watch
2026-05-20,09:31:02,15.31,Alistair's Apple Watch
2026-05-20,09:31:17,15.59,Alistair's Apple Watch
2026-05-20,09:31:25,14.28,Alistair's Apple Watch
2026-05-20,09:31:27,14.99,Alistair's Apple Watch
2026-05-20,09:31:42,14.99,Alistair's Apple Watch
2026-05-20,09:32:01,15.29,Alistair's Apple Watch
2026-05-20,09:32:27,15.59,Alistair's Apple Watch
2026-05-20,09:32:46,15.49,Alistair's Apple Watch
2026-05-20,09:33:02,15.49,Alistair's Apple Watch
2026-05-20,09:33:19,15.59,Alistair's Apple Watch
2026-05-20,09:33:36,15.49,Alistair's Apple Watch
2026-05-20,09:33:51,15.59,Alistair's Apple Watch
2026-05-20,09:34:06,15.29,Alistair's Apple Watch
2026-05-20,09:34:25,15.09,Alistair's Apple Watch
2026-05-20,09:34:41,15.19,Alistair's Apple Watch
2026-05-20,09:34:58,15.39,Alistair's Apple Watch
2026-05-20,09:35:13,15.29,Alistair's Apple Watch
2026-05-20,09:35:29,15.19,Alistair's Apple Watch
2026-05-20,09:35:44,15.19,Alistair's Apple Watch
2026-05-20,09:36:02,15.19,Alistair's Apple Watch
2026-05-20,09:36:19,14.99,Alistair's Apple Watch
2026-05-20,09:36:35,14.99,Alistair's Apple Watch
2026-05-20,09:36:53,15.09,Alistair's Apple Watch
2026-05-20,09:37:08,14.89,Alistair's Apple Watch
2026-05-20,09:37:25,14.89,Alistair's Apple Watch
2026-05-20,09:37:42,14.99,Alistair's Apple Watch
2026-05-20,09:37:57,15.19,Alistair's Apple Watch
2026-05-20,09:38:13,15.19,Alistair's Apple Watch
2026-05-20,09:38:31,15.39,Alistair's Apple Watch
2026-05-20,09:38:46,15.19,Alistair's Apple Watch
2026-05-20,09:38:56,14.41,Alistair's Apple Watch
2026-05-20,09:39:13,14.19,Alistair's Apple Watch
2026-05-20,09:39:27,13.49,Alistair's Apple Watch
2026-05-20,09:39:45,13.51,Alistair's Apple Watch
2026-05-20,09:40:00,13.69,Alistair's Apple Watch
2026-05-20,09:40:16,13.79,Alistair's Apple Watch
2026-05-20,09:40:31,13.49,Alistair's Apple Watch
2026-05-20,09:40:41,13.99,Alistair's Apple Watch
2026-05-20,09:40:57,13.99,Alistair's Apple Watch
2026-05-20,09:41:13,13.89,Alistair's Apple Watch
2026-05-20,09:41:29,13.59,Alistair's Apple Watch
2026-05-20,09:41:45,13.49,Alistair's Apple Watch
2026-05-20,09:42:01,13.29,Alistair's Apple Watch
2026-05-20,09:42:27,13.79,Alistair's Apple Watch
2026-05-20,09:42:44,14.09,Alistair's Apple Watch
2026-05-20,09:42:55,13.51,Alistair's Apple Watch
2026-05-20,09:43:11,13.39,Alistair's Apple Watch
2026-05-20,09:43:27,13.39,Alistair's Apple Watch
2026-05-20,09:43:43,13.59,Alistair's Apple Watch
2026-05-20,09:45:02,13.89,Alistair's Apple Watch
2026-05-20,09:45:17,14.19,Alistair's Apple Watch
2026-05-20,09:45:33,14.19,Alistair's Apple Watch
2026-05-20,09:46:36,13.99,Alistair's Apple Watch
2026-05-20,09:46:50,14.49,Alistair's Apple Watch
2026-05-22,11:19:54,28.29,Alistair's Apple Watch
2026-05-22,11:19:54,25.93,Alistair's Apple Watch
2026-05-22,11:20:11,17.29,Alistair's Apple Watch
2026-05-22,11:20:17,16.31,Alistair's Apple Watch
2026-05-22,11:20:26,15.41,Alistair's Apple Watch
2026-05-22,11:20:41,14.89,Alistair's Apple Watch
2026-05-22,11:21:00,15.09,Alistair's Apple Watch
2026-05-22,11:21:48,14.59,Alistair's Apple Watch
2026-05-22,11:21:59,16.34,Alistair's Apple Watch
2026-05-22,11:22:04,15.79,Alistair's Apple Watch
2026-05-22,11:22:46,13.21,Alistair's Apple Watch
2026-05-22,11:22:59,12.41,Alistair's Apple Watch
2026-05-22,11:23:16,12.69,Alistair's Apple Watch
2026-05-22,11:23:34,12.19,Alistair's Apple Watch
2026-05-22,11:23:49,11.99,Alistair's Apple Watch
2026-05-22,11:24:06,11.79,Alistair's Apple Watch
2026-05-22,11:24:22,11.89,Alistair's Apple Watch
2026-05-22,11:24:41,11.69,Alistair's Apple Watch
2026-05-22,11:24:57,11.59,Alistair's Apple Watch
2026-05-22,11:25:15,12.09,Alistair's Apple Watch
2026-05-22,11:25:32,12.09,Alistair's Apple Watch
2026-05-22,11:25:50,12.29,Alistair's Apple Watch
2026-05-22,11:26:05,12.19,Alistair's Apple Watch
2026-05-22,11:26:24,12.19,Alistair's Apple Watch
2026-05-22,11:26:40,12.09,Alistair's Apple Watch
2026-05-22,11:26:56,11.99,Alistair's Apple Watch
2026-05-22,11:27:40,11.89,Alistair's Apple Watch
2026-05-22,11:28:18,11.79,Alistair's Apple Watch
2026-05-22,11:29:51,11.49,Alistair's Apple Watch
2026-05-22,11:30:07,11.49,Alistair's Apple Watch
2026-05-22,11:30:23,11.69,Alistair's Apple Watch
2026-05-22,11:30:39,11.69,Alistair's Apple Watch
2026-05-22,11:30:54,11.69,Alistair's Apple Watch
2026-05-22,11:31:10,11.69,Alistair's Apple Watch
2026-05-22,11:31:27,11.59,Alistair's Apple Watch
2026-05-22,11:31:43,11.39,Alistair's Apple Watch
2026-05-22,11:32:00,11.39,Alistair's Apple Watch
2026-05-22,11:34:12,11.09,Alistair's Apple Watch
2026-05-22,11:35:41,11.09,Alistair's Apple Watch
2026-05-22,11:36:16,11.29,Alistair's Apple Watch
2026-05-22,11:37:12,11.49,Alistair's Apple Watch
2026-05-22,11:38:01,11.69,Alistair's Apple Watch
2026-05-22,11:39:05,11.49,Alistair's Apple Watch
2026-05-22,11:39:58,11.59,Alistair's Apple Watch
2026-05-22,11:40:36,11.69,Alistair's Apple Watch
2026-05-23,08:20:14,28.59,Alistair's Apple Watch
2026-05-23,08:20:14,25.78,Alistair's Apple Watch
2026-05-23,08:20:15,20.78,Alistair's Apple Watch
2026-05-23,08:20:33,20.89,Alistair's Apple Watch
2026-05-23,08:20:36,20.21,Alistair's Apple Watch
2026-05-23,08:20:45,19.71,Alistair's Apple Watch
2026-05-23,08:21:00,19.69,Alistair's Apple Watch
2026-05-23,08:21:16,19.11,Alistair's Apple Watch
2026-05-23,08:21:35,19.09,Alistair's Apple Watch
2026-05-23,08:21:52,18.51,Alistair's Apple Watch
2026-05-23,08:22:08,18.01,Alistair's Apple Watch
2026-05-23,08:22:26,17.79,Alistair's Apple Watch
2026-05-23,08:22:31,15.51,Alistair's Apple Watch
2026-05-23,08:22:34,17.97,Alistair's Apple Watch
2026-05-23,08:22:39,18.47,Alistair's Apple Watch
2026-05-23,08:22:40,17.09,Alistair's Apple Watch
2026-05-23,08:22:51,14.18,Alistair's Apple Watch
2026-05-23,08:22:58,14.81,Alistair's Apple Watch
2026-05-23,08:23:46,14.81,Alistair's Apple Watch
2026-05-23,08:24:01,13.89,Alistair's Apple Watch
2026-05-23,08:24:24,14.11,Alistair's Apple Watch
2026-05-23,08:24:25,12.98,Alistair's Apple Watch
2026-05-23,08:24:29,13.51,Alistair's Apple Watch
2026-05-23,08:24:45,13.61,Alistair's Apple Watch
2026-05-23,08:25:05,13.39,Alistair's Apple Watch
2026-05-23,08:25:43,12.91,Alistair's Apple Watch
2026-05-23,08:26:00,13.29,Alistair's Apple Watch
2026-05-23,08:26:19,13.21,Alistair's Apple Watch
2026-05-23,08:26:35,12.81,Alistair's Apple Watch
2026-05-23,08:26:53,13.29,Alistair's Apple Watch
2026-05-23,08:26:57,13.79,Alistair's Apple Watch
2026-05-23,08:27:14,14.09,Alistair's Apple Watch
2026-05-23,08:27:31,14.59,Alistair's Apple Watch
2026-05-23,08:27:45,13.91,Alistair's Apple Watch
2026-05-23,08:28:00,14.49,Alistair's Apple Watch
2026-05-23,08:28:17,14.39,Alistair's Apple Watch
2026-05-23,08:28:32,14.39,Alistair's Apple Watch
2026-05-23,08:28:47,14.41,Alistair's Apple Watch
2026-05-23,08:29:03,14.59,Alistair's Apple Watch
2026-05-23,08:30:33,12.71,Alistair's Apple Watch
2026-05-23,08:30:52,12.79,Alistair's Apple Watch
2026-05-23,08:31:01,13.39,Alistair's Apple Watch
2026-05-23,08:31:16,13.49,Alistair's Apple Watch
2026-05-23,08:31:52,13.79,Alistair's Apple Watch
2026-05-23,08:32:11,13.89,Alistair's Apple Watch
2026-05-23,08:32:28,14.09,Alistair's Apple Watch
2026-05-23,08:32:45,14.19,Alistair's Apple Watch
2026-05-23,08:33:01,14.09,Alistair's Apple Watch
2026-05-23,08:33:18,13.89,Alistair's Apple Watch
2026-05-23,08:33:34,13.99,Alistair's Apple Watch
2026-05-23,08:33:49,14.19,Alistair's Apple Watch
2026-05-23,08:34:05,13.99,Alistair's Apple Watch
2026-05-23,08:34:20,14.19,Alistair's Apple Watch
2026-05-23,08:34:35,14.29,Alistair's Apple Watch
2026-05-23,08:34:53,14.19,Alistair's Apple Watch
2026-05-23,08:35:08,13.99,Alistair's Apple Watch
2026-05-23,08:35:30,13.79,Alistair's Apple Watch
2026-05-23,08:35:48,14.09,Alistair's Apple Watch
2026-05-23,08:36:03,13.99,Alistair's Apple Watch
2026-05-23,08:36:21,13.99,Alistair's Apple Watch
2026-05-23,08:38:40,12.59,Alistair's Apple Watch
2026-05-23,08:39:02,12.59,Alistair's Apple Watch
2026-05-23,08:40:42,12.19,Alistair's Apple Watch
2026-05-23,08:40:58,12.09,Alistair's Apple Watch
2026-05-23,08:41:16,12.39,Alistair's Apple Watch
2026-05-23,08:41:40,12.49,Alistair's Apple Watch
2026-05-23,08:43:34,12.21,Alistair's Apple Watch
2026-05-23,08:43:57,12.19,Alistair's Apple Watch
2026-05-23,08:44:24,12.29,Alistair's Apple Watch
2026-05-23,08:44:40,12.49,Alistair's Apple Watch
2026-05-23,08:44:56,12.49,Alistair's Apple Watch
2026-05-23,08:45:12,12.49,Alistair's Apple Watch
2026-05-23,08:45:30,12.59,Alistair's Apple Watch
2026-05-23,08:45:47,12.79,Alistair's Apple Watch
2026-05-23,08:46:02,12.89,Alistair's Apple Watch
2026-05-23,08:46:19,12.99,Alistair's Apple Watch
2026-05-23,08:46:36,13.19,Alistair's Apple Watch
2026-05-23,08:46:52,13.19,Alistair's Apple Watch
2026-05-23,08:47:08,13.19,Alistair's Apple Watch
2026-05-23,08:47:23,13.01,Alistair's Apple Watch
2026-05-23,08:47:51,12.79,Alistair's Apple Watch
2026-05-23,08:48:44,12.69,Alistair's Apple Watch
2026-05-23,08:49:05,12.69,Alistair's Apple Watch
2026-05-23,08:51:08,13.81,Alistair's Apple Watch
2026-05-23,08:51:08,11.43,Alistair's Apple Watch
2026-05-24,11:23:15,15.88,Alistair's Apple Watch
2026-05-24,11:23:15,13.27,Alistair's Apple Watch
2026-05-24,11:23:17,12.48,Alistair's Apple Watch
2026-05-24,11:23:18,11.48,Alistair's Apple Watch
2026-05-24,11:23:23,13.99,Alistair's Apple Watch
2026-05-24,11:23:28,14.94,Alistair's Apple Watch
2026-05-24,11:23:42,13.98,Alistair's Apple Watch
2026-05-24,11:24:08,15.24,Alistair's Apple Watch
2026-05-24,11:24:14,13.18,Alistair's Apple Watch
2026-05-24,11:24:14,13.71,Alistair's Apple Watch
2026-05-24,11:24:35,13.29,Alistair's Apple Watch
2026-05-24,11:24:53,13.39,Alistair's Apple Watch
2026-05-24,11:25:26,12.71,Alistair's Apple Watch
2026-05-24,11:25:50,12.41,Alistair's Apple Watch
2026-05-24,11:26:19,12.59,Alistair's Apple Watch
2026-05-24,11:26:36,12.39,Alistair's Apple Watch
2026-05-24,11:26:56,12.29,Alistair's Apple Watch
2026-05-24,11:27:13,12.19,Alistair's Apple Watch
2026-05-24,11:27:28,12.19,Alistair's Apple Watch
2026-05-24,11:27:47,12.49,Alistair's Apple Watch
2026-05-24,11:28:02,12.39,Alistair's Apple Watch
2026-05-24,11:28:21,12.39,Alistair's Apple Watch
2026-05-24,11:28:37,12.09,Alistair's Apple Watch
2026-05-24,11:28:54,11.99,Alistair's Apple Watch
2026-05-24,11:29:09,11.99,Alistair's Apple Watch
2026-05-24,11:29:25,12.09,Alistair's Apple Watch
2026-05-24,11:30:08,12.29,Alistair's Apple Watch
2026-05-24,11:30:22,10.88,Alistair's Apple Watch
2026-05-24,11:30:30,11.39,Alistair's Apple Watch
2026-05-24,11:30:38,11.89,Alistair's Apple Watch
2026-05-24,11:30:52,12.69,Alistair's Apple Watch
2026-05-24,11:31:03,11.78,Alistair's Apple Watch
2026-05-24,11:31:08,12.31,Alistair's Apple Watch
2026-05-24,11:31:24,12.09,Alistair's Apple Watch
2026-05-24,11:36:40,11.99,Alistair's Apple Watch
2026-05-24,11:36:56,12.09,Alistair's Apple Watch
2026-05-24,11:37:12,11.89,Alistair's Apple Watch
2026-05-24,11:37:27,11.79,Alistair's Apple Watch
2026-05-24,11:37:44,12.09,Alistair's Apple Watch
2026-05-24,11:38:00,11.99,Alistair's Apple Watch
2026-05-24,11:38:27,11.89,Alistair's Apple Watch
2026-05-24,11:38:42,11.89,Alistair's Apple Watch
2026-05-24,11:39:00,11.89,Alistair's Apple Watch
2026-05-24,11:39:17,11.79,Alistair's Apple Watch
2026-05-24,11:39:33,11.89,Alistair's Apple Watch
2026-05-24,11:39:50,11.79,Alistair's Apple Watch
2026-05-24,11:40:06,11.99,Alistair's Apple Watch
2026-05-24,11:40:23,12.09,Alistair's Apple Watch
2026-05-24,11:40:38,12.19,Alistair's Apple Watch
2026-05-24,11:40:54,12.09,Alistair's Apple Watch
2026-05-24,11:41:10,11.89,Alistair's Apple Watch
2026-05-24,11:41:26,12.09,Alistair's Apple Watch
2026-05-24,11:41:43,12.19,Alistair's Apple Watch
2026-05-24,11:41:58,12.09,Alistair's Apple Watch
2026-05-24,11:42:29,12.19,Alistair's Apple Watch
2026-05-24,11:42:47,12.29,Alistair's Apple Watch
2026-05-24,11:43:03,12.29,Alistair's Apple Watch
2026-05-24,11:43:22,12.29,Alistair's Apple Watch
2026-05-24,11:43:38,12.09,Alistair's Apple Watch
2026-05-24,11:43:54,12.39,Alistair's Apple Watch
2026-05-24,11:44:55,12.19,Alistair's Apple Watch
2026-05-24,11:45:10,12.39,Alistair's Apple Watch
2026-05-24,11:45:26,12.49,Alistair's Apple Watch
2026-05-24,11:45:43,12.59,Alistair's Apple Watch
2026-05-24,11:46:02,12.59,Alistair's Apple Watch
2026-05-24,11:46:20,12.79,Alistair's Apple Watch
2026-05-24,11:46:35,12.79,Alistair's Apple Watch
2026-05-25,08:29:16,24.8,Alistair's Apple Watch
2026-05-25,08:30:28,12.19,Alistair's Apple Watch
2026-05-25,08:30:43,12.19,Alistair's Apple Watch
2026-05-25,08:30:59,12.19,Alistair's Apple Watch
2026-05-25,08:31:15,12.19,Alistair's Apple Watch
2026-05-25,08:31:30,12.29,Alistair's Apple Watch
2026-05-25,08:31:46,12.29,Alistair's Apple Watch
2026-05-25,08:31:56,12.79,Alistair's Apple Watch
2026-05-25,08:32:55,12.59,Alistair's Apple Watch
2026-05-25,08:33:14,12.31,Alistair's Apple Watch
2026-05-25,08:33:29,12.39,Alistair's Apple Watch
2026-05-25,08:33:42,11.89,Alistair's Apple Watch
2026-05-25,08:33:57,12.19,Alistair's Apple Watch
2026-05-25,08:34:25,12.09,Alistair's Apple Watch
2026-05-25,08:34:41,12.09,Alistair's Apple Watch
2026-05-25,08:34:58,12.09,Alistair's Apple Watch
2026-05-25,08:35:14,11.99,Alistair's Apple Watch
2026-05-25,08:35:31,11.89,Alistair's Apple Watch
2026-05-25,08:35:56,11.99,Alistair's Apple Watch
2026-05-25,08:36:20,11.99,Alistair's Apple Watch
2026-05-25,08:36:36,12.09,Alistair's Apple Watch
2026-05-25,08:36:55,11.99,Alistair's Apple Watch
2026-05-25,08:37:11,11.99,Alistair's Apple Watch
2026-05-25,08:37:28,11.89,Alistair's Apple Watch
2026-05-25,08:37:46,11.99,Alistair's Apple Watch
2026-05-25,08:38:03,11.99,Alistair's Apple Watch
2026-05-25,08:38:19,12.09,Alistair's Apple Watch
2026-05-25,08:38:35,11.89,Alistair's Apple Watch
2026-05-25,08:38:52,11.79,Alistair's Apple Watch
2026-05-25,08:39:11,11.79,Alistair's Apple Watch
2026-05-25,08:39:27,11.79,Alistair's Apple Watch
2026-05-25,08:39:44,12.09,Alistair's Apple Watch
2026-05-25,08:40:04,11.79,Alistair's Apple Watch
2026-05-25,08:40:20,11.89,Alistair's Apple Watch
2026-05-25,08:40:37,11.89,Alistair's Apple Watch
2026-05-25,08:40:53,11.89,Alistair's Apple Watch
2026-05-25,08:41:09,11.89,Alistair's Apple Watch
2026-05-25,08:41:32,11.89,Alistair's Apple Watch
2026-05-25,08:41:48,11.79,Alistair's Apple Watch
2026-05-25,08:42:04,11.89,Alistair's Apple Watch
2026-05-25,08:42:21,11.89,Alistair's Apple Watch
2026-05-25,08:42:38,11.89,Alistair's Apple Watch
2026-05-25,08:42:57,11.79,Alistair's Apple Watch
2026-05-25,08:43:13,11.89,Alistair's Apple Watch
2026-05-25,08:43:30,11.69,Alistair's Apple Watch
2026-05-25,08:43:45,11.99,Alistair's Apple Watch
2026-05-25,08:44:00,11.89,Alistair's Apple Watch
2026-05-25,08:44:16,11.89,Alistair's Apple Watch
2026-05-25,08:44:32,11.89,Alistair's Apple Watch
2026-05-25,08:45:01,11.89,Alistair's Apple Watch
2026-05-25,08:45:16,11.79,Alistair's Apple Watch
2026-05-25,08:45:33,11.79,Alistair's Apple Watch
2026-05-25,08:45:48,11.99,Alistair's Apple Watch
2026-05-25,08:46:05,12.19,Alistair's Apple Watch
2026-05-25,08:46:24,11.99,Alistair's Apple Watch
2026-05-25,08:46:39,11.79,Alistair's Apple Watch
2026-05-25,08:46:54,11.79,Alistair's Apple Watch
2026-05-25,08:47:10,11.89,Alistair's Apple Watch
2026-05-25,08:47:27,11.69,Alistair's Apple Watch
2026-05-25,08:47:45,11.79,Alistair's Apple Watch
2026-05-25,08:48:10,11.89,Alistair's Apple Watch
2026-05-25,08:48:25,11.79,Alistair's Apple Watch
2026-05-25,08:48:43,11.79,Alistair's Apple Watch
2026-05-25,08:49:05,11.69,Alistair's Apple Watch
2026-05-25,08:49:21,11.69,Alistair's Apple Watch
2026-05-25,08:49:38,11.69,Alistair's Apple Watch
2026-05-25,08:49:55,11.69,Alistair's Apple Watch
2026-05-25,08:50:17,11.79,Alistair's Apple Watch
2026-05-25,08:50:34,11.99,Alistair's Apple Watch
2026-05-25,08:50:50,11.89,Alistair's Apple Watch
2026-05-25,08:51:05,11.79,Alistair's Apple Watch
2026-05-25,08:51:20,11.79,Alistair's Apple Watch
2026-05-25,08:51:35,11.79,Alistair's Apple Watch
2026-05-25,08:51:51,11.69,Alistair's Apple Watch
2026-05-25,08:52:06,11.79,Alistair's Apple Watch
2026-05-25,08:52:21,11.89,Alistair's Apple Watch
2026-05-25,08:52:38,11.79,Alistair's Apple Watch
2026-05-25,08:52:56,11.69,Alistair's Apple Watch
2026-05-25,08:53:13,11.59,Alistair's Apple Watch
2026-05-25,08:53:29,11.59,Alistair's Apple Watch
2026-05-25,08:53:45,11.59,Alistair's Apple Watch
2026-05-25,08:54:00,11.59,Alistair's Apple Watch
2026-05-25,08:54:18,11.69,Alistair's Apple Watch
2026-05-25,08:54:35,11.79,Alistair's Apple Watch
2026-05-25,08:54:52,11.79,Alistair's Apple Watch
2026-05-25,08:55:11,11.89,Alistair's Apple Watch
2026-05-25,08:55:32,11.89,Alistair's Apple Watch
2026-05-25,08:55:48,11.89,Alistair's Apple Watch
2026-05-25,08:56:06,11.89,Alistair's Apple Watch
2026-05-25,08:56:21,11.89,Alistair's Apple Watch
2026-05-25,08:56:38,11.89,Alistair's Apple Watch
2026-05-25,08:56:55,11.99,Alistair's Apple Watch
2026-05-25,08:57:13,12.09,Alistair's Apple Watch
2026-05-25,08:57:22,11.59,Alistair's Apple Watch
2026-05-25,08:57:41,11.99,Alistair's Apple Watch
2026-05-25,08:57:56,12.09,Alistair's Apple Watch
2026-05-25,08:58:12,12.09,Alistair's Apple Watch
2026-05-25,08:58:28,11.99,Alistair's Apple Watch
2026-05-25,08:58:44,11.99,Alistair's Apple Watch
2026-05-25,08:58:59,11.99,Alistair's Apple Watch
2026-05-25,08:59:16,11.89,Alistair's Apple Watch
2026-05-25,08:59:31,11.99,Alistair's Apple Watch
2026-05-25,08:59:56,11.79,Alistair's Apple Watch
2026-05-25,09:00:14,11.79,Alistair's Apple Watch
2026-05-25,09:00:31,11.89,Alistair's Apple Watch
2026-05-25,09:00:48,12.09,Alistair's Apple Watch
2026-05-25,09:01:04,12.09,Alistair's Apple Watch
2026-05-25,09:01:22,11.99,Alistair's Apple Watch
2026-05-25,09:01:40,11.99,Alistair's Apple Watch
2026-05-25,09:01:56,11.99,Alistair's Apple Watch
2026-05-25,09:02:13,11.89,Alistair's Apple Watch
2026-05-25,09:02:29,11.89,Alistair's Apple Watch
2026-05-25,09:02:45,11.89,Alistair's Apple Watch
2026-05-25,09:03:00,11.79,Alistair's Apple Watch
2026-05-25,09:03:19,11.99,Alistair's Apple Watch
2026-05-25,16:57:00,18.09,Alistair's Apple Watch
2026-05-25,16:57:03,19.24,Alistair's Apple Watch
2026-05-25,16:57:16,18.28,Alistair's Apple Watch
2026-05-25,16:57:21,18.99,Alistair's Apple Watch
2026-05-25,16:57:40,19.09,Alistair's Apple Watch
2026-05-25,16:57:59,18.71,Alistair's Apple Watch
2026-05-25,16:58:14,18.01,Alistair's Apple Watch
2026-05-25,16:58:21,17.31,Alistair's Apple Watch
2026-05-25,16:58:39,17.41,Alistair's Apple Watch
2026-05-25,16:59:05,17.09,Alistair's Apple Watch
2026-05-25,16:59:19,16.51,Alistair's Apple Watch
2026-05-25,16:59:32,17.09,Alistair's Apple Watch
2026-05-25,16:59:49,16.79,Alistair's Apple Watch
2026-05-25,17:00:07,16.69,Alistair's Apple Watch
2026-05-25,17:00:23,16.79,Alistair's Apple Watch
2026-05-25,17:00:39,17.09,Alistair's Apple Watch
2026-05-25,17:00:51,16.51,Alistair's Apple Watch
2026-05-25,17:01:22,17.09,Alistair's Apple Watch
2026-05-25,17:01:38,16.99,Alistair's Apple Watch
2026-05-25,17:01:53,17.09,Alistair's Apple Watch
2026-05-25,17:02:09,16.51,Alistair's Apple Watch
2026-05-25,17:02:16,15.71,Alistair's Apple Watch
2026-05-25,17:02:27,16.39,Alistair's Apple Watch
2026-05-25,17:02:43,16.19,Alistair's Apple Watch
2026-05-25,17:03:13,16.39,Alistair's Apple Watch
2026-05-25,17:03:41,15.71,Alistair's Apple Watch
2026-05-25,17:03:44,16.29,Alistair's Apple Watch
2026-05-25,17:04:03,16.01,Alistair's Apple Watch
2026-05-25,17:04:22,15.89,Alistair's Apple Watch
2026-05-25,17:04:39,15.21,Alistair's Apple Watch
2026-05-25,17:07:33,15.38,Alistair's Apple Watch
2026-05-25,17:07:34,15.99,Alistair's Apple Watch
2026-05-25,17:07:51,15.69,Alistair's Apple Watch
2026-05-25,17:08:10,16.29,Alistair's Apple Watch
2026-05-25,17:09:20,14.28,Alistair's Apple Watch
2026-05-25,17:09:27,16.34,Alistair's Apple Watch
2026-05-25,17:10:41,15.19,Alistair's Apple Watch
2026-05-25,17:17:16,19.69,Alistair's Apple Watch
2026-05-25,17:17:17,17.81,Alistair's Apple Watch
2026-05-25,17:17:19,16.43,Alistair's Apple Watch
2026-05-25,17:17:34,16.49,Alistair's Apple Watch
2026-05-25,17:17:50,16.11,Alistair's Apple Watch
2026-05-25,17:17:51,15.18,Alistair's Apple Watch
2026-05-25,17:18:09,15.59,Alistair's Apple Watch
2026-05-25,17:18:15,15.01,Alistair's Apple Watch
2026-05-25,17:18:35,14.99,Alistair's Apple Watch
2026-05-25,17:18:47,14.41,Alistair's Apple Watch
2026-05-25,17:19:18,14.61,Alistair's Apple Watch
2026-05-25,17:19:32,14.09,Alistair's Apple Watch
2026-05-25,17:19:49,14.39,Alistair's Apple Watch
2026-05-25,17:20:52,13.71,Alistair's Apple Watch
2026-05-25,17:22:10,14.09,Alistair's Apple Watch
2026-05-25,17:27:50,15.09,Alistair's Apple Watch
2026-05-25,17:28:26,14.19,Alistair's Apple Watch
2026-05-25,17:28:44,13.91,Alistair's Apple Watch
2026-05-25,17:29:02,14.29,Alistair's Apple Watch
2026-05-25,17:29:17,14.29,Alistair's Apple Watch
2026-05-25,17:29:51,14.39,Alistair's Apple Watch
2026-05-25,17:30:10,14.59,Alistair's Apple Watch
2026-05-25,17:30:32,16.29,Alistair's Apple Watch
2026-05-25,17:30:39,15.79,Alistair's Apple Watch
2026-05-25,17:30:48,15.21,Alistair's Apple Watch
2026-05-25,17:31:01,14.69,Alistair's Apple Watch
2026-05-25,17:31:17,14.49,Alistair's Apple Watch
2026-05-25,17:31:40,14.49,Alistair's Apple Watch
2026-05-26,11:37:20,14.61,Alistair's Apple Watch
2026-05-26,11:37:37,14.19,Alistair's Apple Watch
2026-05-26,11:37:53,14.19,Alistair's Apple Watch
2026-05-26,11:38:09,14.19,Alistair's Apple Watch
2026-05-26,11:38:25,13.99,Alistair's Apple Watch
2026-05-26,11:38:40,14.09,Alistair's Apple Watch
2026-05-26,11:38:57,13.61,Alistair's Apple Watch
2026-05-26,11:39:15,13.69,Alistair's Apple Watch
2026-05-26,11:39:38,13.99,Alistair's Apple Watch
2026-05-26,11:39:56,14.29,Alistair's Apple Watch
2026-05-26,11:40:12,13.89,Alistair's Apple Watch
2026-05-26,11:40:21,13.21,Alistair's Apple Watch
2026-05-26,11:40:36,12.89,Alistair's Apple Watch
2026-05-26,11:40:52,12.89,Alistair's Apple Watch
2026-05-26,11:41:09,12.89,Alistair's Apple Watch
2026-05-26,11:41:25,12.89,Alistair's Apple Watch
2026-05-26,11:41:43,12.89,Alistair's Apple Watch
2026-05-26,11:41:59,12.89,Alistair's Apple Watch
2026-05-26,11:42:15,12.69,Alistair's Apple Watch
2026-05-26,11:42:33,12.59,Alistair's Apple Watch
2026-05-26,11:42:49,12.59,Alistair's Apple Watch
2026-05-26,11:43:05,12.59,Alistair's Apple Watch
2026-05-26,11:44:04,12.49,Alistair's Apple Watch
2026-05-26,11:44:20,12.49,Alistair's Apple Watch
2026-05-26,11:44:36,12.49,Alistair's Apple Watch
2026-05-26,11:44:52,12.49,Alistair's Apple Watch
2026-05-26,11:45:10,12.59,Alistair's Apple Watch
2026-05-26,11:45:26,12.59,Alistair's Apple Watch
2026-05-26,11:45:44,12.59,Alistair's Apple Watch
2026-05-26,11:46:01,12.59,Alistair's Apple Watch
2026-05-26,11:46:19,12.49,Alistair's Apple Watch
2026-05-26,11:46:36,12.59,Alistair's Apple Watch
2026-05-26,11:46:54,12.69,Alistair's Apple Watch
2026-05-26,11:47:13,12.59,Alistair's Apple Watch
2026-05-26,11:47:30,12.59,Alistair's Apple Watch
2026-05-26,11:47:46,12.59,Alistair's Apple Watch
2026-05-26,11:48:08,12.59,Alistair's Apple Watch
2026-05-26,11:48:26,12.49,Alistair's Apple Watch
2026-05-26,11:48:44,12.49,Alistair's Apple Watch
2026-05-26,11:49:05,12.69,Alistair's Apple Watch
2026-05-26,11:49:21,12.59,Alistair's Apple Watch
2026-05-26,11:49:38,12.49,Alistair's Apple Watch
2026-05-26,11:49:55,12.49,Alistair's Apple Watch
2026-05-26,11:50:13,12.49,Alistair's Apple Watch
2026-05-26,11:50:31,12.49,Alistair's Apple Watch
2026-05-26,11:50:49,12.49,Alistair's Apple Watch
2026-05-26,11:51:05,12.49,Alistair's Apple Watch
2026-05-26,11:51:21,12.49,Alistair's Apple Watch
2026-05-26,11:51:38,12.69,Alistair's Apple Watch
2026-05-26,11:51:54,12.59,Alistair's Apple Watch
2026-05-26,11:52:10,12.59,Alistair's Apple Watch
2026-05-26,11:52:27,12.59,Alistair's Apple Watch
2026-05-26,11:52:44,12.79,Alistair's Apple Watch
2026-05-26,11:53:03,12.89,Alistair's Apple Watch
2026-05-26,11:53:19,13.39,Alistair's Apple Watch
2026-05-26,11:53:28,14.09,Alistair's Apple Watch
2026-05-26,11:53:31,14.59,Alistair's Apple Watch
2026-05-26,11:53:43,15.09,Alistair's Apple Watch
2026-05-26,11:53:58,14.99,Alistair's Apple Watch
2026-05-26,11:54:14,15.39,Alistair's Apple Watch
2026-05-26,11:54:31,15.49,Alistair's Apple Watch
2026-05-26,11:54:50,15.49,Alistair's Apple Watch
2026-05-26,11:55:06,15.49,Alistair's Apple Watch
2026-05-26,11:55:21,15.59,Alistair's Apple Watch
2026-05-26,11:55:38,15.79,Alistair's Apple Watch
2026-05-30,08:29:07,28.49,Alistair's Apple Watch
2026-05-30,08:29:07,27.58,Alistair's Apple Watch
2026-05-30,08:29:10,23.88,Alistair's Apple Watch
2026-05-30,08:29:11,19.82,Alistair's Apple Watch
2026-05-30,08:29:13,19.03,Alistair's Apple Watch
2026-05-30,08:29:18,20.31,Alistair's Apple Watch
2026-05-30,08:29:29,19.61,Alistair's Apple Watch
2026-05-30,08:29:35,17.03,Alistair's Apple Watch
2026-05-30,08:29:38,16.31,Alistair's Apple Watch
2026-05-30,08:29:42,17.11,Alistair's Apple Watch
2026-05-30,08:29:50,16.51,Alistair's Apple Watch
2026-05-30,08:30:06,16.29,Alistair's Apple Watch
2026-05-30,08:30:07,15.18,Alistair's Apple Watch
2026-05-30,08:30:10,15.69,Alistair's Apple Watch
2026-05-30,08:30:15,14.48,Alistair's Apple Watch
2026-05-30,08:30:19,13.98,Alistair's Apple Watch
2026-05-30,08:30:35,13.31,Alistair's Apple Watch
2026-05-30,08:30:39,12.71,Alistair's Apple Watch
2026-05-30,08:30:54,12.31,Alistair's Apple Watch
2026-05-30,08:31:11,11.79,Alistair's Apple Watch
2026-05-30,08:31:29,11.69,Alistair's Apple Watch
2026-05-30,08:31:46,11.49,Alistair's Apple Watch
2026-05-30,08:32:01,11.39,Alistair's Apple Watch
2026-05-30,08:32:17,11.39,Alistair's Apple Watch
2026-05-30,08:32:32,11.39,Alistair's Apple Watch
2026-05-30,08:32:47,11.29,Alistair's Apple Watch
2026-05-30,08:33:03,11.39,Alistair's Apple Watch
2026-05-30,08:33:19,11.39,Alistair's Apple Watch
2026-05-30,08:33:37,11.39,Alistair's Apple Watch
2026-05-30,08:33:52,11.39,Alistair's Apple Watch
2026-05-30,08:34:07,11.29,Alistair's Apple Watch
2026-05-30,08:34:23,11.39,Alistair's Apple Watch
2026-05-30,08:34:38,11.19,Alistair's Apple Watch
2026-05-30,08:34:55,11.49,Alistair's Apple Watch
2026-05-30,08:35:11,11.59,Alistair's Apple Watch
2026-05-30,08:35:26,11.79,Alistair's Apple Watch
2026-05-30,08:35:41,11.79,Alistair's Apple Watch
2026-05-30,08:35:57,11.99,Alistair's Apple Watch
2026-05-30,08:36:14,12.29,Alistair's Apple Watch
2026-05-30,08:36:29,11.71,Alistair's Apple Watch
2026-05-30,08:36:45,11.39,Alistair's Apple Watch
2026-05-30,08:37:07,11.39,Alistair's Apple Watch
2026-05-30,08:37:22,11.39,Alistair's Apple Watch
2026-05-30,08:37:39,11.19,Alistair's Apple Watch
2026-05-30,08:37:55,11.19,Alistair's Apple Watch
2026-05-30,08:38:16,11.49,Alistair's Apple Watch
2026-05-30,08:38:35,11.19,Alistair's Apple Watch
2026-05-30,08:38:51,11.29,Alistair's Apple Watch
2026-05-30,08:39:08,11.09,Alistair's Apple Watch
2026-05-30,08:39:26,10.99,Alistair's Apple Watch
2026-05-30,08:39:42,10.99,Alistair's Apple Watch
2026-05-30,08:39:58,11.09,Alistair's Apple Watch
2026-05-30,08:40:15,10.99,Alistair's Apple Watch
2026-05-30,08:40:45,11.09,Alistair's Apple Watch
2026-05-30,08:41:00,10.81,Alistair's Apple Watch
2026-05-30,08:41:17,10.89,Alistair's Apple Watch
2026-05-30,08:41:35,10.99,Alistair's Apple Watch
2026-05-30,08:41:52,11.09,Alistair's Apple Watch
2026-05-30,08:42:08,10.69,Alistair's Apple Watch
2026-05-30,08:42:26,10.69,Alistair's Apple Watch
2026-05-30,08:42:42,10.89,Alistair's Apple Watch
2026-05-30,08:42:59,10.79,Alistair's Apple Watch
2026-05-30,08:43:15,10.59,Alistair's Apple Watch
2026-05-30,08:43:31,10.69,Alistair's Apple Watch
2026-05-30,08:43:48,10.69,Alistair's Apple Watch
2026-05-30,08:44:03,10.69,Alistair's Apple Watch
2026-05-30,08:44:21,10.59,Alistair's Apple Watch
2026-05-30,08:44:36,10.69,Alistair's Apple Watch
2026-05-30,08:44:52,10.59,Alistair's Apple Watch
2026-05-30,08:45:09,10.59,Alistair's Apple Watch
2026-05-30,08:45:26,10.79,Alistair's Apple Watch
2026-05-30,08:45:44,10.79,Alistair's Apple Watch
2026-05-30,08:46:08,10.69,Alistair's Apple Watch
2026-05-30,08:46:53,10.99,Alistair's Apple Watch
2026-05-30,08:47:09,10.59,Alistair's Apple Watch
2026-05-30,08:47:30,10.59,Alistair's Apple Watch
2026-05-30,08:47:48,10.59,Alistair's Apple Watch
2026-05-30,08:48:03,10.59,Alistair's Apple Watch
2026-05-30,08:48:20,10.79,Alistair's Apple Watch
2026-05-30,08:48:36,10.79,Alistair's Apple Watch
2026-05-30,08:48:52,10.79,Alistair's Apple Watch
2026-05-30,08:49:07,10.79,Alistair's Apple Watch
2026-05-30,08:49:23,10.79,Alistair's Apple Watch
2026-05-30,08:49:39,10.79,Alistair's Apple Watch
2026-05-30,08:50:15,10.99,Alistair's Apple Watch
2026-05-30,08:50:31,11.09,Alistair's Apple Watch
2026-05-30,08:50:50,10.79,Alistair's Apple Watch
2026-05-30,08:51:07,10.79,Alistair's Apple Watch
2026-05-30,08:51:23,10.79,Alistair's Apple Watch
2026-05-30,08:51:57,10.99,Alistair's Apple Watch
2026-05-30,08:52:13,10.99,Alistair's Apple Watch
2026-05-30,08:52:29,11.09,Alistair's Apple Watch
2026-05-31,11:49:33,12.89,Alistair's Apple Watch S10
2026-05-31,11:49:42,12.39,Alistair's Apple Watch S10
2026-05-31,11:49:59,12.39,Alistair's Apple Watch S10
2026-05-31,11:50:15,12.39,Alistair's Apple Watch S10
2026-05-31,11:50:33,12.29,Alistair's Apple Watch S10
2026-05-31,11:50:49,12.29,Alistair's Apple Watch S10
2026-05-31,11:51:07,12.29,Alistair's Apple Watch S10
2026-05-31,11:51:24,12.29,Alistair's Apple Watch S10
2026-05-31,11:51:43,12.29,Alistair's Apple Watch S10
2026-05-31,11:52:00,12.29,Alistair's Apple Watch S10
2026-05-31,11:52:16,12.29,Alistair's Apple Watch S10
2026-05-31,11:52:31,12.39,Alistair's Apple Watch S10
2026-06-05,11:22:31,17.69,Alistair's Apple Watch
2026-06-05,11:22:32,16.91,Alistair's Apple Watch
2026-06-05,11:22:35,15.68,Alistair's Apple Watch
2026-06-05,11:22:39,16.21,Alistair's Apple Watch
2026-06-05,11:22:39,14.61,Alistair's Apple Watch
2026-06-05,11:22:54,14.69,Alistair's Apple Watch
2026-06-05,11:23:14,14.89,Alistair's Apple Watch
2026-06-05,11:23:17,13.58,Alistair's Apple Watch
2026-06-05,11:23:32,13.51,Alistair's Apple Watch
2026-06-05,11:23:47,13.39,Alistair's Apple Watch
2026-06-05,11:24:02,13.39,Alistair's Apple Watch
2026-06-05,11:24:17,13.39,Alistair's Apple Watch
2026-06-05,11:24:34,13.09,Alistair's Apple Watch
2026-06-05,11:24:54,12.99,Alistair's Apple Watch
2026-06-05,11:25:09,12.79,Alistair's Apple Watch
2026-06-05,11:25:25,12.79,Alistair's Apple Watch
2026-06-05,11:25:42,12.79,Alistair's Apple Watch
2026-06-05,11:25:59,12.79,Alistair's Apple Watch
2026-06-05,11:26:15,12.79,Alistair's Apple Watch
2026-06-05,11:26:31,12.59,Alistair's Apple Watch
2026-06-05,11:26:48,12.49,Alistair's Apple Watch
2026-06-05,11:27:05,12.49,Alistair's Apple Watch
2026-06-05,11:27:21,12.59,Alistair's Apple Watch
2026-06-05,11:27:38,12.49,Alistair's Apple Watch
2026-06-05,11:27:57,12.39,Alistair's Apple Watch
2026-06-05,11:28:13,12.29,Alistair's Apple Watch
2026-06-05,11:28:29,12.29,Alistair's Apple Watch
2026-06-05,11:28:44,11.89,Alistair's Apple Watch
2026-06-05,11:29:05,11.79,Alistair's Apple Watch
2026-06-05,11:29:56,11.79,Alistair's Apple Watch
2026-06-05,11:30:12,11.69,Alistair's Apple Watch
2026-06-05,11:30:31,11.69,Alistair's Apple Watch
2026-06-05,11:30:47,11.69,Alistair's Apple Watch
2026-06-05,11:31:02,11.59,Alistair's Apple Watch
2026-06-05,11:31:19,11.59,Alistair's Apple Watch
2026-06-05,11:31:35,11.69,Alistair's Apple Watch
2026-06-05,11:31:51,11.59,Alistair's Apple Watch
2026-06-05,11:32:07,11.59,Alistair's Apple Watch
2026-06-05,11:32:23,11.59,Alistair's Apple Watch
2026-06-05,11:32:41,11.59,Alistair's Apple Watch
2026-06-05,11:32:56,11.49,Alistair's Apple Watch
2026-06-05,11:33:20,11.99,Alistair's Apple Watch
2026-06-05,11:33:36,11.49,Alistair's Apple Watch
2026-06-05,11:33:51,11.59,Alistair's Apple Watch
2026-06-05,11:34:10,11.49,Alistair's Apple Watch
2026-06-05,11:34:26,11.49,Alistair's Apple Watch
2026-06-05,11:34:42,11.39,Alistair's Apple Watch
2026-06-05,11:35:01,11.39,Alistair's Apple Watch
2026-06-05,11:35:19,11.39,Alistair's Apple Watch
2026-06-05,11:35:35,11.39,Alistair's Apple Watch
2026-06-05,11:35:51,11.39,Alistair's Apple Watch
2026-06-05,11:36:06,11.39,Alistair's Apple Watch
2026-06-05,11:36:25,11.49,Alistair's Apple Watch
2026-06-05,11:36:41,11.59,Alistair's Apple Watch
2026-06-05,11:37:07,11.59,Alistair's Apple Watch
2026-06-05,11:37:27,11.59,Alistair's Apple Watch
2026-06-05,11:37:43,11.59,Alistair's Apple Watch
2026-06-05,11:38:05,11.89,Alistair's Apple Watch
2026-06-06,08:18:53,24.19,Alistair's Apple Watch
2026-06-06,08:18:53,21.28,Alistair's Apple Watch
2026-06-06,08:18:55,20.13,Alistair's Apple Watch
2026-06-06,08:19:03,19.11,Alistair's Apple Watch
2026-06-06,08:19:03,18.48,Alistair's Apple Watch
2026-06-06,08:19:25,18.59,Alistair's Apple Watch
2026-06-06,08:19:38,17.91,Alistair's Apple Watch
2026-06-06,08:19:57,17.59,Alistair's Apple Watch
2026-06-06,08:20:06,16.71,Alistair's Apple Watch
2026-06-06,08:20:17,16.19,Alistair's Apple Watch
2026-06-06,08:20:33,13.71,Alistair's Apple Watch
2026-06-06,08:21:03,14.29,Alistair's Apple Watch
2026-06-06,08:21:15,12.78,Alistair's Apple Watch
2026-06-06,08:21:15,13.59,Alistair's Apple Watch
2026-06-06,08:21:28,14.19,Alistair's Apple Watch
2026-06-06,08:21:32,13.61,Alistair's Apple Watch
2026-06-06,08:21:43,14.29,Alistair's Apple Watch
2026-06-06,08:21:51,13.79,Alistair's Apple Watch
2026-06-06,08:22:10,13.39,Alistair's Apple Watch
2026-06-06,08:22:15,12.61,Alistair's Apple Watch
2026-06-06,08:22:19,13.84,Alistair's Apple Watch
2026-06-06,08:22:23,13.19,Alistair's Apple Watch
2026-06-06,08:22:43,13.11,Alistair's Apple Watch
2026-06-06,08:23:06,13.09,Alistair's Apple Watch
2026-06-06,08:23:24,12.71,Alistair's Apple Watch
2026-06-06,08:23:40,12.71,Alistair's Apple Watch
2026-06-06,08:23:46,12.21,Alistair's Apple Watch
2026-06-06,08:24:05,12.29,Alistair's Apple Watch
2026-06-06,08:24:20,12.59,Alistair's Apple Watch
2026-06-06,08:24:37,12.29,Alistair's Apple Watch
2026-06-06,08:24:55,12.69,Alistair's Apple Watch
2026-06-06,08:25:10,12.69,Alistair's Apple Watch
2026-06-06,08:25:25,13.19,Alistair's Apple Watch
2026-06-06,08:25:42,12.89,Alistair's Apple Watch
2026-06-06,08:25:59,13.09,Alistair's Apple Watch
2026-06-06,08:26:15,12.99,Alistair's Apple Watch
2026-06-06,08:26:33,12.89,Alistair's Apple Watch
2026-06-06,08:26:50,13.19,Alistair's Apple Watch
2026-06-06,08:27:06,13.21,Alistair's Apple Watch
2026-06-06,08:27:22,12.81,Alistair's Apple Watch
2026-06-06,08:28:01,12.19,Alistair's Apple Watch
2026-06-06,08:28:23,11.89,Alistair's Apple Watch
2026-06-06,08:28:38,11.99,Alistair's Apple Watch
2026-06-06,08:29:00,12.11,Alistair's Apple Watch
2026-06-06,08:29:22,11.99,Alistair's Apple Watch
2026-06-06,08:29:42,11.99,Alistair's Apple Watch
2026-06-06,08:30:03,11.79,Alistair's Apple Watch
2026-06-06,08:30:21,11.79,Alistair's Apple Watch
2026-06-06,08:30:42,11.79,Alistair's Apple Watch
2026-06-06,08:30:57,11.89,Alistair's Apple Watch
2026-06-06,08:31:16,11.49,Alistair's Apple Watch
2026-06-06,08:31:36,11.59,Alistair's Apple Watch
2026-06-06,08:32:02,11.39,Alistair's Apple Watch
2026-06-06,08:32:20,11.79,Alistair's Apple Watch
2026-06-06,08:32:32,11.01,Alistair's Apple Watch
2026-06-06,08:32:47,11.29,Alistair's Apple Watch
2026-06-06,08:33:06,11.59,Alistair's Apple Watch
2026-06-06,08:33:22,11.49,Alistair's Apple Watch
2026-06-06,08:33:39,11.49,Alistair's Apple Watch
2026-06-06,08:33:54,11.69,Alistair's Apple Watch
2026-06-06,08:34:10,11.89,Alistair's Apple Watch
2026-06-06,08:34:27,11.89,Alistair's Apple Watch
2026-06-07,11:22:51,24.51,Alistair's Apple Watch
2026-06-07,11:22:51,14.37,Alistair's Apple Watch
2026-06-07,11:22:56,15.53,Alistair's Apple Watch
2026-06-07,11:22:58,17.09,Alistair's Apple Watch
2026-06-07,11:23:41,15.39,Alistair's Apple Watch
2026-06-07,11:23:42,14.61,Alistair's Apple Watch
2026-06-07,11:24:00,14.39,Alistair's Apple Watch
2026-06-07,11:24:18,14.29,Alistair's Apple Watch
2026-06-07,11:24:33,13.99,Alistair's Apple Watch
2026-06-07,11:24:49,14.09,Alistair's Apple Watch
2026-06-07,11:25:05,14.19,Alistair's Apple Watch
2026-06-07,11:25:21,14.19,Alistair's Apple Watch
2026-06-07,11:25:37,13.81,Alistair's Apple Watch
2026-06-07,11:25:55,13.99,Alistair's Apple Watch
2026-06-07,11:26:11,13.31,Alistair's Apple Watch
2026-06-07,11:26:19,12.51,Alistair's Apple Watch
2026-06-07,11:26:26,12.01,Alistair's Apple Watch
2026-06-07,11:26:42,12.39,Alistair's Apple Watch
2026-06-07,11:26:47,13.34,Alistair's Apple Watch
2026-06-07,11:26:55,12.81,Alistair's Apple Watch
2026-06-07,11:27:13,12.69,Alistair's Apple Watch
2026-06-07,11:27:30,12.79,Alistair's Apple Watch
2026-06-07,11:27:48,12.79,Alistair's Apple Watch
2026-06-07,11:28:03,12.89,Alistair's Apple Watch
2026-06-07,11:28:19,12.89,Alistair's Apple Watch
2026-06-07,11:28:38,12.89,Alistair's Apple Watch
2026-06-07,11:28:56,12.79,Alistair's Apple Watch
2026-06-07,11:29:11,12.59,Alistair's Apple Watch
2026-06-07,11:29:19,11.99,Alistair's Apple Watch
2026-06-07,11:29:34,11.89,Alistair's Apple Watch
2026-06-07,11:29:50,11.59,Alistair's Apple Watch
2026-06-07,11:30:05,11.69,Alistair's Apple Watch
2026-06-07,11:30:20,11.49,Alistair's Apple Watch
2026-06-07,11:30:36,11.49,Alistair's Apple Watch
2026-06-07,11:30:52,11.49,Alistair's Apple Watch
2026-06-07,11:31:07,10.99,Alistair's Apple Watch
2026-06-07,11:31:22,10.99,Alistair's Apple Watch
2026-06-07,11:31:38,10.99,Alistair's Apple Watch
2026-06-07,11:32:08,10.99,Alistair's Apple Watch
2026-06-07,11:32:23,10.99,Alistair's Apple Watch
2026-06-07,11:32:39,10.99,Alistair's Apple Watch
2026-06-07,11:32:56,10.99,Alistair's Apple Watch
2026-06-07,11:33:12,10.99,Alistair's Apple Watch
2026-06-07,11:33:29,10.99,Alistair's Apple Watch
2026-06-07,11:33:45,10.99,Alistair's Apple Watch
2026-06-07,11:34:00,10.99,Alistair's Apple Watch
2026-06-07,11:34:16,10.89,Alistair's Apple Watch
2026-06-07,11:34:32,10.89,Alistair's Apple Watch
2026-06-07,11:34:48,10.89,Alistair's Apple Watch
2026-06-07,11:35:04,10.89,Alistair's Apple Watch
2026-06-07,11:35:20,10.89,Alistair's Apple Watch
2026-06-07,11:35:35,10.89,Alistair's Apple Watch
2026-06-07,11:35:51,10.89,Alistair's Apple Watch
2026-06-07,11:36:06,10.89,Alistair's Apple Watch
2026-06-07,11:36:23,10.89,Alistair's Apple Watch
2026-06-07,11:36:39,10.89,Alistair's Apple Watch
2026-06-07,11:36:57,10.89,Alistair's Apple Watch
2026-06-07,11:37:12,10.89,Alistair's Apple Watch
2026-06-07,11:37:28,10.79,Alistair's Apple Watch
2026-06-07,11:37:48,10.79,Alistair's Apple Watch
2026-06-07,11:38:06,10.89,Alistair's Apple Watch
2026-06-07,11:38:23,10.89,Alistair's Apple Watch
2026-06-07,11:38:39,10.89,Alistair's Apple Watch
2026-06-07,11:38:55,10.79,Alistair's Apple Watch
2026-06-07,11:39:10,10.79,Alistair's Apple Watch
2026-06-07,11:39:28,10.79,Alistair's Apple Watch
2026-06-07,11:39:43,10.79,Alistair's Apple Watch
2026-06-07,11:40:00,10.79,Alistair's Apple Watch
2026-06-07,11:40:15,10.79,Alistair's Apple Watch
2026-06-07,11:40:34,10.89,Alistair's Apple Watch
2026-06-07,11:40:50,10.89,Alistair's Apple Watch
2026-06-07,11:41:07,10.89,Alistair's Apple Watch
2026-06-07,11:41:31,10.89,Alistair's Apple Watch
2026-06-07,11:41:46,10.89,Alistair's Apple Watch
2026-06-07,11:42:02,10.99,Alistair's Apple Watch
2026-06-07,11:42:19,11.09,Alistair's Apple Watch
2026-06-07,11:42:48,11.09,Alistair's Apple Watch
2026-06-07,11:43:04,11.09,Alistair's Apple Watch
2026-06-07,11:43:20,10.99,Alistair's Apple Watch
2026-06-07,11:43:39,10.99,Alistair's Apple Watch
2026-06-07,11:43:54,11.09,Alistair's Apple Watch
2026-06-07,11:44:12,11.09,Alistair's Apple Watch
2026-06-07,11:44:28,11.09,Alistair's Apple Watch
2026-06-07,11:44:44,11.09,Alistair's Apple Watch
2026-06-07,11:45:08,11.19,Alistair's Apple Watch
2026-06-07,11:46:04,11.49,Alistair's Apple Watch
2026-06-07,11:46:20,11.29,Alistair's Apple Watch
2026-06-07,11:46:36,11.19,Alistair's Apple Watch
2026-06-07,11:47:01,11.19,Alistair's Apple Watch
2026-06-08,09:20:53,23.38,Alistair's Apple Watch
2026-06-08,09:22:08,14.09,Alistair's Apple Watch
2026-06-08,09:22:24,14.59,Alistair's Apple Watch
2026-06-08,09:22:39,14.69,Alistair's Apple Watch
2026-06-08,09:22:55,14.69,Alistair's Apple Watch
2026-06-08,09:23:10,14.59,Alistair's Apple Watch
2026-06-08,09:23:26,14.59,Alistair's Apple Watch
2026-06-08,09:23:42,14.69,Alistair's Apple Watch
2026-06-08,09:23:58,14.49,Alistair's Apple Watch
2026-06-08,09:24:17,14.29,Alistair's Apple Watch
2026-06-08,09:24:33,14.29,Alistair's Apple Watch
2026-06-08,09:24:45,13.61,Alistair's Apple Watch
2026-06-08,09:24:49,12.58,Alistair's Apple Watch
2026-06-08,09:24:53,11.58,Alistair's Apple Watch
2026-06-08,09:24:56,13.44,Alistair's Apple Watch
2026-06-08,09:24:58,12.81,Alistair's Apple Watch
2026-06-08,09:25:12,12.29,Alistair's Apple Watch
2026-06-08,09:25:16,13.24,Alistair's Apple Watch
2026-06-08,09:25:17,12.11,Alistair's Apple Watch
2026-06-08,09:25:33,12.19,Alistair's Apple Watch
2026-06-08,09:25:49,11.61,Alistair's Apple Watch
2026-06-08,09:26:05,11.29,Alistair's Apple Watch
2026-06-08,09:26:21,11.29,Alistair's Apple Watch
2026-06-08,09:26:30,11.79,Alistair's Apple Watch
2026-06-08,09:26:46,12.09,Alistair's Apple Watch
2026-06-08,09:27:04,12.09,Alistair's Apple Watch
2026-06-08,09:27:21,12.19,Alistair's Apple Watch
2026-06-08,09:27:38,11.89,Alistair's Apple Watch
2026-06-08,09:28:08,11.19,Alistair's Apple Watch
2026-06-08,09:28:24,11.09,Alistair's Apple Watch
2026-06-08,09:28:41,11.09,Alistair's Apple Watch
2026-06-08,09:29:00,11.09,Alistair's Apple Watch
2026-06-08,09:29:18,10.99,Alistair's Apple Watch
2026-06-08,09:29:36,11.09,Alistair's Apple Watch
2026-06-08,09:29:52,11.29,Alistair's Apple Watch
2026-06-08,09:30:11,11.09,Alistair's Apple Watch
2026-06-08,09:30:37,11.29,Alistair's Apple Watch
2026-06-08,09:31:10,10.89,Alistair's Apple Watch
2026-06-08,09:31:28,10.99,Alistair's Apple Watch
2026-06-08,09:31:47,10.89,Alistair's Apple Watch
2026-06-08,09:32:07,10.99,Alistair's Apple Watch
2026-06-08,09:32:25,10.89,Alistair's Apple Watch
2026-06-08,09:32:41,10.99,Alistair's Apple Watch
2026-06-08,09:32:58,10.99,Alistair's Apple Watch
2026-06-08,09:33:33,11.09,Alistair's Apple Watch
2026-06-08,09:33:48,11.09,Alistair's Apple Watch
2026-06-08,09:34:10,10.99,Alistair's Apple Watch
2026-06-08,09:34:29,10.99,Alistair's Apple Watch
2026-06-08,09:34:45,10.99,Alistair's Apple Watch
2026-06-08,09:35:04,10.99,Alistair's Apple Watch
2026-06-08,09:35:20,10.89,Alistair's Apple Watch
2026-06-08,09:35:35,10.89,Alistair's Apple Watch
2026-06-08,09:35:50,10.79,Alistair's Apple Watch
2026-06-08,09:36:06,10.79,Alistair's Apple Watch
2026-06-08,09:36:28,10.79,Alistair's Apple Watch
2026-06-08,09:36:43,10.79,Alistair's Apple Watch
2026-06-08,09:36:59,10.79,Alistair's Apple Watch
2026-06-08,09:37:15,10.79,Alistair's Apple Watch
2026-06-08,09:37:31,10.79,Alistair's Apple Watch
2026-06-08,09:37:49,10.69,Alistair's Apple Watch
2026-06-08,09:38:14,10.69,Alistair's Apple Watch
2026-06-08,09:38:33,10.69,Alistair's Apple Watch
2026-06-08,09:38:49,10.69,Alistair's Apple Watch
2026-06-08,09:39:08,10.69,Alistair's Apple Watch
2026-06-08,09:39:26,10.69,Alistair's Apple Watch
2026-06-08,09:39:45,10.69,Alistair's Apple Watch
2026-06-08,09:40:02,10.69,Alistair's Apple Watch
2026-06-08,09:40:17,10.59,Alistair's Apple Watch
2026-06-08,09:40:33,10.59,Alistair's Apple Watch
2026-06-08,09:40:49,10.59,Alistair's Apple Watch
2026-06-08,09:41:07,10.59,Alistair's Apple Watch
2026-06-08,09:41:25,10.59,Alistair's Apple Watch
2026-06-08,09:41:42,10.59,Alistair's Apple Watch
2026-06-08,09:42:01,10.59,Alistair's Apple Watch
2026-06-08,09:42:17,10.49,Alistair's Apple Watch
2026-06-08,09:42:32,10.59,Alistair's Apple Watch
2026-06-08,09:42:48,10.59,Alistair's Apple Watch
2026-06-08,09:43:06,10.59,Alistair's Apple Watch
2026-06-08,09:43:23,10.59,Alistair's Apple Watch
2026-06-08,09:43:39,10.39,Alistair's Apple Watch
2026-06-08,09:43:55,10.39,Alistair's Apple Watch
2026-06-08,09:44:11,10.49,Alistair's Apple Watch
2026-06-08,09:44:27,10.49,Alistair's Apple Watch
2026-06-08,09:44:42,10.49,Alistair's Apple Watch
2026-06-08,09:44:59,10.49,Alistair's Apple Watch
2026-06-08,09:45:15,10.59,Alistair's Apple Watch
2026-06-08,09:45:30,10.59,Alistair's Apple Watch
2026-06-08,09:45:46,10.59,Alistair's Apple Watch
2026-06-08,09:46:02,10.59,Alistair's Apple Watch
2026-06-08,09:46:17,10.59,Alistair's Apple Watch
2026-06-10,07:13:27,11.79,Alistair's Apple Watch
2026-06-10,07:13:44,11.29,Alistair's Apple Watch
2026-06-10,07:13:59,11.19,Alistair's Apple Watch
2026-06-10,07:14:19,11.49,Alistair's Apple Watch
2026-06-10,07:14:34,11.19,Alistair's Apple Watch
2026-06-10,07:14:56,10.99,Alistair's Apple Watch
2026-06-10,07:15:12,11.19,Alistair's Apple Watch
2026-06-10,07:15:29,11.19,Alistair's Apple Watch
2026-06-10,07:16:25,11.09,Alistair's Apple Watch
2026-06-10,07:16:51,10.69,Alistair's Apple Watch
2026-06-10,07:17:06,10.69,Alistair's Apple Watch
2026-06-10,07:17:21,10.89,Alistair's Apple Watch
2026-06-10,07:17:36,10.69,Alistair's Apple Watch
2026-06-10,07:17:53,10.59,Alistair's Apple Watch
2026-06-10,07:18:10,10.59,Alistair's Apple Watch
2026-06-10,07:18:28,10.59,Alistair's Apple Watch
2026-06-10,07:18:45,10.59,Alistair's Apple Watch
2026-06-10,07:19:06,10.69,Alistair's Apple Watch
2026-06-10,07:19:21,10.59,Alistair's Apple Watch
2026-06-10,07:19:44,10.99,Alistair's Apple Watch
2026-06-10,07:19:59,10.89,Alistair's Apple Watch
2026-06-10,07:20:15,10.99,Alistair's Apple Watch
2026-06-10,07:20:34,10.69,Alistair's Apple Watch
2026-06-10,07:20:56,10.69,Alistair's Apple Watch
2026-06-10,07:21:14,10.79,Alistair's Apple Watch
2026-06-10,07:21:34,10.89,Alistair's Apple Watch
2026-06-10,07:21:50,10.69,Alistair's Apple Watch
2026-06-10,07:22:07,10.59,Alistair's Apple Watch
2026-06-10,07:22:24,10.49,Alistair's Apple Watch
2026-06-10,07:22:40,10.69,Alistair's Apple Watch
2026-06-10,07:22:55,10.59,Alistair's Apple Watch
2026-06-10,07:23:12,10.59,Alistair's Apple Watch
2026-06-10,07:23:31,10.49,Alistair's Apple Watch
2026-06-10,07:23:47,10.49,Alistair's Apple Watch
2026-06-10,07:24:27,10.49,Alistair's Apple Watch
2026-06-10,07:24:48,10.39,Alistair's Apple Watch
2026-06-10,07:25:06,10.29,Alistair's Apple Watch
2026-06-10,07:25:24,10.19,Alistair's Apple Watch
2026-06-10,07:25:43,10.29,Alistair's Apple Watch
2026-06-10,07:25:58,10.39,Alistair's Apple Watch
2026-06-10,07:26:18,10.39,Alistair's Apple Watch
2026-06-10,07:26:34,10.49,Alistair's Apple Watch
2026-06-10,07:26:58,10.49,Alistair's Apple Watch
2026-06-10,07:27:13,10.49,Alistair's Apple Watch
2026-06-10,07:27:30,10.49,Alistair's Apple Watch
2026-06-10,07:27:46,10.49,Alistair's Apple Watch
2026-06-10,07:28:02,10.49,Alistair's Apple Watch
2026-06-10,07:28:18,10.49,Alistair's Apple Watch
2026-06-10,07:28:38,10.49,Alistair's Apple Watch
2026-06-10,07:28:57,10.49,Alistair's Apple Watch
2026-06-10,07:29:13,10.49,Alistair's Apple Watch
2026-06-10,07:29:35,10.49,Alistair's Apple Watch
2026-06-11,09:34:04,23.79,Alistair's Apple Watch
2026-06-11,09:34:14,19.01,Alistair's Apple Watch
2026-06-11,09:34:57,15.59,Alistair's Apple Watch
2026-06-11,09:35:04,14.68,Alistair's Apple Watch
2026-06-11,09:35:04,15.69,Alistair's Apple Watch
2026-06-11,09:35:09,14.28,Alistair's Apple Watch
2026-06-11,09:35:13,15.19,Alistair's Apple Watch
2026-06-11,09:35:29,14.79,Alistair's Apple Watch
2026-06-11,09:35:44,14.79,Alistair's Apple Watch
2026-06-11,09:36:01,14.31,Alistair's Apple Watch
2026-06-11,09:36:11,11.11,Alistair's Apple Watch
2026-06-11,09:36:28,11.29,Alistair's Apple Watch
2026-06-11,09:36:44,11.19,Alistair's Apple Watch
2026-06-11,09:37:03,11.09,Alistair's Apple Watch
2026-06-11,09:37:19,11.09,Alistair's Apple Watch
2026-06-11,09:37:35,11.09,Alistair's Apple Watch
2026-06-11,09:37:53,11.09,Alistair's Apple Watch
2026-06-11,09:38:10,11.19,Alistair's Apple Watch
2026-06-11,09:38:27,11.19,Alistair's Apple Watch
2026-06-11,09:38:43,11.09,Alistair's Apple Watch
2026-06-11,09:39:00,10.99,Alistair's Apple Watch
2026-06-11,09:39:23,11.69,Alistair's Apple Watch
2026-06-11,09:39:40,11.49,Alistair's Apple Watch
2026-06-11,09:40:03,12.19,Alistair's Apple Watch
2026-06-11,09:40:20,11.89,Alistair's Apple Watch
2026-06-11,09:40:36,11.89,Alistair's Apple Watch
2026-06-11,09:40:51,11.89,Alistair's Apple Watch
2026-06-11,09:41:15,11.59,Alistair's Apple Watch
2026-06-11,09:41:30,11.59,Alistair's Apple Watch
2026-06-11,09:41:47,11.59,Alistair's Apple Watch
2026-06-11,09:42:03,11.39,Alistair's Apple Watch
2026-06-11,09:42:50,11.69,Alistair's Apple Watch
2026-06-11,09:43:08,11.79,Alistair's Apple Watch
2026-06-11,09:43:28,11.99,Alistair's Apple Watch
2026-06-11,09:43:35,11.41,Alistair's Apple Watch
2026-06-11,09:43:52,11.39,Alistair's Apple Watch
2026-06-11,09:44:17,11.59,Alistair's Apple Watch
2026-06-11,09:44:36,11.39,Alistair's Apple Watch
2026-06-11,09:44:52,11.19,Alistair's Apple Watch
2026-06-11,09:45:08,11.09,Alistair's Apple Watch
2026-06-11,09:45:27,11.29,Alistair's Apple Watch
2026-06-11,09:45:46,11.29,Alistair's Apple Watch
2026-06-11,09:46:15,11.29,Alistair's Apple Watch
2026-06-11,09:46:34,11.39,Alistair's Apple Watch
2026-06-11,09:46:52,11.29,Alistair's Apple Watch
2026-06-11,09:47:19,11.29,Alistair's Apple Watch
2026-06-11,09:47:36,11.29,Alistair's Apple Watch
2026-06-11,09:48:09,11.09,Alistair's Apple Watch
2026-06-11,09:48:24,11.39,Alistair's Apple Watch
2026-06-11,09:48:40,11.39,Alistair's Apple Watch
2026-06-11,09:48:55,11.19,Alistair's Apple Watch
2026-06-11,09:49:12,11.19,Alistair's Apple Watch
2026-06-11,09:49:27,11.19,Alistair's Apple Watch
2026-06-11,09:49:46,11.19,Alistair's Apple Watch
2026-06-11,09:50:02,11.39,Alistair's Apple Watch
2026-06-11,09:50:19,11.29,Alistair's Apple Watch
2026-06-11,09:50:38,11.29,Alistair's Apple Watch
2026-06-11,09:50:54,11.29,Alistair's Apple Watch
2026-06-11,09:51:13,11.29,Alistair's Apple Watch
2026-06-11,09:51:31,11.29,Alistair's Apple Watch
2026-06-11,09:51:47,11.29,Alistair's Apple Watch
2026-06-11,09:52:02,11.09,Alistair's Apple Watch
2026-06-11,09:52:19,10.99,Alistair's Apple Watch
2026-06-11,09:52:41,11.29,Alistair's Apple Watch
2026-06-11,09:53:02,10.99,Alistair's Apple Watch
2026-06-11,09:53:17,11.19,Alistair's Apple Watch
2026-06-11,09:53:34,11.19,Alistair's Apple Watch
2026-06-11,09:53:52,11.19,Alistair's Apple Watch
2026-06-11,09:54:09,11.29,Alistair's Apple Watch
2026-06-11,09:54:25,11.29,Alistair's Apple Watch
2026-06-11,09:54:41,11.19,Alistair's Apple Watch
2026-06-11,09:55:01,11.09,Alistair's Apple Watch
2026-06-11,09:55:16,11.09,Alistair's Apple Watch
2026-06-11,09:55:32,11.29,Alistair's Apple Watch
2026-06-11,09:55:49,11.29,Alistair's Apple Watch
2026-06-11,09:56:07,11.19,Alistair's Apple Watch
2026-06-11,09:56:29,11.09,Alistair's Apple Watch
2026-06-11,09:56:47,11.09,Alistair's Apple Watch
2026-06-11,09:57:03,11.09,Alistair's Apple Watch
2026-06-11,09:57:20,11.09,Alistair's Apple Watch
2026-06-11,09:57:36,11.09,Alistair's Apple Watch
2026-06-11,09:57:52,10.99,Alistair's Apple Watch
2026-06-11,09:58:11,10.99,Alistair's Apple Watch
2026-06-11,09:58:28,10.99,Alistair's Apple Watch
2026-06-11,09:58:46,10.99,Alistair's Apple Watch
2026-06-11,09:59:03,10.99,Alistair's Apple Watch
2026-06-11,09:59:22,10.99,Alistair's Apple Watch
2026-06-11,09:59:46,10.99,Alistair's Apple Watch
2026-06-11,10:00:02,11.09,Alistair's Apple Watch
2026-06-11,10:00:20,10.99,Alistair's Apple Watch
2026-06-11,10:00:36,10.99,Alistair's Apple Watch
2026-06-11,10:00:52,10.99,Alistair's Apple Watch
2026-06-11,10:01:07,10.99,Alistair's Apple Watch
2026-06-11,10:01:25,11.09,Alistair's Apple Watch
2026-06-11,10:01:43,11.19,Alistair's Apple Watch
2026-06-11,10:01:59,11.09,Alistair's Apple Watch
2026-06-11,10:02:16,11.09,Alistair's Apple Watch
2026-06-11,10:03:09,11.09,Alistair's Apple Watch
2026-06-11,10:03:25,10.99,Alistair's Apple Watch
2026-06-11,10:03:41,10.99,Alistair's Apple Watch
2026-06-11,10:03:58,10.99,Alistair's Apple Watch
2026-06-11,10:04:17,10.99,Alistair's Apple Watch
2026-06-11,10:04:33,10.99,Alistair's Apple Watch
2026-06-11,10:04:52,10.99,Alistair's Apple Watch
2026-06-11,10:05:07,10.99,Alistair's Apple Watch
2026-06-11,10:05:24,10.99,Alistair's Apple Watch
2026-06-11,10:05:41,10.99,Alistair's Apple Watch
2026-06-11,10:05:59,10.99,Alistair's Apple Watch
2026-06-11,10:06:17,10.99,Alistair's Apple Watch
2026-06-11,10:06:34,10.99,Alistair's Apple Watch
2026-06-11,10:06:50,10.99,Alistair's Apple Watch
2026-06-11,10:07:06,10.99,Alistair's Apple Watch
2026-06-11,10:07:32,10.99,Alistair's Apple Watch
2026-06-11,10:07:47,10.99,Alistair's Apple Watch
2026-06-11,10:08:02,10.99,Alistair's Apple Watch
2026-06-12,11:24:26,13.08,Alistair's Apple Watch
2026-06-12,11:24:26,11.91,Alistair's Apple Watch
2026-06-12,11:24:31,12.41,Alistair's Apple Watch
2026-06-12,11:24:47,12.09,Alistair's Apple Watch
2026-06-12,11:25:05,11.99,Alistair's Apple Watch
2026-06-12,11:25:22,11.99,Alistair's Apple Watch
2026-06-12,11:25:39,11.89,Alistair's Apple Watch
2026-06-12,11:25:55,11.99,Alistair's Apple Watch
2026-06-12,11:26:14,11.99,Alistair's Apple Watch
2026-06-12,11:26:50,11.99,Alistair's Apple Watch
2026-06-12,11:27:06,11.99,Alistair's Apple Watch
2026-06-12,11:27:23,11.89,Alistair's Apple Watch
2026-06-12,11:27:38,11.79,Alistair's Apple Watch
2026-06-12,11:27:49,12.94,Alistair's Apple Watch
2026-06-12,11:28:13,14.49,Alistair's Apple Watch
2026-06-12,11:28:30,14.69,Alistair's Apple Watch
2026-06-12,11:28:36,14.11,Alistair's Apple Watch
2026-06-12,11:28:44,13.51,Alistair's Apple Watch
2026-06-12,11:29:01,13.21,Alistair's Apple Watch
2026-06-12,11:29:19,13.49,Alistair's Apple Watch
2026-06-12,11:29:39,13.09,Alistair's Apple Watch
2026-06-12,11:29:57,13.59,Alistair's Apple Watch
2026-06-12,11:30:12,13.39,Alistair's Apple Watch
2026-06-12,11:30:29,12.89,Alistair's Apple Watch
2026-06-12,11:30:45,12.99,Alistair's Apple Watch
2026-06-12,11:31:05,12.89,Alistair's Apple Watch
2026-06-12,11:31:28,12.79,Alistair's Apple Watch
2026-06-12,11:31:46,13.29,Alistair's Apple Watch
2026-06-12,11:32:01,13.49,Alistair's Apple Watch
2026-06-12,11:32:18,13.49,Alistair's Apple Watch
2026-06-12,11:32:23,12.99,Alistair's Apple Watch
2026-06-12,11:32:42,13.09,Alistair's Apple Watch
2026-06-12,11:33:01,13.49,Alistair's Apple Watch
2026-06-12,11:33:18,13.29,Alistair's Apple Watch
2026-06-12,11:33:36,13.59,Alistair's Apple Watch
2026-06-12,11:33:53,13.59,Alistair's Apple Watch
2026-06-12,11:34:09,13.49,Alistair's Apple Watch
2026-06-12,11:34:24,13.49,Alistair's Apple Watch
2026-06-12,11:34:40,13.69,Alistair's Apple Watch
2026-06-12,11:34:58,13.69,Alistair's Apple Watch
2026-06-12,11:35:16,13.89,Alistair's Apple Watch
2026-06-12,11:35:35,13.51,Alistair's Apple Watch
2026-06-12,11:36:46,13.49,Alistair's Apple Watch
2026-06-12,11:37:03,13.29,Alistair's Apple Watch
2026-06-12,11:37:18,13.39,Alistair's Apple Watch
2026-06-12,11:37:38,12.89,Alistair's Apple Watch
2026-06-12,11:37:55,12.79,Alistair's Apple Watch
2026-06-12,11:38:10,12.59,Alistair's Apple Watch
2026-06-12,11:38:26,12.49,Alistair's Apple Watch
2026-06-12,11:38:42,12.49,Alistair's Apple Watch
2026-06-12,11:38:57,12.49,Alistair's Apple Watch
2026-06-12,11:39:14,12.29,Alistair's Apple Watch
2026-06-12,11:39:38,12.79,Alistair's Apple Watch
2026-06-12,11:39:53,12.61,Alistair's Apple Watch
2026-06-12,11:40:09,12.59,Alistair's Apple Watch
2026-06-12,11:40:25,12.79,Alistair's Apple Watch
2026-06-12,11:40:40,12.79,Alistair's Apple Watch
2026-06-12,11:40:58,12.89,Alistair's Apple Watch
2026-06-12,11:41:13,12.79,Alistair's Apple Watch
2026-06-12,11:41:31,12.99,Alistair's Apple Watch
2026-06-12,11:41:47,13.09,Alistair's Apple Watch
2026-06-12,11:41:55,12.51,Alistair's Apple Watch
2026-06-12,11:42:58,12.69,Alistair's Apple Watch
2026-06-12,11:43:16,12.59,Alistair's Apple Watch
2026-06-12,11:43:32,12.39,Alistair's Apple Watch
2026-06-12,11:43:48,12.39,Alistair's Apple Watch
2026-06-12,11:44:04,12.49,Alistair's Apple Watch
2026-06-12,11:44:21,12.69,Alistair's Apple Watch
2026-06-12,11:44:37,12.99,Alistair's Apple Watch
2026-06-12,11:44:55,12.79,Alistair's Apple Watch
2026-06-12,11:45:11,12.79,Alistair's Apple Watch
2026-06-12,11:45:28,12.49,Alistair's Apple Watch
2026-06-12,11:45:44,12.69,Alistair's Apple Watch
2026-06-12,11:45:58,12.19,Alistair's Apple Watch
2026-06-12,11:46:25,12.39,Alistair's Apple Watch
2026-06-12,11:46:43,12.29,Alistair's Apple Watch
2026-06-12,11:46:47,12.79,Alistair's Apple Watch
2026-06-12,11:46:58,12.11,Alistair's Apple Watch
2026-06-12,11:47:16,12.09,Alistair's Apple Watch
2026-06-12,11:47:34,11.99,Alistair's Apple Watch
2026-06-12,11:47:50,11.89,Alistair's Apple Watch
2026-06-12,11:48:08,11.79,Alistair's Apple Watch
2026-06-12,11:48:33,11.79,Alistair's Apple Watch
2026-06-12,11:48:58,11.79,Alistair's Apple Watch
2026-06-12,11:50:47,11.79,Alistair's Apple Watch
2026-06-12,11:52:39,11.99,Alistair's Apple Watch
2026-06-12,11:53:56,12.31,Alistair's Apple Watch
2026-06-12,11:54:52,11.89,Alistair's Apple Watch
2026-06-12,11:55:15,12.09,Alistair's Apple Watch
2026-06-12,11:55:35,12.29,Alistair's Apple Watch
2026-06-12,11:55:54,12.59,Alistair's Apple Watch
2026-06-13,08:18:03,20.1,Alistair's Apple Watch
2026-06-13,08:18:06,17.28,Alistair's Apple Watch
2026-06-13,08:18:22,17.11,Alistair's Apple Watch
2026-06-13,08:18:40,16.38,Alistair's Apple Watch
2026-06-13,08:18:41,17.19,Alistair's Apple Watch
2026-06-13,08:18:49,17.69,Alistair's Apple Watch
2026-06-13,08:19:10,17.31,Alistair's Apple Watch
2026-06-13,08:19:16,16.31,Alistair's Apple Watch
2026-06-13,08:19:24,15.79,Alistair's Apple Watch
2026-06-13,08:19:30,15.21,Alistair's Apple Watch
2026-06-13,08:19:33,14.18,Alistair's Apple Watch
2026-06-13,08:19:44,14.69,Alistair's Apple Watch
2026-06-13,08:20:02,17.24,Alistair's Apple Watch
2026-06-13,08:20:02,16.69,Alistair's Apple Watch
2026-06-13,08:20:17,16.29,Alistair's Apple Watch
2026-06-13,08:20:34,16.09,Alistair's Apple Watch
2026-06-13,08:20:50,15.69,Alistair's Apple Watch
2026-06-13,08:21:09,15.39,Alistair's Apple Watch
2026-06-13,08:21:24,15.39,Alistair's Apple Watch
2026-06-13,08:21:41,15.09,Alistair's Apple Watch
2026-06-13,08:21:58,15.49,Alistair's Apple Watch
2026-06-13,08:22:14,15.19,Alistair's Apple Watch
2026-06-13,08:22:31,15.59,Alistair's Apple Watch
2026-06-13,08:22:49,15.41,Alistair's Apple Watch
2026-06-13,08:23:03,14.89,Alistair's Apple Watch
2026-06-13,08:23:55,15.11,Alistair's Apple Watch
2026-06-13,08:23:59,14.51,Alistair's Apple Watch
2026-06-13,08:24:16,15.09,Alistair's Apple Watch
2026-06-13,08:24:32,14.89,Alistair's Apple Watch
2026-06-13,08:24:49,14.79,Alistair's Apple Watch
2026-06-13,08:25:05,15.29,Alistair's Apple Watch
2026-06-13,08:25:18,13.98,Alistair's Apple Watch
2026-06-13,08:25:21,14.79,Alistair's Apple Watch
2026-06-13,08:25:37,14.41,Alistair's Apple Watch
2026-06-13,08:26:26,15.49,Alistair's Apple Watch
2026-06-13,08:26:45,15.39,Alistair's Apple Watch
2026-06-13,08:26:55,14.71,Alistair's Apple Watch
2026-06-13,08:27:44,14.39,Alistair's Apple Watch
2026-06-13,08:28:00,14.39,Alistair's Apple Watch
2026-06-13,08:28:17,14.29,Alistair's Apple Watch
2026-06-13,08:28:36,13.89,Alistair's Apple Watch
2026-06-13,08:28:52,13.99,Alistair's Apple Watch
2026-06-13,08:29:06,13.49,Alistair's Apple Watch
2026-06-13,08:29:22,13.59,Alistair's Apple Watch
2026-06-13,08:29:33,12.91,Alistair's Apple Watch
2026-06-13,08:29:48,12.89,Alistair's Apple Watch
2026-06-13,08:30:06,12.89,Alistair's Apple Watch
2026-06-13,08:30:27,13.41,Alistair's Apple Watch
2026-06-13,08:30:53,13.19,Alistair's Apple Watch
2026-06-13,08:31:09,13.29,Alistair's Apple Watch
2026-06-13,08:31:27,13.29,Alistair's Apple Watch
2026-06-13,08:31:43,12.99,Alistair's Apple Watch
2026-06-13,08:32:00,13.09,Alistair's Apple Watch
2026-06-13,08:32:17,13.29,Alistair's Apple Watch
2026-06-13,08:32:35,13.11,Alistair's Apple Watch
2026-06-13,08:32:51,13.29,Alistair's Apple Watch
2026-06-13,08:33:08,13.09,Alistair's Apple Watch
2026-06-13,08:33:23,13.19,Alistair's Apple Watch
2026-06-13,08:33:40,12.99,Alistair's Apple Watch
2026-06-13,08:33:56,12.79,Alistair's Apple Watch
2026-06-13,08:34:13,13.09,Alistair's Apple Watch
2026-06-13,08:34:29,12.79,Alistair's Apple Watch
2026-06-13,08:34:44,12.99,Alistair's Apple Watch
2026-06-13,08:35:31,14.51,Alistair's Apple Watch
2026-06-13,08:36:07,12.99,Alistair's Apple Watch
2026-06-13,08:36:26,13.29,Alistair's Apple Watch
2026-06-13,08:36:42,13.09,Alistair's Apple Watch
2026-06-13,08:37:00,12.99,Alistair's Apple Watch
2026-06-13,08:37:19,12.89,Alistair's Apple Watch
2026-06-13,08:37:35,13.09,Alistair's Apple Watch
2026-06-13,08:38:06,14.39,Alistair's Apple Watch
2026-06-13,08:38:24,13.31,Alistair's Apple Watch
2026-06-13,08:38:38,12.79,Alistair's Apple Watch
2026-06-13,08:38:55,13.19,Alistair's Apple Watch
2026-06-13,08:39:20,13.09,Alistair's Apple Watch
2026-06-14,11:20:05,12.49,Alistair's Apple Watch
2026-06-14,11:20:24,12.49,Alistair's Apple Watch
2026-06-14,11:20:40,12.49,Alistair's Apple Watch
2026-06-14,11:20:56,12.49,Alistair's Apple Watch
2026-06-14,11:21:11,12.49,Alistair's Apple Watch
2026-06-14,11:21:29,12.49,Alistair's Apple Watch
2026-06-14,11:21:48,12.39,Alistair's Apple Watch
2026-06-14,11:22:03,12.49,Alistair's Apple Watch
2026-06-14,11:22:25,12.49,Alistair's Apple Watch
2026-06-14,11:22:44,12.59,Alistair's Apple Watch
2026-06-14,11:23:00,12.49,Alistair's Apple Watch
2026-06-14,11:23:16,12.49,Alistair's Apple Watch
2026-06-14,11:23:32,12.49,Alistair's Apple Watch
2026-06-14,11:23:47,12.49,Alistair's Apple Watch
2026-06-14,11:24:03,12.59,Alistair's Apple Watch
2026-06-14,11:24:20,12.59,Alistair's Apple Watch
2026-06-14,11:24:42,12.59,Alistair's Apple Watch
2026-06-14,11:24:57,12.59,Alistair's Apple Watch
2026-06-14,11:25:12,12.49,Alistair's Apple Watch
2026-06-14,11:25:37,12.39,Alistair's Apple Watch
2026-06-14,11:25:53,12.39,Alistair's Apple Watch
2026-06-14,11:26:21,12.39,Alistair's Apple Watch
2026-06-14,11:26:36,12.39,Alistair's Apple Watch
2026-06-14,11:26:55,12.39,Alistair's Apple Watch
2026-06-14,11:27:19,12.19,Alistair's Apple Watch
2026-06-14,11:27:35,12.19,Alistair's Apple Watch
2026-06-14,11:27:50,12.09,Alistair's Apple Watch
2026-06-14,11:28:07,12.19,Alistair's Apple Watch
2026-06-14,11:28:24,12.09,Alistair's Apple Watch
2026-06-14,11:28:45,12.09,Alistair's Apple Watch
2026-06-14,11:29:06,12.19,Alistair's Apple Watch
2026-06-14,11:29:21,12.09,Alistair's Apple Watch
2026-06-14,11:29:49,12.29,Alistair's Apple Watch
2026-06-14,11:30:05,12.19,Alistair's Apple Watch
2026-06-14,11:30:20,12.19,Alistair's Apple Watch
2026-06-14,11:30:35,12.19,Alistair's Apple Watch
2026-06-14,11:30:54,12.19,Alistair's Apple Watch
2026-06-14,11:31:12,12.29,Alistair's Apple Watch
2026-06-14,11:31:28,12.39,Alistair's Apple Watch
2026-06-14,11:31:43,12.29,Alistair's Apple Watch
2026-06-14,11:32:03,12.29,Alistair's Apple Watch
2026-06-14,11:32:21,12.19,Alistair's Apple Watch
2026-06-14,11:32:37,12.19,Alistair's Apple Watch
2026-06-14,11:32:54,12.19,Alistair's Apple Watch
2026-06-14,11:33:09,12.19,Alistair's Apple Watch
2026-06-14,11:33:27,12.09,Alistair's Apple Watch
2026-06-14,11:33:46,12.19,Alistair's Apple Watch
2026-06-14,11:34:01,12.19,Alistair's Apple Watch
2026-06-14,11:34:17,12.29,Alistair's Apple Watch
2026-06-14,11:34:35,12.29,Alistair's Apple Watch
2026-06-14,11:34:57,12.49,Alistair's Apple Watch
2026-06-14,11:35:15,12.49,Alistair's Apple Watch
2026-06-14,11:35:35,12.39,Alistair's Apple Watch
2026-06-14,11:35:50,12.29,Alistair's Apple Watch
2026-06-14,11:36:06,12.39,Alistair's Apple Watch
2026-06-14,11:36:23,12.39,Alistair's Apple Watch
2026-06-14,11:36:39,12.39,Alistair's Apple Watch
2026-06-14,11:36:54,12.29,Alistair's Apple Watch
2026-06-14,11:37:10,12.29,Alistair's Apple Watch
2026-06-14,11:37:27,12.29,Alistair's Apple Watch
2026-06-14,11:37:42,12.29,Alistair's Apple Watch
2026-06-14,11:37:58,12.29,Alistair's Apple Watch
2026-06-14,11:38:15,12.29,Alistair's Apple Watch
2026-06-14,11:38:32,12.19,Alistair's Apple Watch
2026-06-14,11:38:48,12.19,Alistair's Apple Watch
2026-06-14,11:39:07,12.19,Alistair's Apple Watch
2026-06-14,11:39:31,12.29,Alistair's Apple Watch
2026-06-14,11:39:56,12.19,Alistair's Apple Watch
2026-06-14,11:40:12,12.19,Alistair's Apple Watch
2026-06-14,11:40:32,12.19,Alistair's Apple Watch
2026-06-14,11:40:50,12.19,Alistair's Apple Watch
2026-06-14,11:41:26,12.19,Alistair's Apple Watch
2026-06-14,11:41:41,12.19,Alistair's Apple Watch
2026-06-14,11:42:10,12.29,Alistair's Apple Watch
2026-06-14,11:42:26,12.29,Alistair's Apple Watch
2026-06-14,11:42:42,12.19,Alistair's Apple Watch
2026-06-14,11:42:58,12.19,Alistair's Apple Watch
2026-06-14,11:43:23,12.19,Alistair's Apple Watch
2026-06-14,11:43:40,12.19,Alistair's Apple Watch
2026-06-14,11:44:01,12.19,Alistair's Apple Watch
2026-06-14,11:44:21,12.19,Alistair's Apple Watch
2026-06-14,11:44:38,12.39,Alistair's Apple Watch
2026-06-14,11:44:55,12.89,Alistair's Apple Watch
2026-06-14,11:45:10,12.79,Alistair's Apple Watch
2026-06-14,11:45:27,12.69,Alistair's Apple Watch
2026-06-14,11:45:43,12.49,Alistair's Apple Watch
2026-06-14,11:45:59,12.49,Alistair's Apple Watch
2026-06-14,11:46:37,12.39,Alistair's Apple Watch
2026-06-14,11:47:03,12.59,Alistair's Apple Watch
2026-06-14,11:47:33,12.49,Alistair's Apple Watch
2026-06-14,11:47:49,12.49,Alistair's Apple Watch
2026-06-14,11:48:05,12.49,Alistair's Apple Watch
2026-06-14,11:48:22,12.39,Alistair's Apple Watch
2026-06-14,11:48:47,12.19,Alistair's Apple Watch
2026-06-14,11:49:05,12.19,Alistair's Apple Watch
2026-06-14,11:49:21,12.19,Alistair's Apple Watch
2026-06-14,11:49:37,12.29,Alistair's Apple Watch
2026-06-14,11:49:53,12.29,Alistair's Apple Watch
2026-06-14,11:50:13,12.29,Alistair's Apple Watch
2026-06-14,11:50:29,12.29,Alistair's Apple Watch
2026-06-14,11:50:46,12.29,Alistair's Apple Watch
2026-06-14,11:51:01,12.39,Alistair's Apple Watch
2026-06-14,11:51:24,12.99,Alistair's Apple Watch
2026-06-14,11:51:40,12.99,Alistair's Apple Watch
2026-06-14,11:51:56,12.99,Alistair's Apple Watch
2026-06-14,11:52:12,13.09,Alistair's Apple Watch
2026-06-15,10:02:45,24.39,Alistair's Apple Watch
2026-06-15,10:03:05,14.34,Alistair's Apple Watch
2026-06-15,10:03:05,11.4,Alistair's Apple Watch
2026-06-15,10:03:10,14.94,Alistair's Apple Watch
2026-06-15,10:03:19,13.89,Alistair's Apple Watch
2026-06-15,10:03:19,12.11,Alistair's Apple Watch
2026-06-15,10:03:39,12.59,Alistair's Apple Watch
2026-06-15,10:03:48,12.09,Alistair's Apple Watch
2026-06-15,10:04:19,13.19,Alistair's Apple Watch
2026-06-15,10:04:28,12.29,Alistair's Apple Watch
2026-06-15,10:04:49,12.39,Alistair's Apple Watch
2026-06-15,10:05:04,12.79,Alistair's Apple Watch
2026-06-15,10:05:21,12.59,Alistair's Apple Watch
2026-06-15,10:05:39,12.19,Alistair's Apple Watch
2026-06-15,10:06:00,12.39,Alistair's Apple Watch
2026-06-15,10:06:16,12.91,Alistair's Apple Watch
2026-06-15,10:06:34,12.81,Alistair's Apple Watch
2026-06-15,10:06:49,13.29,Alistair's Apple Watch
2026-06-15,10:07:04,13.39,Alistair's Apple Watch
2026-06-15,10:07:20,13.11,Alistair's Apple Watch
2026-06-15,10:07:37,12.99,Alistair's Apple Watch
2026-06-15,10:07:53,12.99,Alistair's Apple Watch
2026-06-15,10:08:33,12.79,Alistair's Apple Watch
2026-06-15,10:08:58,12.89,Alistair's Apple Watch
2026-06-15,10:09:16,12.69,Alistair's Apple Watch
2026-06-15,10:09:25,13.19,Alistair's Apple Watch
2026-06-15,10:09:39,12.61,Alistair's Apple Watch
2026-06-15,10:09:58,12.29,Alistair's Apple Watch
2026-06-15,10:10:27,12.29,Alistair's Apple Watch
2026-06-15,10:10:48,12.39,Alistair's Apple Watch
2026-06-15,10:11:07,12.49,Alistair's Apple Watch
2026-06-15,10:11:28,12.29,Alistair's Apple Watch
2026-06-15,10:11:43,12.19,Alistair's Apple Watch
2026-06-15,10:11:59,12.19,Alistair's Apple Watch
2026-06-15,10:12:12,12.79,Alistair's Apple Watch
2026-06-15,10:12:27,12.19,Alistair's Apple Watch
2026-06-15,10:12:44,12.79,Alistair's Apple Watch
2026-06-15,10:13:03,12.71,Alistair's Apple Watch
2026-06-15,10:13:25,12.49,Alistair's Apple Watch
2026-06-15,10:13:48,12.49,Alistair's Apple Watch
2026-06-15,10:14:11,12.09,Alistair's Apple Watch
2026-06-15,10:14:54,11.89,Alistair's Apple Watch
2026-06-15,10:15:10,12.09,Alistair's Apple Watch
2026-06-15,10:15:26,11.99,Alistair's Apple Watch
2026-06-15,10:15:43,11.99,Alistair's Apple Watch
2026-06-15,10:16:04,11.89,Alistair's Apple Watch
2026-06-15,10:16:40,11.99,Alistair's Apple Watch
2026-06-15,10:17:01,11.89,Alistair's Apple Watch
2026-06-15,10:17:17,11.89,Alistair's Apple Watch
2026-06-15,10:17:40,12.09,Alistair's Apple Watch
2026-06-15,10:18:03,12.61,Alistair's Apple Watch
2026-06-15,10:18:03,12.11,Alistair's Apple Watch
2026-06-15,10:18:20,11.79,Alistair's Apple Watch
2026-06-15,10:18:37,11.79,Alistair's Apple Watch
2026-06-15,10:18:53,11.79,Alistair's Apple Watch
2026-06-15,10:19:35,11.99,Alistair's Apple Watch
2026-06-15,10:19:50,11.79,Alistair's Apple Watch
2026-06-15,10:21:31,12.19,Alistair's Apple Watch
2026-06-15,10:21:50,12.19,Alistair's Apple Watch
2026-06-15,10:22:41,12.89,Alistair's Apple Watch
2026-06-15,10:22:41,11.78,Alistair's Apple Watch
2026-06-15,10:23:02,11.99,Alistair's Apple Watch
2026-06-15,10:23:40,11.99,Alistair's Apple Watch
2026-06-15,10:24:04,11.99,Alistair's Apple Watch
2026-06-15,10:24:22,11.79,Alistair's Apple Watch
2026-06-19,20:09:57,15.39,Alistair's Apple Watch
2026-06-19,20:09:58,13.68,Alistair's Apple Watch
2026-06-19,20:10:45,13.41,Alistair's Apple Watch
2026-06-19,20:11:01,13.19,Alistair's Apple Watch
2026-06-19,20:11:32,13.09,Alistair's Apple Watch
2026-06-19,20:11:49,12.99,Alistair's Apple Watch
2026-06-19,20:12:05,12.99,Alistair's Apple Watch
2026-06-19,20:12:21,13.09,Alistair's Apple Watch
2026-06-19,20:12:38,12.99,Alistair's Apple Watch
2026-06-19,20:12:56,12.99,Alistair's Apple Watch
2026-06-19,20:13:12,13.09,Alistair's Apple Watch
2026-06-19,20:13:31,13.09,Alistair's Apple Watch
2026-06-19,20:13:48,13.19,Alistair's Apple Watch
2026-06-19,20:14:03,13.19,Alistair's Apple Watch
2026-06-19,20:14:18,13.09,Alistair's Apple Watch
2026-06-19,20:14:38,12.99,Alistair's Apple Watch
2026-06-19,20:14:54,13.09,Alistair's Apple Watch
2026-06-19,20:15:13,13.09,Alistair's Apple Watch
2026-06-19,20:16:01,13.19,Alistair's Apple Watch
2026-06-19,20:16:20,13.09,Alistair's Apple Watch
2026-06-19,20:16:36,12.99,Alistair's Apple Watch
2026-06-19,20:17:02,13.09,Alistair's Apple Watch
2026-06-19,20:17:20,13.19,Alistair's Apple Watch
2026-06-19,20:17:37,13.19,Alistair's Apple Watch
2026-06-19,20:17:56,13.09,Alistair's Apple Watch
2026-06-19,20:18:19,12.99,Alistair's Apple Watch
2026-06-19,20:18:38,12.99,Alistair's Apple Watch
2026-06-19,20:18:54,12.99,Alistair's Apple Watch
2026-06-19,20:19:10,12.89,Alistair's Apple Watch
2026-06-19,20:19:27,12.89,Alistair's Apple Watch
2026-06-19,20:19:44,12.89,Alistair's Apple Watch
2026-06-19,20:20:00,12.99,Alistair's Apple Watch
2026-06-19,20:20:19,13.09,Alistair's Apple Watch
2026-06-19,20:20:34,13.19,Alistair's Apple Watch
2026-06-19,20:20:50,13.19,Alistair's Apple Watch
2026-06-19,20:21:06,13.19,Alistair's Apple Watch
2026-06-19,20:21:25,13.19,Alistair's Apple Watch
2026-06-19,20:21:41,13.19,Alistair's Apple Watch
2026-06-19,20:21:57,13.09,Alistair's Apple Watch
2026-06-19,20:22:21,13.19,Alistair's Apple Watch
2026-06-19,20:23:13,13.49,Alistair's Apple Watch
2026-06-19,20:23:45,13.49,Alistair's Apple Watch
2026-06-19,20:24:00,13.19,Alistair's Apple Watch
2026-06-19,20:24:22,13.19,Alistair's Apple Watch
2026-06-19,20:24:41,13.19,Alistair's Apple Watch
2026-06-19,20:24:56,13.19,Alistair's Apple Watch
2026-06-19,20:25:11,13.19,Alistair's Apple Watch
2026-06-19,20:25:30,13.19,Alistair's Apple Watch
2026-06-19,20:25:53,13.19,Alistair's Apple Watch
2026-06-19,20:26:27,13.41,Alistair's Apple Watch
2026-06-19,20:26:43,13.19,Alistair's Apple Watch
2026-06-19,20:27:10,12.99,Alistair's Apple Watch
2026-06-19,20:27:26,12.99,Alistair's Apple Watch
2026-06-19,20:27:48,13.09,Alistair's Apple Watch
2026-06-19,20:28:23,12.99,Alistair's Apple Watch
2026-06-19,20:28:45,12.99,Alistair's Apple Watch
2026-06-19,20:29:16,12.99,Alistair's Apple Watch
2026-06-19,20:29:32,12.99,Alistair's Apple Watch
2026-06-19,20:29:48,12.99,Alistair's Apple Watch
2026-06-19,20:30:07,12.99,Alistair's Apple Watch
2026-06-19,20:30:24,12.99,Alistair's Apple Watch
2026-06-19,20:30:43,13.09,Alistair's Apple Watch
2026-06-19,20:31:01,12.99,Alistair's Apple Watch
2026-06-19,20:31:18,12.99,Alistair's Apple Watch
2026-06-19,20:31:35,13.09,Alistair's Apple Watch
2026-06-19,20:31:50,12.99,Alistair's Apple Watch
2026-06-19,20:32:08,12.99,Alistair's Apple Watch
2026-06-19,20:32:24,13.09,Alistair's Apple Watch
2026-06-19,20:32:47,12.99,Alistair's Apple Watch
2026-06-19,20:33:03,12.99,Alistair's Apple Watch
2026-06-19,20:33:19,12.89,Alistair's Apple Watch
2026-06-19,20:33:37,13.09,Alistair's Apple Watch
2026-06-19,20:34:10,12.79,Alistair's Apple Watch
2026-06-19,20:35:02,12.89,Alistair's Apple Watch
2026-06-20,08:30:15,19.21,Alistair's Apple Watch
2026-06-20,08:30:22,20.29,Alistair's Apple Watch
2026-06-20,08:30:35,18.68,Alistair's Apple Watch
2026-06-20,08:30:35,19.21,Alistair's Apple Watch
2026-06-20,08:30:41,18.18,Alistair's Apple Watch
2026-06-20,08:31:14,15.61,Alistair's Apple Watch
2026-06-20,08:31:26,15.11,Alistair's Apple Watch
2026-06-20,08:31:42,14.59,Alistair's Apple Watch
2026-06-20,08:31:58,14.19,Alistair's Apple Watch
2026-06-20,08:32:15,13.79,Alistair's Apple Watch
2026-06-20,08:32:30,13.79,Alistair's Apple Watch
2026-06-20,08:32:50,13.69,Alistair's Apple Watch
2026-06-20,08:33:07,13.49,Alistair's Apple Watch
2026-06-20,08:33:23,13.49,Alistair's Apple Watch
2026-06-20,08:33:39,13.69,Alistair's Apple Watch
2026-06-20,08:33:56,13.29,Alistair's Apple Watch
2026-06-20,08:34:15,13.59,Alistair's Apple Watch
2026-06-20,08:34:31,13.49,Alistair's Apple Watch
2026-06-20,08:34:49,13.89,Alistair's Apple Watch
2026-06-20,08:35:04,13.89,Alistair's Apple Watch
2026-06-20,08:35:15,14.39,Alistair's Apple Watch
2026-06-20,08:35:33,14.09,Alistair's Apple Watch
2026-06-20,08:35:50,14.69,Alistair's Apple Watch
2026-06-20,08:35:57,14.11,Alistair's Apple Watch
2026-06-20,08:36:19,14.09,Alistair's Apple Watch
2026-06-20,08:36:34,14.11,Alistair's Apple Watch
2026-06-20,08:36:50,14.19,Alistair's Apple Watch
2026-06-20,08:37:07,14.09,Alistair's Apple Watch
2026-06-20,08:37:22,13.99,Alistair's Apple Watch
2026-06-20,08:37:39,14.19,Alistair's Apple Watch
2026-06-20,08:37:56,14.29,Alistair's Apple Watch
2026-06-20,08:38:12,14.29,Alistair's Apple Watch
2026-06-20,08:38:28,13.89,Alistair's Apple Watch
2026-06-20,08:38:53,13.49,Alistair's Apple Watch
2026-06-20,08:39:09,13.89,Alistair's Apple Watch
2026-06-20,08:39:25,13.79,Alistair's Apple Watch
2026-06-20,08:39:53,13.59,Alistair's Apple Watch
2026-06-20,08:40:11,13.79,Alistair's Apple Watch
2026-06-20,08:40:27,13.49,Alistair's Apple Watch
2026-06-20,08:40:49,13.69,Alistair's Apple Watch
2026-06-20,08:41:11,13.49,Alistair's Apple Watch
2026-06-20,08:41:44,13.49,Alistair's Apple Watch
2026-06-20,08:42:00,13.39,Alistair's Apple Watch
2026-06-20,08:42:24,13.49,Alistair's Apple Watch
2026-06-20,08:42:43,13.39,Alistair's Apple Watch
2026-06-20,08:42:59,13.29,Alistair's Apple Watch
2026-06-20,08:43:15,13.39,Alistair's Apple Watch
2026-06-20,08:43:31,13.29,Alistair's Apple Watch
2026-06-20,08:43:48,13.29,Alistair's Apple Watch
2026-06-20,08:44:06,13.29,Alistair's Apple Watch
2026-06-20,08:44:23,13.29,Alistair's Apple Watch
2026-06-20,08:44:40,13.29,Alistair's Apple Watch
2026-06-20,08:44:55,13.39,Alistair's Apple Watch
2026-06-20,08:45:12,13.49,Alistair's Apple Watch
2026-06-20,08:45:27,13.39,Alistair's Apple Watch
2026-06-20,08:45:44,13.29,Alistair's Apple Watch
2026-06-20,08:46:01,13.29,Alistair's Apple Watch
2026-06-20,08:46:17,13.39,Alistair's Apple Watch
2026-06-20,08:46:33,13.29,Alistair's Apple Watch
2026-06-20,08:46:51,13.09,Alistair's Apple Watch
2026-06-20,08:47:11,13.09,Alistair's Apple Watch
2026-06-20,08:47:36,12.99,Alistair's Apple Watch
2026-06-20,08:47:51,13.09,Alistair's Apple Watch
2026-06-20,08:48:07,12.89,Alistair's Apple Watch
2026-06-20,08:48:23,12.99,Alistair's Apple Watch
2026-06-20,08:48:41,12.89,Alistair's Apple Watch
2026-06-20,08:48:59,12.79,Alistair's Apple Watch
2026-06-20,08:49:19,12.89,Alistair's Apple Watch
2026-06-20,08:49:35,12.99,Alistair's Apple Watch
2026-06-20,08:49:51,13.09,Alistair's Apple Watch
2026-06-20,08:50:07,13.09,Alistair's Apple Watch
2026-06-20,08:50:23,13.09,Alistair's Apple Watch
2026-06-20,08:50:40,13.19,Alistair's Apple Watch
2026-06-20,08:50:58,13.09,Alistair's Apple Watch
2026-06-20,08:51:13,13.29,Alistair's Apple Watch
2026-06-20,08:51:33,13.19,Alistair's Apple Watch
2026-06-20,08:51:49,13.19,Alistair's Apple Watch
2026-06-20,08:52:08,13.29,Alistair's Apple Watch
2026-06-20,08:52:29,13.29,Alistair's Apple Watch
2026-06-20,08:52:45,13.39,Alistair's Apple Watch
2026-06-20,08:53:01,13.39,Alistair's Apple Watch
2026-06-20,08:53:16,13.39,Alistair's Apple Watch
2026-06-20,08:53:38,13.49,Alistair's Apple Watch
2026-06-20,08:53:53,13.39,Alistair's Apple Watch
2026-06-20,08:54:09,13.49,Alistair's Apple Watch
2026-06-20,08:54:25,13.49,Alistair's Apple Watch
2026-06-20,08:54:43,13.29,Alistair's Apple Watch
2026-06-20,08:55:01,13.29,Alistair's Apple Watch
2026-06-20,08:55:16,13.39,Alistair's Apple Watch
2026-06-20,08:55:33,13.29,Alistair's Apple Watch
2026-06-20,08:55:48,13.09,Alistair's Apple Watch
2026-06-20,08:56:06,13.19,Alistair's Apple Watch
2026-06-20,08:56:24,13.29,Alistair's Apple Watch
2026-06-20,08:56:39,13.19,Alistair's Apple Watch
2026-06-20,08:56:54,13.19,Alistair's Apple Watch
2026-06-20,08:57:11,13.19,Alistair's Apple Watch
2026-06-20,08:57:30,13.19,Alistair's Apple Watch
2026-06-20,08:57:56,13.29,Alistair's Apple Watch
2026-06-20,08:58:13,13.29,Alistair's Apple Watch
2026-06-20,08:58:29,13.09,Alistair's Apple Watch
2026-06-20,08:58:46,13.19,Alistair's Apple Watch
2026-06-20,08:59:05,13.29,Alistair's Apple Watch
2026-06-20,08:59:20,13.19,Alistair's Apple Watch
2026-06-20,08:59:37,13.09,Alistair's Apple Watch
2026-06-20,09:00:00,13.29,Alistair's Apple Watch
2026-06-20,09:00:16,12.99,Alistair's Apple Watch
2026-06-20,20:07:31,23.61,Alistair's Apple Watch
2026-06-20,20:07:35,12.72,Alistair's Apple Watch
2026-06-20,20:07:35,13.44,Alistair's Apple Watch
2026-06-20,20:07:37,14.21,Alistair's Apple Watch
2026-06-20,20:07:40,14.81,Alistair's Apple Watch
2026-06-20,20:07:57,14.49,Alistair's Apple Watch
2026-06-20,20:09:32,14.49,Alistair's Apple Watch
2026-06-20,20:09:32,13.38,Alistair's Apple Watch
2026-06-20,20:11:42,14.39,Alistair's Apple Watch
2026-06-20,20:12:06,14.29,Alistair's Apple Watch
2026-06-20,20:12:48,14.11,Alistair's Apple Watch
2026-06-20,20:13:22,14.59,Alistair's Apple Watch
2026-06-21,08:22:20,12.94,Alistair's Apple Watch
2026-06-21,08:22:20,12.44,Alistair's Apple Watch
2026-06-21,08:22:21,13.58,Alistair's Apple Watch
2026-06-21,08:23:20,12.99,Alistair's Apple Watch
2026-06-21,08:23:35,12.89,Alistair's Apple Watch
2026-06-21,08:23:50,12.99,Alistair's Apple Watch
2026-06-21,08:24:08,12.89,Alistair's Apple Watch
2026-06-21,08:24:24,12.99,Alistair's Apple Watch
2026-06-21,08:24:39,12.89,Alistair's Apple Watch
2026-06-21,08:24:56,12.89,Alistair's Apple Watch
2026-06-21,08:25:11,12.89,Alistair's Apple Watch
2026-06-21,08:25:27,12.99,Alistair's Apple Watch
2026-06-21,08:25:45,12.89,Alistair's Apple Watch
2026-06-21,08:26:01,12.69,Alistair's Apple Watch
2026-06-21,08:26:18,12.69,Alistair's Apple Watch
2026-06-21,08:26:33,12.69,Alistair's Apple Watch
2026-06-21,08:26:49,12.69,Alistair's Apple Watch
2026-06-21,08:27:08,12.69,Alistair's Apple Watch
2026-06-21,08:27:26,12.69,Alistair's Apple Watch
2026-06-21,08:27:44,12.69,Alistair's Apple Watch
2026-06-21,08:28:01,12.69,Alistair's Apple Watch
2026-06-21,08:28:16,12.69,Alistair's Apple Watch
2026-06-21,08:28:31,12.69,Alistair's Apple Watch
2026-06-21,08:28:48,12.69,Alistair's Apple Watch
2026-06-21,08:29:03,12.69,Alistair's Apple Watch
2026-06-21,08:29:21,12.69,Alistair's Apple Watch
2026-06-21,08:29:36,12.69,Alistair's Apple Watch
2026-06-21,08:29:52,12.69,Alistair's Apple Watch
2026-06-21,08:30:11,12.79,Alistair's Apple Watch
2026-06-21,08:30:32,12.69,Alistair's Apple Watch
2026-06-21,08:30:49,12.79,Alistair's Apple Watch
2026-06-21,08:31:05,12.69,Alistair's Apple Watch
2026-06-21,08:31:22,12.79,Alistair's Apple Watch
2026-06-21,08:31:37,12.79,Alistair's Apple Watch
2026-06-21,08:31:54,12.79,Alistair's Apple Watch
2026-06-21,08:32:09,12.79,Alistair's Apple Watch
2026-06-21,08:32:27,12.79,Alistair's Apple Watch
2026-06-21,08:32:46,12.99,Alistair's Apple Watch
2026-06-21,08:33:10,12.89,Alistair's Apple Watch
2026-06-21,08:33:28,12.89,Alistair's Apple Watch
2026-06-21,08:33:43,12.79,Alistair's Apple Watch
2026-06-21,08:33:58,12.79,Alistair's Apple Watch
2026-06-21,08:34:13,12.79,Alistair's Apple Watch
2026-06-21,08:34:29,12.79,Alistair's Apple Watch
2026-06-21,08:34:46,12.79,Alistair's Apple Watch
2026-06-21,08:35:02,12.79,Alistair's Apple Watch
2026-06-21,08:35:19,12.79,Alistair's Apple Watch
2026-06-21,08:35:35,12.79,Alistair's Apple Watch
2026-06-21,08:35:50,12.79,Alistair's Apple Watch
2026-06-21,08:36:06,12.79,Alistair's Apple Watch
2026-06-21,08:36:21,12.69,Alistair's Apple Watch
2026-06-21,08:36:37,12.69,Alistair's Apple Watch
2026-06-21,08:36:53,12.69,Alistair's Apple Watch
2026-06-21,08:37:09,12.69,Alistair's Apple Watch
2026-06-21,08:37:25,12.69,Alistair's Apple Watch
2026-06-21,08:37:41,12.69,Alistair's Apple Watch
2026-06-21,08:37:57,12.69,Alistair's Apple Watch
2026-06-21,08:38:13,12.69,Alistair's Apple Watch
2026-06-21,08:38:30,12.69,Alistair's Apple Watch
2026-06-21,08:38:46,12.69,Alistair's Apple Watch
2026-06-21,08:39:04,12.69,Alistair's Apple Watch
2026-06-21,08:39:20,12.79,Alistair's Apple Watch
2026-06-21,08:39:38,12.69,Alistair's Apple Watch
2026-06-21,08:39:55,12.79,Alistair's Apple Watch
2026-06-21,08:40:10,12.59,Alistair's Apple Watch
2026-06-21,08:40:27,12.69,Alistair's Apple Watch
2026-06-21,08:40:43,12.69,Alistair's Apple Watch
2026-06-21,08:41:00,12.69,Alistair's Apple Watch
2026-06-21,08:41:16,12.69,Alistair's Apple Watch
2026-06-21,08:41:34,12.79,Alistair's Apple Watch
2026-06-21,08:41:51,12.79,Alistair's Apple Watch
2026-06-21,08:42:09,12.79,Alistair's Apple Watch
2026-06-21,08:42:25,12.69,Alistair's Apple Watch
2026-06-21,08:42:40,12.79,Alistair's Apple Watch
2026-06-21,08:42:55,12.79,Alistair's Apple Watch
2026-06-21,08:43:12,12.79,Alistair's Apple Watch
2026-06-21,08:43:31,12.79,Alistair's Apple Watch
2026-06-21,08:43:46,12.89,Alistair's Apple Watch
2026-06-21,08:44:02,12.99,Alistair's Apple Watch
2026-06-21,08:44:17,12.89,Alistair's Apple Watch
2026-06-21,08:44:36,12.79,Alistair's Apple Watch
2026-06-21,08:44:51,12.79,Alistair's Apple Watch
2026-06-21,08:45:08,13.29,Alistair's Apple Watch
2026-06-21,08:45:27,13.19,Alistair's Apple Watch
2026-06-21,08:45:43,13.09,Alistair's Apple Watch
2026-06-21,08:45:52,12.59,Alistair's Apple Watch
2026-06-21,08:46:03,13.09,Alistair's Apple Watch
2026-06-21,08:46:18,13.09,Alistair's Apple Watch
2026-06-21,08:46:36,13.29,Alistair's Apple Watch
2026-06-21,08:46:52,13.29,Alistair's Apple Watch
2026-06-21,08:47:10,13.29,Alistair's Apple Watch
2026-06-21,08:47:26,13.19,Alistair's Apple Watch
2026-06-21,08:47:41,13.09,Alistair's Apple Watch
2026-06-21,19:33:57,21.61,Alistair's Apple Watch
2026-06-21,19:34:06,22.19,Alistair's Apple Watch
2026-06-21,19:34:24,20.21,Alistair's Apple Watch
2026-06-21,19:34:24,20.99,Alistair's Apple Watch
2026-06-21,19:34:31,19.88,Alistair's Apple Watch
2026-06-21,19:34:41,20.39,Alistair's Apple Watch
2026-06-21,19:34:50,19.71,Alistair's Apple Watch
2026-06-21,19:35:09,19.89,Alistair's Apple Watch
2026-06-21,19:35:27,20.09,Alistair's Apple Watch
2026-06-21,19:35:43,20.19,Alistair's Apple Watch
2026-06-21,19:35:55,19.49,Alistair's Apple Watch
2026-06-21,19:36:13,19.59,Alistair's Apple Watch
2026-06-21,19:36:29,19.69,Alistair's Apple Watch
2026-06-21,19:36:46,19.89,Alistair's Apple Watch
2026-06-21,19:37:02,19.71,Alistair's Apple Watch
2026-06-21,19:37:08,17.81,Alistair's Apple Watch
2026-06-21,19:37:11,16.71,Alistair's Apple Watch
2026-06-21,19:37:22,17.29,Alistair's Apple Watch
2026-06-21,19:37:31,17.79,Alistair's Apple Watch
2026-06-21,19:37:46,18.19,Alistair's Apple Watch
2026-06-21,19:37:57,18.69,Alistair's Apple Watch
2026-06-21,19:38:14,19.09,Alistair's Apple Watch
2026-06-21,19:38:30,19.09,Alistair's Apple Watch
2026-06-21,19:38:50,18.99,Alistair's Apple Watch
2026-06-21,19:39:08,19.29,Alistair's Apple Watch
2026-06-21,19:39:26,19.19,Alistair's Apple Watch
2026-06-21,19:39:44,19.09,Alistair's Apple Watch
2026-06-21,19:40:00,19.09,Alistair's Apple Watch
2026-06-21,19:40:18,19.29,Alistair's Apple Watch
2026-06-21,19:41:08,18.39,Alistair's Apple Watch
2026-06-21,19:41:10,17.71,Alistair's Apple Watch
2026-06-21,19:41:13,17.21,Alistair's Apple Watch
2026-06-21,19:41:20,17.89,Alistair's Apple Watch
2026-06-21,19:42:25,18.99,Alistair's Apple Watch
2026-06-21,19:42:26,18.29,Alistair's Apple Watch
2026-06-21,19:42:42,19.44,Alistair's Apple Watch
2026-06-21,19:43:12,18.59,Alistair's Apple Watch
2026-06-21,19:43:15,18.09,Alistair's Apple Watch
2026-06-21,19:43:31,18.49,Alistair's Apple Watch
2026-06-21,19:43:47,18.11,Alistair's Apple Watch
2026-06-21,19:44:18,18.59,Alistair's Apple Watch
2026-06-21,19:44:22,18.01,Alistair's Apple Watch
2026-06-21,19:44:37,17.59,Alistair's Apple Watch
2026-06-21,19:44:59,17.59,Alistair's Apple Watch
2026-06-21,19:45:16,17.29,Alistair's Apple Watch
2026-06-21,19:45:33,17.39,Alistair's Apple Watch
2026-06-21,19:45:50,16.99,Alistair's Apple Watch
2026-06-21,19:46:06,16.69,Alistair's Apple Watch
2026-06-21,19:46:26,16.49,Alistair's Apple Watch
2026-06-21,19:46:43,16.49,Alistair's Apple Watch
2026-06-21,19:46:58,16.89,Alistair's Apple Watch
2026-06-21,19:47:14,17.09,Alistair's Apple Watch
2026-06-21,19:47:30,17.19,Alistair's Apple Watch
2026-06-21,19:47:46,16.99,Alistair's Apple Watch
2026-06-21,19:48:03,17.01,Alistair's Apple Watch
2026-06-21,19:48:05,16.18,Alistair's Apple Watch
2026-06-21,19:48:12,16.69,Alistair's Apple Watch
2026-06-21,19:48:27,17.19,Alistair's Apple Watch
2026-06-21,19:48:42,17.09,Alistair's Apple Watch
2026-06-21,19:49:00,17.19,Alistair's Apple Watch
2026-06-21,19:49:16,17.69,Alistair's Apple Watch
2026-06-21,19:49:31,17.79,Alistair's Apple Watch
2026-06-21,19:49:49,18.29,Alistair's Apple Watch
2026-06-21,19:49:56,18.79,Alistair's Apple Watch
2026-06-22,09:33:46,18.17,Alistair's Apple Watch
2026-06-22,09:33:46,13.39,Alistair's Apple Watch
2026-06-22,09:33:48,12.07,Alistair's Apple Watch
2026-06-22,09:33:50,13.53,Alistair's Apple Watch
2026-06-22,09:33:57,14.69,Alistair's Apple Watch
2026-06-22,09:34:00,16.04,Alistair's Apple Watch
2026-06-22,09:35:02,16.69,Alistair's Apple Watch
2026-06-22,09:35:23,14.71,Alistair's Apple Watch
2026-06-22,09:35:23,13.91,Alistair's Apple Watch
2026-06-22,09:35:38,13.79,Alistair's Apple Watch
2026-06-22,09:35:55,13.89,Alistair's Apple Watch
2026-06-22,09:36:23,13.79,Alistair's Apple Watch
2026-06-22,09:36:29,14.29,Alistair's Apple Watch
2026-06-22,09:37:45,14.39,Alistair's Apple Watch
2026-06-22,09:38:11,13.79,Alistair's Apple Watch
2026-06-22,09:38:28,13.59,Alistair's Apple Watch
2026-06-22,09:38:45,13.49,Alistair's Apple Watch
2026-06-22,09:39:02,13.49,Alistair's Apple Watch
2026-06-22,09:39:19,13.49,Alistair's Apple Watch
2026-06-22,09:39:35,13.49,Alistair's Apple Watch
2026-06-22,09:39:52,13.49,Alistair's Apple Watch
2026-06-22,09:40:09,13.59,Alistair's Apple Watch
2026-06-22,09:40:26,13.59,Alistair's Apple Watch
2026-06-22,09:40:41,13.59,Alistair's Apple Watch
2026-06-22,09:40:58,13.59,Alistair's Apple Watch
2026-06-22,09:41:16,13.59,Alistair's Apple Watch
2026-06-22,09:41:31,13.59,Alistair's Apple Watch
2026-06-22,09:41:46,13.59,Alistair's Apple Watch
2026-06-22,09:42:04,13.59,Alistair's Apple Watch
2026-06-22,09:42:21,13.59,Alistair's Apple Watch
2026-06-22,09:42:37,13.69,Alistair's Apple Watch
2026-06-22,09:42:53,13.59,Alistair's Apple Watch
2026-06-22,09:43:12,13.49,Alistair's Apple Watch
2026-06-22,09:43:28,13.49,Alistair's Apple Watch
2026-06-22,09:43:43,13.59,Alistair's Apple Watch
2026-06-22,09:44:00,13.59,Alistair's Apple Watch
2026-06-22,09:44:17,13.49,Alistair's Apple Watch
2026-06-22,09:44:33,13.49,Alistair's Apple Watch
2026-06-22,09:44:52,13.49,Alistair's Apple Watch
2026-06-22,09:45:11,13.59,Alistair's Apple Watch
2026-06-22,09:45:27,13.59,Alistair's Apple Watch
2026-06-22,09:45:43,13.39,Alistair's Apple Watch
2026-06-22,09:45:58,13.39,Alistair's Apple Watch
2026-06-22,09:46:15,13.39,Alistair's Apple Watch
2026-06-22,09:46:32,13.39,Alistair's Apple Watch
2026-06-22,09:46:47,13.49,Alistair's Apple Watch
2026-06-22,09:47:04,13.49,Alistair's Apple Watch
2026-06-22,09:47:21,13.49,Alistair's Apple Watch
2026-06-22,09:47:37,13.49,Alistair's Apple Watch
2026-06-22,09:47:52,13.49,Alistair's Apple Watch
2026-06-22,09:48:08,13.49,Alistair's Apple Watch
2026-06-22,09:48:25,13.49,Alistair's Apple Watch
2026-06-22,09:48:40,13.39,Alistair's Apple Watch
2026-06-22,09:48:56,13.39,Alistair's Apple Watch
2026-06-22,09:49:14,13.39,Alistair's Apple Watch
2026-06-22,09:49:30,13.39,Alistair's Apple Watch
2026-06-22,09:49:46,13.39,Alistair's Apple Watch
2026-06-22,09:50:01,13.39,Alistair's Apple Watch
2026-06-22,09:50:18,13.39,Alistair's Apple Watch
2026-06-22,09:50:34,13.39,Alistair's Apple Watch
2026-06-22,09:50:51,13.39,Alistair's Apple Watch
2026-06-22,09:51:06,13.39,Alistair's Apple Watch
2026-06-22,09:51:23,13.39,Alistair's Apple Watch
2026-06-22,09:51:40,13.39,Alistair's Apple Watch
2026-06-22,09:51:55,13.39,Alistair's Apple Watch
2026-06-22,09:52:10,13.39,Alistair's Apple Watch
2026-06-22,09:52:26,13.39,Alistair's Apple Watch
2026-06-22,09:52:43,13.39,Alistair's Apple Watch
2026-06-22,09:53:00,13.39,Alistair's Apple Watch
2026-06-22,09:53:15,13.29,Alistair's Apple Watch
2026-06-22,09:53:30,13.29,Alistair's Apple Watch
2026-06-22,09:53:45,13.29,Alistair's Apple Watch
2026-06-22,09:54:01,13.29,Alistair's Apple Watch
2026-06-22,09:54:18,13.39,Alistair's Apple Watch
2026-06-22,09:54:33,13.39,Alistair's Apple Watch
2026-06-22,09:56:00,13.59,Alistair's Apple Watch
2026-06-22,09:56:15,13.69,Alistair's Apple Watch
2026-06-22,09:57:42,14.39,Alistair's Apple Watch
2026-06-22,10:00:54,16.29,Alistair's Apple Watch
2026-06-23,12:11:35,24.98,Alistair's Apple Watch
2026-06-23,12:12:25,14.09,Alistair's Apple Watch
2026-06-23,12:12:42,13.79,Alistair's Apple Watch
2026-06-23,12:13:01,13.79,Alistair's Apple Watch
2026-06-23,12:13:21,13.79,Alistair's Apple Watch
2026-06-23,12:13:37,13.79,Alistair's Apple Watch
2026-06-23,12:14:02,13.89,Alistair's Apple Watch
2026-06-23,12:14:18,13.89,Alistair's Apple Watch
2026-06-23,12:14:33,13.79,Alistair's Apple Watch
2026-06-23,12:14:49,13.69,Alistair's Apple Watch
2026-06-23,12:15:06,13.59,Alistair's Apple Watch
2026-06-23,12:15:24,13.59,Alistair's Apple Watch
2026-06-23,12:15:40,13.59,Alistair's Apple Watch
2026-06-23,12:15:55,13.59,Alistair's Apple Watch
2026-06-23,12:16:11,13.49,Alistair's Apple Watch
2026-06-23,12:16:27,13.49,Alistair's Apple Watch
2026-06-23,12:16:43,13.49,Alistair's Apple Watch
2026-06-23,12:17:00,13.49,Alistair's Apple Watch
2026-06-23,12:17:16,13.59,Alistair's Apple Watch
2026-06-23,12:17:31,13.49,Alistair's Apple Watch
2026-06-23,12:17:47,13.49,Alistair's Apple Watch
2026-06-23,12:18:03,13.49,Alistair's Apple Watch
2026-06-23,12:18:21,13.49,Alistair's Apple Watch
2026-06-23,12:18:36,13.69,Alistair's Apple Watch
2026-06-23,12:18:53,13.79,Alistair's Apple Watch
2026-06-23,12:19:08,13.89,Alistair's Apple Watch
2026-06-23,12:19:25,13.89,Alistair's Apple Watch
2026-06-23,12:19:40,13.59,Alistair's Apple Watch
2026-06-23,12:19:55,13.59,Alistair's Apple Watch
2026-06-23,12:20:11,13.49,Alistair's Apple Watch
2026-06-23,12:20:26,13.49,Alistair's Apple Watch
2026-06-23,12:20:41,13.49,Alistair's Apple Watch
2026-06-23,12:21:02,13.59,Alistair's Apple Watch
2026-06-23,12:21:17,13.59,Alistair's Apple Watch
2026-06-23,12:21:39,13.59,Alistair's Apple Watch
2026-06-23,12:22:02,13.59,Alistair's Apple Watch
2026-06-23,12:22:17,13.49,Alistair's Apple Watch
2026-06-23,12:22:36,13.59,Alistair's Apple Watch
2026-06-23,12:22:51,13.49,Alistair's Apple Watch
2026-06-23,12:23:19,13.59,Alistair's Apple Watch
2026-06-23,12:23:39,13.89,Alistair's Apple Watch
2026-06-23,12:23:56,14.09,Alistair's Apple Watch
2026-06-23,12:24:16,14.09,Alistair's Apple Watch
2026-06-23,12:24:31,14.09,Alistair's Apple Watch
2026-06-23,12:24:54,14.09,Alistair's Apple Watch
2026-06-23,12:25:11,13.99,Alistair's Apple Watch
2026-06-23,12:25:34,13.89,Alistair's Apple Watch
2026-06-23,12:26:07,14.09,Alistair's Apple Watch
2026-06-23,12:26:29,14.09,Alistair's Apple Watch
2026-06-23,19:51:30,16.68,Alistair's Apple Watch
2026-06-23,19:51:30,14.07,Alistair's Apple Watch
2026-06-23,19:51:32,15.28,Alistair's Apple Watch
2026-06-23,19:51:36,16.18,Alistair's Apple Watch
2026-06-23,19:51:54,16.09,Alistair's Apple Watch
2026-06-23,19:52:10,15.99,Alistair's Apple Watch
2026-06-23,19:52:33,15.79,Alistair's Apple Watch
2026-06-23,19:52:48,15.69,Alistair's Apple Watch
2026-06-23,19:53:13,15.79,Alistair's Apple Watch
2026-06-23,19:53:29,15.69,Alistair's Apple Watch
2026-06-23,19:53:46,15.79,Alistair's Apple Watch
2026-06-23,19:54:02,15.69,Alistair's Apple Watch
2026-06-23,19:54:21,15.49,Alistair's Apple Watch
2026-06-23,19:54:37,15.49,Alistair's Apple Watch
2026-06-23,19:54:43,14.81,Alistair's Apple Watch
2026-06-23,19:55:04,14.69,Alistair's Apple Watch
2026-06-23,19:55:23,14.79,Alistair's Apple Watch
2026-06-23,19:55:44,14.69,Alistair's Apple Watch
2026-06-23,19:56:00,14.69,Alistair's Apple Watch
2026-06-23,19:56:16,14.69,Alistair's Apple Watch
2026-06-23,19:56:31,14.79,Alistair's Apple Watch
2026-06-23,19:56:46,14.99,Alistair's Apple Watch
2026-06-24,09:10:09,24.53,Alistair's Apple Watch
2026-06-24,09:10:10,12.02,Alistair's Apple Watch
2026-06-24,09:10:14,13.08,Alistair's Apple Watch
2026-06-24,09:10:20,14.01,Alistair's Apple Watch
2026-06-24,09:10:23,15.04,Alistair's Apple Watch
2026-06-24,09:10:28,14.21,Alistair's Apple Watch
2026-06-24,09:10:31,12.98,Alistair's Apple Watch
2026-06-24,09:10:46,13.09,Alistair's Apple Watch
2026-06-24,09:11:02,13.39,Alistair's Apple Watch
2026-06-24,09:11:22,13.59,Alistair's Apple Watch
2026-06-24,09:11:38,13.59,Alistair's Apple Watch
2026-06-24,09:11:54,13.39,Alistair's Apple Watch
2026-06-24,09:12:10,13.29,Alistair's Apple Watch
2026-06-24,09:12:25,13.39,Alistair's Apple Watch
2026-06-24,09:12:43,13.19,Alistair's Apple Watch
2026-06-24,09:12:58,13.69,Alistair's Apple Watch
2026-06-24,09:13:17,13.59,Alistair's Apple Watch
2026-06-24,09:13:33,13.79,Alistair's Apple Watch
2026-06-24,09:13:49,13.79,Alistair's Apple Watch
2026-06-24,09:14:05,13.69,Alistair's Apple Watch
2026-06-24,09:14:21,13.69,Alistair's Apple Watch
2026-06-24,09:14:39,13.69,Alistair's Apple Watch
2026-06-24,09:14:56,13.59,Alistair's Apple Watch
2026-06-24,09:15:11,13.59,Alistair's Apple Watch
2026-06-24,09:15:27,13.59,Alistair's Apple Watch
2026-06-24,09:15:44,13.49,Alistair's Apple Watch
2026-06-24,09:16:01,13.59,Alistair's Apple Watch
2026-06-24,09:16:20,13.59,Alistair's Apple Watch
2026-06-24,09:16:38,13.49,Alistair's Apple Watch
2026-06-24,09:16:53,13.49,Alistair's Apple Watch
2026-06-24,09:17:12,13.49,Alistair's Apple Watch
2026-06-24,09:17:29,13.39,Alistair's Apple Watch
2026-06-24,09:17:46,13.69,Alistair's Apple Watch
2026-06-24,09:18:04,13.79,Alistair's Apple Watch
2026-06-24,09:18:19,13.69,Alistair's Apple Watch
2026-06-24,09:18:41,13.49,Alistair's Apple Watch
2026-06-24,09:18:59,13.59,Alistair's Apple Watch
2026-06-24,09:19:16,13.49,Alistair's Apple Watch
2026-06-24,09:19:34,13.49,Alistair's Apple Watch
2026-06-24,09:19:55,13.59,Alistair's Apple Watch
2026-06-24,09:20:10,13.59,Alistair's Apple Watch
2026-06-24,09:20:26,13.69,Alistair's Apple Watch
2026-06-24,09:20:44,13.69,Alistair's Apple Watch
2026-06-24,09:21:03,13.89,Alistair's Apple Watch
2026-06-24,09:21:18,13.69,Alistair's Apple Watch
2026-06-24,09:21:34,13.49,Alistair's Apple Watch
2026-06-24,09:21:56,13.39,Alistair's Apple Watch
2026-06-24,09:22:13,13.39,Alistair's Apple Watch
2026-06-24,09:22:29,13.49,Alistair's Apple Watch
2026-06-24,09:22:45,13.49,Alistair's Apple Watch
2026-06-24,09:23:01,13.29,Alistair's Apple Watch
2026-06-24,09:23:17,13.49,Alistair's Apple Watch
2026-06-24,09:23:32,13.49,Alistair's Apple Watch
2026-06-24,09:23:50,13.49,Alistair's Apple Watch
2026-06-24,09:24:08,13.49,Alistair's Apple Watch
2026-06-24,09:24:25,13.49,Alistair's Apple Watch
2026-06-24,09:24:42,13.49,Alistair's Apple Watch
2026-06-24,09:24:57,13.49,Alistair's Apple Watch
2026-06-24,09:25:13,13.59,Alistair's Apple Watch
2026-06-24,09:25:28,13.59,Alistair's Apple Watch
2026-06-24,09:25:44,13.59,Alistair's Apple Watch
2026-06-24,09:26:02,13.59,Alistair's Apple Watch
2026-06-24,09:26:17,13.59,Alistair's Apple Watch
2026-06-24,09:26:36,13.49,Alistair's Apple Watch
2026-06-24,09:26:59,13.49,Alistair's Apple Watch
2026-06-24,09:27:17,13.29,Alistair's Apple Watch
2026-06-24,09:27:33,13.29,Alistair's Apple Watch
2026-06-24,09:27:51,13.39,Alistair's Apple Watch
2026-06-24,09:28:07,13.59,Alistair's Apple Watch
2026-06-24,09:28:32,13.69,Alistair's Apple Watch
2026-06-24,09:28:47,13.79,Alistair's Apple Watch
2026-06-24,09:29:03,13.69,Alistair's Apple Watch
2026-06-24,09:29:20,13.69,Alistair's Apple Watch
2026-06-24,09:29:40,13.69,Alistair's Apple Watch
2026-06-24,09:29:55,13.69,Alistair's Apple Watch
2026-06-24,09:30:11,13.69,Alistair's Apple Watch
2026-06-24,09:30:28,13.69,Alistair's Apple Watch
2026-06-24,09:30:45,13.49,Alistair's Apple Watch
2026-06-24,09:31:01,13.59,Alistair's Apple Watch
2026-06-24,09:31:19,13.59,Alistair's Apple Watch
2026-06-24,09:31:38,13.59,Alistair's Apple Watch
2026-06-24,09:31:54,13.59,Alistair's Apple Watch
2026-06-24,09:32:11,13.49,Alistair's Apple Watch
2026-06-24,09:32:26,13.39,Alistair's Apple Watch
2026-06-24,09:32:42,13.39,Alistair's Apple Watch
2026-06-24,09:32:58,13.39,Alistair's Apple Watch
2026-06-24,09:33:30,13.29,Alistair's Apple Watch
2026-06-24,09:33:45,13.29,Alistair's Apple Watch
2026-06-24,09:34:04,13.29,Alistair's Apple Watch
2026-06-24,09:34:19,13.29,Alistair's Apple Watch
2026-06-24,09:34:35,13.29,Alistair's Apple Watch
2026-06-24,09:34:52,13.39,Alistair's Apple Watch
2026-06-24,09:35:09,13.39,Alistair's Apple Watch
2026-06-24,09:35:27,13.39,Alistair's Apple Watch
2026-06-24,09:35:48,13.29,Alistair's Apple Watch
2026-06-24,09:36:03,13.29,Alistair's Apple Watch
2026-06-24,09:36:21,13.39,Alistair's Apple Watch
2026-06-24,09:36:37,13.49,Alistair's Apple Watch
2026-06-24,09:36:53,13.39,Alistair's Apple Watch
2026-06-24,09:37:10,13.49,Alistair's Apple Watch
2026-06-24,09:37:27,13.49,Alistair's Apple Watch
2026-06-24,09:37:43,13.49,Alistair's Apple Watch
2026-06-24,09:38:00,13.49,Alistair's Apple Watch
2026-06-24,09:38:15,13.39,Alistair's Apple Watch
2026-06-24,09:38:32,13.39,Alistair's Apple Watch
2026-06-24,09:38:48,13.79,Alistair's Apple Watch
2026-06-24,09:39:04,13.89,Alistair's Apple Watch
2026-06-24,09:39:21,13.89,Alistair's Apple Watch
2026-06-24,09:39:37,14.09,Alistair's Apple Watch
2026-06-24,09:39:56,13.99,Alistair's Apple Watch
2026-06-24,09:40:14,13.99,Alistair's Apple Watch
2026-06-24,09:40:32,13.99,Alistair's Apple Watch
2026-06-24,09:40:57,13.89,Alistair's Apple Watch
2026-06-24,09:41:15,13.89,Alistair's Apple Watch
2026-06-24,09:41:32,13.89,Alistair's Apple Watch
2026-06-24,09:41:49,13.69,Alistair's Apple Watch
2026-06-24,09:42:04,13.69,Alistair's Apple Watch
2026-06-24,09:42:20,13.69,Alistair's Apple Watch
2026-06-24,09:42:36,13.69,Alistair's Apple Watch
2026-06-24,09:42:59,13.59,Alistair's Apple Watch
2026-06-24,09:43:17,13.69,Alistair's Apple Watch
2026-06-24,09:43:32,13.69,Alistair's Apple Watch
2026-06-24,09:43:48,13.59,Alistair's Apple Watch
2026-06-24,09:44:04,13.49,Alistair's Apple Watch
2026-06-24,09:44:21,13.59,Alistair's Apple Watch
2026-06-24,09:44:37,13.59,Alistair's Apple Watch
2026-06-24,09:44:53,13.59,Alistair's Apple Watch
2026-06-24,09:45:12,13.59,Alistair's Apple Watch
2026-06-24,09:45:28,13.69,Alistair's Apple Watch
2026-06-24,09:45:44,13.79,Alistair's Apple Watch
2026-06-24,09:46:01,13.89,Alistair's Apple Watch
2026-06-24,09:46:19,13.79,Alistair's Apple Watch
2026-06-24,09:46:35,13.79,Alistair's Apple Watch
2026-06-24,09:46:51,13.79,Alistair's Apple Watch
2026-06-24,09:47:13,13.79,Alistair's Apple Watch
2026-06-24,09:47:30,13.69,Alistair's Apple Watch
2026-06-24,09:47:46,13.69,Alistair's Apple Watch
2026-06-24,09:48:02,13.79,Alistair's Apple Watch
2026-06-24,09:48:21,13.79,Alistair's Apple Watch
2026-06-24,09:48:38,13.79,Alistair's Apple Watch
2026-06-24,09:48:53,13.79,Alistair's Apple Watch
2026-06-24,09:49:10,13.79,Alistair's Apple Watch
2026-06-24,09:49:27,14.09,Alistair's Apple Watch
2026-06-24,09:49:42,14.09,Alistair's Apple Watch
2026-06-25,05:19:51,25.11,Alistair's Apple Watch S10
2026-06-25,05:19:53,10.91,Alistair's Apple Watch S10
2026-06-25,05:20:33,13.49,Alistair's Apple Watch S10
2026-06-25,05:20:49,13.49,Alistair's Apple Watch S10
2026-06-25,05:21:04,13.49,Alistair's Apple Watch S10
2026-06-25,05:21:21,13.39,Alistair's Apple Watch S10
2026-06-25,05:21:37,13.39,Alistair's Apple Watch S10
2026-06-25,05:21:58,13.29,Alistair's Apple Watch S10
2026-06-25,05:22:13,13.29,Alistair's Apple Watch S10
2026-06-25,05:22:31,13.29,Alistair's Apple Watch S10
2026-06-25,05:22:51,13.19,Alistair's Apple Watch S10
2026-06-25,05:23:06,13.19,Alistair's Apple Watch S10
2026-06-25,05:23:22,13.29,Alistair's Apple Watch S10
2026-06-25,05:23:38,13.29,Alistair's Apple Watch S10
2026-06-25,05:24:01,13.19,Alistair's Apple Watch S10
2026-06-25,05:24:26,13.59,Alistair's Apple Watch S10
2026-06-25,05:24:41,13.19,Alistair's Apple Watch S10
2026-06-25,05:24:59,13.19,Alistair's Apple Watch S10
2026-06-25,05:25:17,13.19,Alistair's Apple Watch S10
2026-06-25,05:25:34,13.19,Alistair's Apple Watch S10
2026-06-25,05:25:52,13.19,Alistair's Apple Watch S10
2026-06-25,05:26:08,13.19,Alistair's Apple Watch S10
2026-06-25,05:26:31,13.19,Alistair's Apple Watch S10
2026-06-25,05:26:47,13.19,Alistair's Apple Watch S10
2026-06-25,05:27:03,13.29,Alistair's Apple Watch S10
2026-06-25,05:27:30,13.29,Alistair's Apple Watch S10
2026-06-25,05:27:47,13.29,Alistair's Apple Watch S10
2026-06-25,05:28:04,13.29,Alistair's Apple Watch S10
2026-06-25,05:28:23,13.29,Alistair's Apple Watch S10
2026-06-25,05:28:38,13.29,Alistair's Apple Watch S10
2026-06-25,05:28:53,13.29,Alistair's Apple Watch S10
2026-06-25,05:29:11,13.29,Alistair's Apple Watch S10
2026-06-25,05:29:27,13.39,Alistair's Apple Watch S10
2026-06-25,05:29:56,13.19,Alistair's Apple Watch S10
2026-06-25,05:30:23,13.49,Alistair's Apple Watch S10
2026-06-25,05:30:38,13.39,Alistair's Apple Watch S10
2026-06-25,05:30:53,13.39,Alistair's Apple Watch S10
2026-06-25,05:31:10,13.39,Alistair's Apple Watch S10
2026-06-25,05:31:27,13.29,Alistair's Apple Watch S10
2026-06-25,05:31:47,13.39,Alistair's Apple Watch S10
2026-06-25,05:32:02,13.39,Alistair's Apple Watch S10
2026-06-25,05:32:18,13.39,Alistair's Apple Watch S10
2026-06-25,05:32:34,13.39,Alistair's Apple Watch S10
2026-06-25,05:32:51,13.29,Alistair's Apple Watch S10
2026-06-25,05:42:08,13.39,Alistair's Apple Watch S10
2026-06-25,05:48:54,13.19,Alistair's Apple Watch S10
2026-06-25,05:49:42,13.19,Alistair's Apple Watch S10
2026-06-26,10:30:58,23.91,Alistair's Apple Watch S10
2026-06-26,10:30:58,11.62,Alistair's Apple Watch S10
2026-06-26,10:31:12,13.59,Alistair's Apple Watch S10
2026-06-26,10:31:28,13.49,Alistair's Apple Watch S10
2026-06-26,10:31:43,13.19,Alistair's Apple Watch S10
2026-06-26,10:32:03,13.09,Alistair's Apple Watch S10
2026-06-26,10:32:27,13.09,Alistair's Apple Watch S10
2026-06-26,10:32:45,13.09,Alistair's Apple Watch S10
2026-06-26,10:33:03,13.09,Alistair's Apple Watch S10
2026-06-26,10:33:19,13.09,Alistair's Apple Watch S10
2026-06-26,10:33:37,13.09,Alistair's Apple Watch S10
2026-06-26,10:33:55,13.19,Alistair's Apple Watch S10
2026-06-26,10:34:14,13.19,Alistair's Apple Watch S10
2026-06-26,10:34:38,13.09,Alistair's Apple Watch S10
2026-06-26,10:34:57,13.09,Alistair's Apple Watch S10
2026-06-26,10:35:12,13.09,Alistair's Apple Watch S10
2026-06-26,10:35:29,13.09,Alistair's Apple Watch S10
2026-06-26,10:35:45,13.19,Alistair's Apple Watch S10
2026-06-26,10:36:01,13.19,Alistair's Apple Watch S10
2026-06-26,10:36:18,13.19,Alistair's Apple Watch S10
2026-06-26,10:36:36,13.19,Alistair's Apple Watch S10
2026-06-26,10:36:52,13.19,Alistair's Apple Watch S10
2026-06-26,10:37:08,13.19,Alistair's Apple Watch S10
2026-06-26,10:37:24,13.09,Alistair's Apple Watch S10
2026-06-26,10:37:48,13.09,Alistair's Apple Watch S10
2026-06-26,10:38:08,12.99,Alistair's Apple Watch S10
2026-06-26,10:38:25,12.99,Alistair's Apple Watch S10
2026-06-26,10:38:42,12.99,Alistair's Apple Watch S10
2026-06-26,10:39:01,12.99,Alistair's Apple Watch S10
2026-06-26,10:39:19,12.99,Alistair's Apple Watch S10
2026-06-26,10:39:34,12.99,Alistair's Apple Watch S10
2026-06-26,10:39:51,12.99,Alistair's Apple Watch S10
2026-06-27,19:53:29,28.71,Alistair's Apple Watch S10
2026-06-27,19:54:01,13.49,Alistair's Apple Watch S10
2026-06-27,19:54:17,13.49,Alistair's Apple Watch S10
2026-06-27,19:54:36,13.59,Alistair's Apple Watch S10
2026-06-27,19:54:52,13.69,Alistair's Apple Watch S10
2026-06-27,19:55:09,13.89,Alistair's Apple Watch S10
2026-06-27,19:55:24,13.59,Alistair's Apple Watch S10
2026-06-27,19:55:39,13.49,Alistair's Apple Watch S10
2026-06-27,19:55:57,13.39,Alistair's Apple Watch S10
2026-06-27,19:56:16,13.29,Alistair's Apple Watch S10
2026-06-27,19:56:36,13.39,Alistair's Apple Watch S10
2026-06-27,19:56:55,13.39,Alistair's Apple Watch S10
2026-06-27,19:57:15,13.29,Alistair's Apple Watch S10
2026-06-27,19:57:31,13.39,Alistair's Apple Watch S10
2026-06-27,19:57:49,13.39,Alistair's Apple Watch S10
2026-06-27,19:58:07,13.49,Alistair's Apple Watch S10
2026-06-27,19:58:23,13.29,Alistair's Apple Watch S10
2026-06-27,19:58:38,13.39,Alistair's Apple Watch S10
2026-06-27,19:58:55,13.39,Alistair's Apple Watch S10
2026-06-27,19:59:12,13.39,Alistair's Apple Watch S10
2026-06-27,19:59:28,13.39,Alistair's Apple Watch S10
2026-06-27,19:59:46,13.49,Alistair's Apple Watch S10
2026-06-27,20:00:03,13.49,Alistair's Apple Watch S10
2026-06-27,20:00:22,13.39,Alistair's Apple Watch S10
2026-06-27,20:00:42,13.79,Alistair's Apple Watch S10
2026-06-27,20:01:08,13.59,Alistair's Apple Watch S10
2026-06-27,20:01:24,13.39,Alistair's Apple Watch S10
2026-06-27,20:01:41,13.39,Alistair's Apple Watch S10
2026-06-27,20:02:08,13.49,Alistair's Apple Watch S10
2026-06-27,20:02:24,13.59,Alistair's Apple Watch S10
2026-06-27,20:02:47,13.59,Alistair's Apple Watch S10
2026-06-27,20:14:54,13.61,Alistair's Apple Watch S10
2026-06-27,20:15:10,13.49,Alistair's Apple Watch S10
2026-06-27,20:15:34,13.69,Alistair's Apple Watch S10
2026-06-27,20:15:51,13.39,Alistair's Apple Watch S10
2026-06-27,20:16:09,13.39,Alistair's Apple Watch S10
2026-06-27,20:16:25,13.39,Alistair's Apple Watch S10
2026-06-27,20:17:03,13.39,Alistair's Apple Watch S10
2026-06-27,20:17:19,13.39,Alistair's Apple Watch S10
2026-06-27,20:17:35,13.39,Alistair's Apple Watch S10
2026-06-27,20:17:52,13.39,Alistair's Apple Watch S10
2026-06-27,20:18:10,13.39,Alistair's Apple Watch S10
2026-06-27,20:18:26,13.39,Alistair's Apple Watch S10
2026-06-27,20:18:42,13.49,Alistair's Apple Watch S10
2026-06-28,17:48:05,21.93,Alistair's Apple Watch S10
2026-06-28,17:48:05,12.8,Alistair's Apple Watch S10
2026-06-28,17:48:10,13.43,Alistair's Apple Watch S10
2026-06-28,17:48:26,13.59,Alistair's Apple Watch S10
2026-06-28,17:48:32,13.09,Alistair's Apple Watch S10
2026-06-28,17:48:48,12.99,Alistair's Apple Watch S10
2026-06-28,17:48:56,13.49,Alistair's Apple Watch S10
2026-06-28,17:49:14,13.31,Alistair's Apple Watch S10
2026-06-28,17:49:30,13.19,Alistair's Apple Watch S10
2026-06-28,17:49:47,13.09,Alistair's Apple Watch S10
2026-06-28,17:50:05,12.99,Alistair's Apple Watch S10
2026-06-28,17:50:22,12.89,Alistair's Apple Watch S10
2026-06-28,17:50:39,12.99,Alistair's Apple Watch S10
2026-06-28,17:50:55,12.99,Alistair's Apple Watch S10
2026-06-28,17:51:11,12.99,Alistair's Apple Watch S10
2026-06-28,17:51:27,12.99,Alistair's Apple Watch S10
2026-06-28,17:51:43,12.89,Alistair's Apple Watch S10
2026-06-28,17:51:59,12.89,Alistair's Apple Watch S10
2026-06-28,17:52:14,12.89,Alistair's Apple Watch S10
2026-06-28,17:52:31,12.89,Alistair's Apple Watch S10
2026-06-28,17:52:50,12.79,Alistair's Apple Watch S10
2026-06-28,17:53:06,12.69,Alistair's Apple Watch S10
2026-06-28,17:53:22,12.69,Alistair's Apple Watch S10
2026-06-28,17:53:39,12.79,Alistair's Apple Watch S10
2026-06-28,17:53:55,12.69,Alistair's Apple Watch S10
2026-06-28,17:54:17,12.69,Alistair's Apple Watch S10
2026-06-28,17:54:40,12.69,Alistair's Apple Watch S10
2026-06-28,17:54:56,12.79,Alistair's Apple Watch S10
2026-06-28,17:55:13,12.79,Alistair's Apple Watch S10
2026-06-28,17:55:36,12.79,Alistair's Apple Watch S10
2026-06-28,17:55:55,12.79,Alistair's Apple Watch S10
2026-06-28,17:56:14,12.79,Alistair's Apple Watch S10
2026-06-28,17:56:30,12.69,Alistair's Apple Watch S10
2026-06-28,17:56:46,12.69,Alistair's Apple Watch S10
2026-06-28,17:57:03,12.79,Alistair's Apple Watch S10
2026-06-28,17:57:18,12.79,Alistair's Apple Watch S10
2026-06-28,17:57:33,12.89,Alistair's Apple Watch S10
2026-06-28,17:57:49,13.09,Alistair's Apple Watch S10
2026-06-28,17:58:06,13.09,Alistair's Apple Watch S10
2026-06-28,17:58:21,13.09,Alistair's Apple Watch S10
2026-06-28,17:58:42,12.99,Alistair's Apple Watch S10
2026-06-28,17:58:59,12.99,Alistair's Apple Watch S10
2026-06-28,17:59:17,12.89,Alistair's Apple Watch S10
2026-06-28,17:59:36,12.89,Alistair's Apple Watch S10
2026-06-28,17:59:51,12.89,Alistair's Apple Watch S10
2026-06-28,18:00:08,12.99,Alistair's Apple Watch S10
2026-06-28,18:00:27,13.19,Alistair's Apple Watch S10
2026-06-28,18:00:43,13.19,Alistair's Apple Watch S10
2026-06-28,18:00:59,12.99,Alistair's Apple Watch S10
2026-06-28,18:01:33,13.09,Alistair's Apple Watch S10
2026-06-28,18:01:50,13.09,Alistair's Apple Watch S10
2026-06-28,18:02:10,13.19,Alistair's Apple Watch S10
2026-06-28,18:02:31,12.99,Alistair's Apple Watch S10
2026-06-28,18:02:49,12.89,Alistair's Apple Watch S10
2026-06-28,18:03:04,12.89,Alistair's Apple Watch S10
2026-06-28,18:03:26,13.09,Alistair's Apple Watch S10
2026-06-28,18:03:45,12.99,Alistair's Apple Watch S10
2026-06-28,18:04:02,12.99,Alistair's Apple Watch S10
2026-06-28,18:04:20,13.09,Alistair's Apple Watch S10
2026-06-28,18:04:37,13.09,Alistair's Apple Watch S10
2026-06-28,18:04:55,13.19,Alistair's Apple Watch S10
2026-06-28,18:05:11,13.09,Alistair's Apple Watch S10
2026-06-28,18:05:30,13.19,Alistair's Apple Watch S10
2026-06-28,18:05:46,12.99,Alistair's Apple Watch S10
2026-06-28,18:06:04,12.99,Alistair's Apple Watch S10
2026-06-28,18:06:21,12.99,Alistair's Apple Watch S10
2026-06-28,18:06:37,12.99,Alistair's Apple Watch S10
2026-06-28,18:06:57,13.09,Alistair's Apple Watch S10
2026-06-28,18:07:12,13.09,Alistair's Apple Watch S10
2026-06-28,18:07:27,13.09,Alistair's Apple Watch S10
2026-06-28,18:07:45,13.09,Alistair's Apple Watch S10
2026-06-28,18:08:01,13.09,Alistair's Apple Watch S10
2026-06-28,18:08:16,13.09,Alistair's Apple Watch S10
2026-06-28,18:08:41,13.29,Alistair's Apple Watch S10
2026-06-28,18:09:05,13.09,Alistair's Apple Watch S10
2026-06-28,18:09:21,13.49,Alistair's Apple Watch S10
2026-06-28,18:09:37,13.49,Alistair's Apple Watch S10
2026-06-28,18:09:53,13.59,Alistair's Apple Watch S10
2026-06-28,18:10:09,13.69,Alistair's Apple Watch S10
2026-06-28,18:10:25,13.39,Alistair's Apple Watch S10
2026-06-28,18:11:00,13.69,Alistair's Apple Watch S10
2026-06-28,18:11:19,13.89,Alistair's Apple Watch S10
2026-06-29,14:40:38,25.78,Alistair's Apple Watch S10
2026-06-29,14:40:53,13.18,Alistair's Apple Watch S10
2026-06-29,14:41:09,13.29,Alistair's Apple Watch S10
2026-06-29,14:41:25,13.19,Alistair's Apple Watch S10
2026-06-29,14:41:41,13.19,Alistair's Apple Watch S10
2026-06-29,14:41:56,13.19,Alistair's Apple Watch S10
2026-06-29,14:42:12,13.19,Alistair's Apple Watch S10
2026-06-29,14:42:28,13.09,Alistair's Apple Watch S10
2026-06-29,14:42:44,13.09,Alistair's Apple Watch S10
2026-06-29,14:43:01,13.09,Alistair's Apple Watch S10
2026-06-29,14:43:20,12.99,Alistair's Apple Watch S10
2026-06-29,14:43:37,13.09,Alistair's Apple Watch S10
2026-06-29,14:43:54,12.99,Alistair's Apple Watch S10
2026-06-29,14:44:10,12.89,Alistair's Apple Watch S10
2026-06-29,14:44:26,12.99,Alistair's Apple Watch S10
2026-06-29,14:44:42,12.99,Alistair's Apple Watch S10
2026-06-29,14:44:57,12.99,Alistair's Apple Watch S10
2026-06-29,14:45:15,13.09,Alistair's Apple Watch S10
2026-06-29,14:45:34,13.09,Alistair's Apple Watch S10
2026-06-29,14:45:51,13.19,Alistair's Apple Watch S10
2026-06-29,14:46:06,13.19,Alistair's Apple Watch S10
2026-06-29,14:46:29,13.09,Alistair's Apple Watch S10
2026-06-29,14:46:47,13.09,Alistair's Apple Watch S10
2026-06-29,14:47:02,13.09,Alistair's Apple Watch S10
2026-06-29,14:47:19,13.09,Alistair's Apple Watch S10
2026-06-29,14:47:36,13.09,Alistair's Apple Watch S10
2026-06-29,14:47:52,13.09,Alistair's Apple Watch S10
2026-06-29,14:48:08,13.09,Alistair's Apple Watch S10
2026-06-29,14:48:34,13.09,Alistair's Apple Watch S10
2026-06-29,14:48:50,13.09,Alistair's Apple Watch S10
2026-06-29,14:49:05,12.99,Alistair's Apple Watch S10
2026-06-29,14:50:15,13.29,Alistair's Apple Watch S10
2026-06-29,14:50:34,13.19,Alistair's Apple Watch S10
2026-06-29,14:50:50,13.09,Alistair's Apple Watch S10
2026-06-29,14:51:08,13.29,Alistair's Apple Watch S10
2026-06-29,14:51:25,13.29,Alistair's Apple Watch S10
2026-06-29,14:51:42,13.29,Alistair's Apple Watch S10
2026-06-29,14:51:58,13.29,Alistair's Apple Watch S10
2026-06-29,14:52:26,13.29,Alistair's Apple Watch S10
2026-06-29,14:52:43,13.19,Alistair's Apple Watch S10
2026-06-29,14:53:01,13.29,Alistair's Apple Watch S10
2026-06-29,14:53:18,13.39,Alistair's Apple Watch S10
2026-06-29,14:53:33,13.39,Alistair's Apple Watch S10
2026-06-29,14:53:50,13.39,Alistair's Apple Watch S10
2026-06-29,14:54:09,13.29,Alistair's Apple Watch S10
2026-06-29,14:55:08,13.09,Alistair's Apple Watch S10
2026-06-29,14:55:36,13.39,Alistair's Apple Watch S10
2026-06-29,14:55:51,13.39,Alistair's Apple Watch S10
2026-06-29,14:56:10,13.39,Alistair's Apple Watch S10
2026-06-29,14:56:27,13.39,Alistair's Apple Watch S10
2026-06-29,14:56:56,13.29,Alistair's Apple Watch S10
2026-06-29,14:57:54,13.09,Alistair's Apple Watch S10
2026-06-29,15:00:45,12.81,Alistair's Apple Watch S10
2026-06-29,15:02:04,13.19,Alistair's Apple Watch S10
2026-06-29,15:03:45,12.91,Alistair's Apple Watch S10
2026-06-29,15:04:01,13.19,Alistair's Apple Watch S10
2026-06-29,15:04:18,12.91,Alistair's Apple Watch S10
2026-06-30,11:25:02,16.98,Alistair's Apple Watch S10
2026-06-30,11:25:02,11.38,Alistair's Apple Watch S10
2026-06-30,11:25:06,13.43,Alistair's Apple Watch S10
2026-06-30,11:25:09,14.41,Alistair's Apple Watch S10
2026-06-30,11:25:18,13.91,Alistair's Apple Watch S10
2026-06-30,11:25:35,13.69,Alistair's Apple Watch S10
2026-06-30,11:26:15,15.89,Alistair's Apple Watch S10
2026-06-30,11:26:15,14.11,Alistair's Apple Watch S10
2026-06-30,11:26:16,12.73,Alistair's Apple Watch S10
2026-06-30,11:26:18,13.51,Alistair's Apple Watch S10
2026-06-30,11:26:36,13.29,Alistair's Apple Watch S10
2026-06-30,11:26:53,13.29,Alistair's Apple Watch S10
2026-06-30,11:27:11,13.29,Alistair's Apple Watch S10
2026-06-30,11:27:29,13.19,Alistair's Apple Watch S10
2026-06-30,11:27:45,13.19,Alistair's Apple Watch S10
2026-06-30,11:28:01,12.89,Alistair's Apple Watch S10
2026-06-30,11:28:16,12.79,Alistair's Apple Watch S10
2026-06-30,11:28:31,12.59,Alistair's Apple Watch S10
2026-06-30,11:28:53,12.49,Alistair's Apple Watch S10
2026-06-30,11:29:09,12.49,Alistair's Apple Watch S10
2026-06-30,11:29:27,12.49,Alistair's Apple Watch S10
2026-06-30,11:29:51,12.49,Alistair's Apple Watch S10
2026-06-30,11:30:11,12.39,Alistair's Apple Watch S10
2026-06-30,11:30:34,12.39,Alistair's Apple Watch S10
2026-06-30,11:30:51,12.39,Alistair's Apple Watch S10
2026-06-30,11:31:15,12.39,Alistair's Apple Watch S10
2026-06-30,11:31:31,12.39,Alistair's Apple Watch S10
2026-06-30,11:31:46,12.29,Alistair's Apple Watch S10
2026-06-30,11:32:05,12.29,Alistair's Apple Watch S10
2026-06-30,11:32:20,12.39,Alistair's Apple Watch S10
2026-06-30,11:32:37,12.39,Alistair's Apple Watch S10
2026-06-30,11:33:21,12.49,Alistair's Apple Watch S10
2026-06-30,11:33:36,12.49,Alistair's Apple Watch S10
2026-06-30,11:33:54,12.59,Alistair's Apple Watch S10
2026-06-30,11:34:09,12.59,Alistair's Apple Watch S10
2026-06-30,11:34:25,12.79,Alistair's Apple Watch S10
2026-06-30,11:34:43,12.79,Alistair's Apple Watch S10
2026-06-30,11:34:59,12.79,Alistair's Apple Watch S10
2026-06-30,11:35:16,12.79,Alistair's Apple Watch S10
2026-06-30,11:35:32,12.79,Alistair's Apple Watch S10
2026-06-30,11:35:49,12.89,Alistair's Apple Watch S10
2026-06-30,11:36:07,12.89,Alistair's Apple Watch S10
2026-06-30,11:36:23,12.89,Alistair's Apple Watch S10
2026-06-30,11:36:39,12.89,Alistair's Apple Watch S10
2026-06-30,11:36:54,12.99,Alistair's Apple Watch S10
2026-06-30,11:37:12,12.99,Alistair's Apple Watch S10
2026-06-30,11:37:27,13.09,Alistair's Apple Watch S10
2026-06-30,11:37:42,13.19,Alistair's Apple Watch S10
2026-06-30,11:37:58,13.19,Alistair's Apple Watch S10
2026-06-30,11:38:42,13.79,Alistair's Apple Watch S10
2026-06-30,11:39:00,13.59,Alistair's Apple Watch S10
2026-06-30,11:39:17,13.59,Alistair's Apple Watch S10
2026-06-30,11:39:33,13.79,Alistair's Apple Watch S10
2026-06-30,11:39:52,13.99,Alistair's Apple Watch S10
2026-06-30,11:40:11,13.79,Alistair's Apple Watch S10
2026-06-30,11:40:26,13.69,Alistair's Apple Watch S10
2026-06-30,11:40:44,13.69,Alistair's Apple Watch S10
2026-06-30,11:41:02,13.69,Alistair's Apple Watch S10
2026-06-30,11:41:20,13.69,Alistair's Apple Watch S10
2026-06-30,11:41:37,13.79,Alistair's Apple Watch S10
2026-06-30,11:41:56,13.79,Alistair's Apple Watch S10
2026-06-30,11:42:12,13.89,Alistair's Apple Watch S10
2026-06-30,11:42:28,13.89,Alistair's Apple Watch S10
2026-06-30,11:42:45,14.09,Alistair's Apple Watch S10
2026-06-30,11:43:15,14.19,Alistair's Apple Watch S10
2026-06-30,11:43:42,13.99,Alistair's Apple Watch S10
2026-07-01,19:02:00,29.41,Alistair's Apple Watch S10
2026-07-01,19:02:28,16.29,Alistair's Apple Watch S10
2026-07-01,19:02:30,16.89,Alistair's Apple Watch S10
2026-07-01,19:02:42,15.58,Alistair's Apple Watch S10
2026-07-01,19:02:45,16.09,Alistair's Apple Watch S10
2026-07-01,19:02:51,14.98,Alistair's Apple Watch S10
2026-07-01,19:03:06,14.41,Alistair's Apple Watch S10
2026-07-01,19:03:22,15.44,Alistair's Apple Watch S10
2026-07-01,19:03:37,15.79,Alistair's Apple Watch S10
2026-07-01,19:03:55,15.79,Alistair's Apple Watch S10
2026-07-01,19:04:13,15.89,Alistair's Apple Watch S10
2026-07-01,19:04:32,15.99,Alistair's Apple Watch S10
2026-07-01,19:04:50,16.19,Alistair's Apple Watch S10
2026-07-01,19:05:09,16.09,Alistair's Apple Watch S10
2026-07-01,19:05:24,16.09,Alistair's Apple Watch S10
2026-07-01,19:05:39,16.09,Alistair's Apple Watch S10
2026-07-01,19:05:55,15.99,Alistair's Apple Watch S10
2026-07-01,19:06:13,15.89,Alistair's Apple Watch S10
2026-07-01,19:06:29,15.99,Alistair's Apple Watch S10
2026-07-01,19:06:31,15.41,Alistair's Apple Watch S10
2026-07-01,19:06:44,14.91,Alistair's Apple Watch S10
2026-07-01,19:07:33,13.99,Alistair's Apple Watch S10
2026-07-01,19:07:48,13.99,Alistair's Apple Watch S10
2026-07-01,19:08:04,14.09,Alistair's Apple Watch S10
2026-07-01,19:08:39,13.59,Alistair's Apple Watch S10
2026-07-01,19:08:55,13.59,Alistair's Apple Watch S10
2026-07-01,19:09:11,13.59,Alistair's Apple Watch S10
2026-07-01,19:09:29,13.49,Alistair's Apple Watch S10
2026-07-01,19:09:45,13.29,Alistair's Apple Watch S10
2026-07-01,19:10:00,13.59,Alistair's Apple Watch S10
2026-07-01,19:11:00,13.49,Alistair's Apple Watch S10
2026-07-01,19:11:16,13.69,Alistair's Apple Watch S10
2026-07-01,19:12:18,13.49,Alistair's Apple Watch S10
2026-07-01,19:13:19,13.69,Alistair's Apple Watch S10
2026-07-01,19:13:59,13.69,Alistair's Apple Watch S10
2026-07-01,19:14:17,13.69,Alistair's Apple Watch S10
2026-07-01,19:14:34,13.79,Alistair's Apple Watch S10
2026-07-01,19:14:51,13.99,Alistair's Apple Watch S10
2026-07-01,19:15:11,12.98,Alistair's Apple Watch S10
2026-07-01,19:15:16,13.59,Alistair's Apple Watch S10
2026-07-01,19:15:33,13.99,Alistair's Apple Watch S10
2026-07-01,19:15:48,13.99,Alistair's Apple Watch S10
2026-07-01,19:16:05,13.99,Alistair's Apple Watch S10
2026-07-01,19:16:20,13.89,Alistair's Apple Watch S10
2026-07-01,19:16:40,13.79,Alistair's Apple Watch S10
2026-07-01,19:16:55,13.79,Alistair's Apple Watch S10
2026-07-01,19:17:11,13.79,Alistair's Apple Watch S10
2026-07-01,19:17:26,13.99,Alistair's Apple Watch S10
2026-07-01,19:17:42,13.79,Alistair's Apple Watch S10
2026-07-01,19:17:59,13.69,Alistair's Apple Watch S10
2026-07-01,19:18:14,13.89,Alistair's Apple Watch S10
2026-07-01,19:18:30,13.89,Alistair's Apple Watch S10
2026-07-01,19:18:46,13.79,Alistair's Apple Watch S10
2026-07-01,19:19:04,13.79,Alistair's Apple Watch S10
2026-07-01,19:19:19,14.19,Alistair's Apple Watch S10
2026-07-01,19:19:36,14.19,Alistair's Apple Watch S10
2026-07-01,19:19:51,14.09,Alistair's Apple Watch S10
2026-07-01,19:20:06,14.19,Alistair's Apple Watch S10
2026-07-01,19:20:23,14.19,Alistair's Apple Watch S10
2026-07-01,19:20:47,14.19,Alistair's Apple Watch S10
2026-07-01,19:21:03,14.09,Alistair's Apple Watch S10
2026-07-01,19:21:26,14.19,Alistair's Apple Watch S10
2026-07-01,19:21:41,13.91,Alistair's Apple Watch S10
2026-07-01,19:22:02,14.09,Alistair's Apple Watch S10
2026-07-01,19:22:18,13.71,Alistair's Apple Watch S10
2026-07-01,19:22:33,14.29,Alistair's Apple Watch S10
2026-07-01,19:22:49,14.19,Alistair's Apple Watch S10
2026-07-01,19:23:01,13.69,Alistair's Apple Watch S10
2026-07-01,19:23:16,13.69,Alistair's Apple Watch S10
2026-07-01,19:23:31,13.79,Alistair's Apple Watch S10
2026-07-01,19:23:48,13.59,Alistair's Apple Watch S10
2026-07-01,19:28:59,13.19,Alistair's Apple Watch S10
2026-07-01,19:29:17,13.19,Alistair's Apple Watch S10
2026-07-01,19:30:13,13.39,Alistair's Apple Watch S10
2026-07-01,19:32:29,13.19,Alistair's Apple Watch S10
2026-07-01,19:32:48,13.49,Alistair's Apple Watch S10
2026-07-01,19:33:47,13.39,Alistair's Apple Watch S10
2026-07-03,18:18:12,21,Alistair's Apple Watch S10
2026-07-03,18:18:12,25.71,Alistair's Apple Watch S10
2026-07-03,18:18:14,15.08,Alistair's Apple Watch S10
2026-07-03,18:18:17,14.38,Alistair's Apple Watch S10
2026-07-03,18:18:36,14.21,Alistair's Apple Watch S10
2026-07-03,18:18:52,13.99,Alistair's Apple Watch S10
2026-07-03,18:19:09,13.89,Alistair's Apple Watch S10
2026-07-03,18:19:25,13.89,Alistair's Apple Watch S10
2026-07-03,18:19:42,14.29,Alistair's Apple Watch S10
2026-07-03,18:19:59,14.11,Alistair's Apple Watch S10
2026-07-03,18:20:15,14.19,Alistair's Apple Watch S10
2026-07-03,18:20:33,13.81,Alistair's Apple Watch S10
2026-07-03,18:20:50,13.79,Alistair's Apple Watch S10
2026-07-03,18:21:07,13.79,Alistair's Apple Watch S10
2026-07-03,18:21:26,13.89,Alistair's Apple Watch S10
2026-07-03,18:21:49,13.89,Alistair's Apple Watch S10
2026-07-03,18:22:06,13.99,Alistair's Apple Watch S10
2026-07-03,18:22:22,13.99,Alistair's Apple Watch S10
2026-07-03,18:22:39,13.99,Alistair's Apple Watch S10
2026-07-03,18:22:55,13.89,Alistair's Apple Watch S10
2026-07-03,18:23:13,14.09,Alistair's Apple Watch S10
2026-07-03,18:23:29,14.09,Alistair's Apple Watch S10
2026-07-03,18:23:48,14.09,Alistair's Apple Watch S10
2026-07-03,18:24:06,14.09,Alistair's Apple Watch S10
2026-07-03,18:24:27,14.09,Alistair's Apple Watch S10
2026-07-03,18:24:44,14.09,Alistair's Apple Watch S10
2026-07-03,18:25:05,13.99,Alistair's Apple Watch S10
2026-07-03,18:25:21,14.09,Alistair's Apple Watch S10
2026-07-03,18:25:36,13.99,Alistair's Apple Watch S10
2026-07-03,18:25:53,13.99,Alistair's Apple Watch S10
2026-07-03,18:26:09,13.89,Alistair's Apple Watch S10
2026-07-03,18:26:24,13.99,Alistair's Apple Watch S10
2026-07-03,18:26:40,13.99,Alistair's Apple Watch S10
2026-07-03,18:26:56,13.99,Alistair's Apple Watch S10
2026-07-03,18:27:12,13.89,Alistair's Apple Watch S10
2026-07-03,18:27:30,13.89,Alistair's Apple Watch S10
2026-07-03,18:27:54,13.89,Alistair's Apple Watch S10
2026-07-03,18:28:12,13.99,Alistair's Apple Watch S10
2026-07-03,18:28:27,13.89,Alistair's Apple Watch S10
2026-07-03,18:28:45,13.79,Alistair's Apple Watch S10
2026-07-03,18:29:07,13.89,Alistair's Apple Watch S10
2026-07-03,18:29:23,13.99,Alistair's Apple Watch S10
2026-07-03,18:29:47,14.09,Alistair's Apple Watch S10
2026-07-03,18:30:02,13.99,Alistair's Apple Watch S10
2026-07-03,18:30:19,13.99,Alistair's Apple Watch S10
2026-07-03,18:30:36,13.99,Alistair's Apple Watch S10
2026-07-03,18:31:01,13.79,Alistair's Apple Watch S10
2026-07-03,18:31:18,13.59,Alistair's Apple Watch S10
2026-07-03,18:31:35,13.49,Alistair's Apple Watch S10
2026-07-03,18:31:56,13.59,Alistair's Apple Watch S10
2026-07-03,18:32:11,13.79,Alistair's Apple Watch S10
2026-07-03,18:32:29,13.69,Alistair's Apple Watch S10
2026-07-03,18:32:54,13.69,Alistair's Apple Watch S10
2026-07-03,18:33:18,13.49,Alistair's Apple Watch S10
2026-07-03,18:33:34,13.49,Alistair's Apple Watch S10
2026-07-03,18:33:51,13.39,Alistair's Apple Watch S10
2026-07-03,18:34:12,13.39,Alistair's Apple Watch S10
2026-07-03,18:34:28,13.49,Alistair's Apple Watch S10
2026-07-03,18:34:44,13.59,Alistair's Apple Watch S10
2026-07-03,18:35:00,13.59,Alistair's Apple Watch S10
2026-07-03,18:35:17,13.59,Alistair's Apple Watch S10
2026-07-03,18:35:32,13.59,Alistair's Apple Watch S10
2026-07-03,18:35:48,13.49,Alistair's Apple Watch S10
2026-07-03,18:36:05,13.49,Alistair's Apple Watch S10
2026-07-03,18:36:21,13.49,Alistair's Apple Watch S10
2026-07-03,18:36:37,13.49,Alistair's Apple Watch S10
2026-07-03,18:36:52,13.49,Alistair's Apple Watch S10
2026-07-03,18:37:07,13.49,Alistair's Apple Watch S10
2026-07-03,18:37:24,13.49,Alistair's Apple Watch S10
2026-07-03,18:37:43,13.49,Alistair's Apple Watch S10
2026-07-03,18:38:01,13.59,Alistair's Apple Watch S10
2026-07-03,18:38:18,13.59,Alistair's Apple Watch S10
2026-07-04,08:24:04,14.42,Alistair's Apple Watch S10
2026-07-04,08:24:04,25.19,Alistair's Apple Watch S10
2026-07-04,08:24:26,12.99,Alistair's Apple Watch S10
2026-07-04,08:24:45,12.89,Alistair's Apple Watch S10
2026-07-04,08:25:00,12.79,Alistair's Apple Watch S10
2026-07-04,08:25:17,12.79,Alistair's Apple Watch S10
2026-07-04,08:25:33,13.09,Alistair's Apple Watch S10
2026-07-04,08:25:50,13.19,Alistair's Apple Watch S10
2026-07-04,08:26:05,13.29,Alistair's Apple Watch S10
2026-07-04,08:26:22,13.19,Alistair's Apple Watch S10
2026-07-04,08:26:39,13.09,Alistair's Apple Watch S10
2026-07-04,08:26:54,12.99,Alistair's Apple Watch S10
2026-07-04,08:27:09,12.99,Alistair's Apple Watch S10
2026-07-04,08:27:26,12.89,Alistair's Apple Watch S10
2026-07-04,08:27:43,12.99,Alistair's Apple Watch S10
2026-07-04,08:27:59,12.99,Alistair's Apple Watch S10
2026-07-04,08:28:15,12.89,Alistair's Apple Watch S10
2026-07-04,08:28:32,12.89,Alistair's Apple Watch S10
2026-07-04,08:28:48,12.99,Alistair's Apple Watch S10
2026-07-04,08:29:09,12.99,Alistair's Apple Watch S10
2026-07-04,08:29:24,12.71,Alistair's Apple Watch S10
2026-07-04,08:29:41,12.89,Alistair's Apple Watch S10
2026-07-04,08:29:57,12.79,Alistair's Apple Watch S10
2026-07-04,08:30:12,12.79,Alistair's Apple Watch S10
2026-07-04,08:30:28,12.79,Alistair's Apple Watch S10
2026-07-04,08:30:44,12.79,Alistair's Apple Watch S10
2026-07-04,08:31:05,12.79,Alistair's Apple Watch S10
2026-07-04,08:31:28,12.99,Alistair's Apple Watch S10
2026-07-04,08:31:45,12.79,Alistair's Apple Watch S10
2026-07-04,08:32:07,12.79,Alistair's Apple Watch S10
2026-07-04,08:32:27,12.59,Alistair's Apple Watch S10
2026-07-04,08:32:43,12.69,Alistair's Apple Watch S10
2026-07-04,08:32:59,12.69,Alistair's Apple Watch S10
2026-07-04,08:33:18,12.79,Alistair's Apple Watch S10
2026-07-04,08:33:35,12.69,Alistair's Apple Watch S10
2026-07-04,08:33:51,12.69,Alistair's Apple Watch S10
2026-07-04,08:34:07,12.59,Alistair's Apple Watch S10
2026-07-04,08:34:25,12.69,Alistair's Apple Watch S10
2026-07-04,08:34:42,12.69,Alistair's Apple Watch S10
2026-07-04,08:35:06,12.59,Alistair's Apple Watch S10
2026-07-04,08:35:24,12.59,Alistair's Apple Watch S10
2026-07-04,08:35:40,12.59,Alistair's Apple Watch S10
2026-07-04,08:35:57,12.59,Alistair's Apple Watch S10
2026-07-04,08:36:20,12.59,Alistair's Apple Watch S10
2026-07-04,08:36:35,12.59,Alistair's Apple Watch S10
2026-07-04,08:36:51,12.59,Alistair's Apple Watch S10
2026-07-04,08:37:07,12.59,Alistair's Apple Watch S10
2026-07-04,08:37:23,12.69,Alistair's Apple Watch S10
2026-07-04,08:37:41,12.69,Alistair's Apple Watch S10
2026-07-04,08:37:58,12.59,Alistair's Apple Watch S10
2026-07-04,08:38:16,12.69,Alistair's Apple Watch S10
2026-07-04,08:38:31,12.69,Alistair's Apple Watch S10
2026-07-04,08:38:53,12.59,Alistair's Apple Watch S10
2026-07-04,08:39:09,12.59,Alistair's Apple Watch S10
2026-07-04,08:39:27,12.59,Alistair's Apple Watch S10
2026-07-04,08:39:42,12.59,Alistair's Apple Watch S10
2026-07-04,08:39:58,12.59,Alistair's Apple Watch S10
2026-07-04,08:40:13,12.59,Alistair's Apple Watch S10
2026-07-04,08:40:32,12.59,Alistair's Apple Watch S10
2026-07-04,08:40:47,12.59,Alistair's Apple Watch S10
2026-07-04,08:41:05,12.59,Alistair's Apple Watch S10
2026-07-04,08:41:20,12.59,Alistair's Apple Watch S10
2026-07-04,08:41:38,12.69,Alistair's Apple Watch S10
2026-07-04,08:41:56,12.69,Alistair's Apple Watch S10
2026-07-04,08:42:12,12.59,Alistair's Apple Watch S10
2026-07-04,08:42:29,12.69,Alistair's Apple Watch S10
2026-07-04,08:42:46,12.69,Alistair's Apple Watch S10
2026-07-04,08:43:03,12.69,Alistair's Apple Watch S10
2026-07-04,08:43:32,12.69,Alistair's Apple Watch S10
2026-07-04,08:43:48,12.69,Alistair's Apple Watch S10
2026-07-04,08:44:07,12.79,Alistair's Apple Watch S10
2026-07-04,08:44:24,12.79,Alistair's Apple Watch S10
2026-07-04,08:44:40,12.89,Alistair's Apple Watch S10
2026-07-04,08:44:55,12.79,Alistair's Apple Watch S10
2026-07-04,08:45:12,12.79,Alistair's Apple Watch S10
2026-07-04,08:45:28,12.79,Alistair's Apple Watch S10
2026-07-04,08:45:45,12.79,Alistair's Apple Watch S10
2026-07-04,08:46:16,12.59,Alistair's Apple Watch S10
2026-07-05,11:36:31,18.02,Alistair's Apple Watch S10
2026-07-05,11:37:26,13.39,Alistair's Apple Watch S10
2026-07-05,11:37:43,13.39,Alistair's Apple Watch S10
2026-07-05,11:38:00,13.49,Alistair's Apple Watch S10
2026-07-05,11:38:16,13.49,Alistair's Apple Watch S10
2026-07-05,11:38:33,13.39,Alistair's Apple Watch S10
2026-07-05,11:38:50,13.39,Alistair's Apple Watch S10
2026-07-05,11:39:08,13.89,Alistair's Apple Watch S10
2026-07-05,11:39:25,13.49,Alistair's Apple Watch S10
2026-07-05,11:39:40,13.39,Alistair's Apple Watch S10
2026-07-05,11:39:57,13.49,Alistair's Apple Watch S10
2026-07-05,11:40:14,13.39,Alistair's Apple Watch S10
2026-07-05,11:40:32,13.39,Alistair's Apple Watch S10
2026-07-05,11:40:49,13.39,Alistair's Apple Watch S10
2026-07-05,11:41:06,13.39,Alistair's Apple Watch S10
2026-07-05,11:41:23,13.39,Alistair's Apple Watch S10
2026-07-05,11:41:41,13.39,Alistair's Apple Watch S10
2026-07-05,11:41:57,13.39,Alistair's Apple Watch S10
2026-07-05,11:42:16,13.39,Alistair's Apple Watch S10
2026-07-05,11:42:35,13.29,Alistair's Apple Watch S10
2026-07-05,11:42:53,13.29,Alistair's Apple Watch S10
2026-07-05,11:43:08,13.29,Alistair's Apple Watch S10
2026-07-05,11:43:25,13.29,Alistair's Apple Watch S10
2026-07-05,11:43:40,13.29,Alistair's Apple Watch S10
2026-07-05,11:43:55,13.29,Alistair's Apple Watch S10
2026-07-05,11:44:11,13.29,Alistair's Apple Watch S10
2026-07-05,11:44:29,13.29,Alistair's Apple Watch S10
2026-07-05,11:44:48,13.19,Alistair's Apple Watch S10
2026-07-05,11:45:10,13.19,Alistair's Apple Watch S10
2026-07-05,11:45:25,13.19,Alistair's Apple Watch S10
2026-07-05,11:45:43,13.19,Alistair's Apple Watch S10
2026-07-05,11:46:00,13.19,Alistair's Apple Watch S10
2026-07-05,11:46:17,13.09,Alistair's Apple Watch S10
2026-07-05,11:46:34,13.19,Alistair's Apple Watch S10
2026-07-05,11:46:51,13.29,Alistair's Apple Watch S10
2026-07-05,11:47:09,13.29,Alistair's Apple Watch S10
2026-07-05,11:47:24,13.29,Alistair's Apple Watch S10
2026-07-05,11:47:49,13.19,Alistair's Apple Watch S10
2026-07-05,11:48:09,13.19,Alistair's Apple Watch S10
2026-07-05,11:48:26,13.19,Alistair's Apple Watch S10
2026-07-05,11:48:41,13.19,Alistair's Apple Watch S10
2026-07-05,11:48:56,13.19,Alistair's Apple Watch S10
2026-07-05,11:49:14,13.29,Alistair's Apple Watch S10
2026-07-05,11:49:29,13.29,Alistair's Apple Watch S10
2026-07-05,11:49:47,13.29,Alistair's Apple Watch S10
2026-07-05,11:50:03,13.39,Alistair's Apple Watch S10
2026-07-05,11:50:18,13.29,Alistair's Apple Watch S10
2026-07-05,11:50:36,13.29,Alistair's Apple Watch S10
2026-07-05,11:50:52,13.29,Alistair's Apple Watch S10
2026-07-05,11:51:08,13.39,Alistair's Apple Watch S10
2026-07-05,11:51:27,13.69,Alistair's Apple Watch S10
2026-07-05,11:51:50,13.39,Alistair's Apple Watch S10
2026-07-05,11:52:06,13.29,Alistair's Apple Watch S10
2026-07-05,11:52:23,13.49,Alistair's Apple Watch S10
2026-07-05,11:52:38,13.39,Alistair's Apple Watch S10
2026-07-05,11:52:55,13.39,Alistair's Apple Watch S10
2026-07-05,11:53:10,13.39,Alistair's Apple Watch S10
2026-07-05,11:53:27,13.29,Alistair's Apple Watch S10
2026-07-05,11:53:46,13.29,Alistair's Apple Watch S10
2026-07-05,11:54:05,13.39,Alistair's Apple Watch S10
2026-07-05,11:54:21,13.39,Alistair's Apple Watch S10
2026-07-05,11:54:38,13.39,Alistair's Apple Watch S10
2026-07-05,11:54:53,13.39,Alistair's Apple Watch S10
2026-07-05,11:55:09,13.39,Alistair's Apple Watch S10
2026-07-05,11:55:24,13.29,Alistair's Apple Watch S10
2026-07-05,11:56:11,13.39,Alistair's Apple Watch S10
2026-07-05,11:56:56,13.69,Alistair's Apple Watch S10
2026-07-06,09:23:17,9.88,Alistair's Apple Watch S10
2026-07-06,09:23:37,13.19,Alistair's Apple Watch S10
2026-07-06,09:23:53,13.19,Alistair's Apple Watch S10
2026-07-06,09:24:08,13.19,Alistair's Apple Watch S10
2026-07-06,09:24:25,13.19,Alistair's Apple Watch S10
2026-07-06,09:24:40,13.09,Alistair's Apple Watch S10
2026-07-06,09:24:57,12.99,Alistair's Apple Watch S10
2026-07-06,09:25:14,13.09,Alistair's Apple Watch S10
2026-07-06,09:25:30,13.09,Alistair's Apple Watch S10
2026-07-06,09:25:46,12.99,Alistair's Apple Watch S10
2026-07-06,09:26:05,12.89,Alistair's Apple Watch S10
2026-07-06,09:26:24,12.89,Alistair's Apple Watch S10
2026-07-06,09:26:41,12.89,Alistair's Apple Watch S10
2026-07-06,09:27:01,12.89,Alistair's Apple Watch S10
2026-07-06,09:27:16,12.99,Alistair's Apple Watch S10
2026-07-06,09:27:32,12.99,Alistair's Apple Watch S10
2026-07-06,09:27:48,12.99,Alistair's Apple Watch S10
2026-07-06,09:28:05,12.99,Alistair's Apple Watch S10
2026-07-06,09:28:22,12.89,Alistair's Apple Watch S10
2026-07-06,09:28:40,12.89,Alistair's Apple Watch S10
2026-07-06,09:28:55,12.89,Alistair's Apple Watch S10
2026-07-06,09:29:13,12.89,Alistair's Apple Watch S10
2026-07-06,09:29:30,12.89,Alistair's Apple Watch S10
2026-07-06,09:29:46,12.89,Alistair's Apple Watch S10
2026-07-06,09:30:03,12.99,Alistair's Apple Watch S10
2026-07-06,09:30:20,13.09,Alistair's Apple Watch S10
2026-07-06,09:30:35,13.09,Alistair's Apple Watch S10
2026-07-06,09:30:53,13.09,Alistair's Apple Watch S10
2026-07-06,09:31:11,12.99,Alistair's Apple Watch S10
2026-07-06,09:31:29,13.09,Alistair's Apple Watch S10
2026-07-06,09:31:45,12.99,Alistair's Apple Watch S10
2026-07-06,09:32:02,12.99,Alistair's Apple Watch S10
2026-07-06,09:32:18,12.99,Alistair's Apple Watch S10
2026-07-06,09:32:38,12.99,Alistair's Apple Watch S10
2026-07-06,09:32:54,12.89,Alistair's Apple Watch S10
2026-07-06,09:33:10,12.89,Alistair's Apple Watch S10
2026-07-06,09:33:26,12.89,Alistair's Apple Watch S10
2026-07-06,09:33:41,12.89,Alistair's Apple Watch S10
2026-07-06,09:34:06,12.89,Alistair's Apple Watch S10
2026-07-06,09:34:24,12.89,Alistair's Apple Watch S10
2026-07-06,09:34:41,12.89,Alistair's Apple Watch S10
2026-07-06,09:35:00,12.89,Alistair's Apple Watch S10
2026-07-06,09:35:15,12.89,Alistair's Apple Watch S10
2026-07-06,09:35:46,12.89,Alistair's Apple Watch S10
2026-07-06,09:36:08,12.89,Alistair's Apple Watch S10
2026-07-06,09:36:24,12.89,Alistair's Apple Watch S10
2026-07-06,09:36:41,12.89,Alistair's Apple Watch S10
2026-07-06,09:36:56,12.89,Alistair's Apple Watch S10
2026-07-06,09:37:11,12.89,Alistair's Apple Watch S10
2026-07-06,09:37:27,12.89,Alistair's Apple Watch S10
2026-07-06,09:37:42,12.79,Alistair's Apple Watch S10
2026-07-06,09:37:58,12.79,Alistair's Apple Watch S10
2026-07-06,09:38:15,12.89,Alistair's Apple Watch S10
2026-07-06,09:38:31,12.89,Alistair's Apple Watch S10
2026-07-06,09:38:46,12.89,Alistair's Apple Watch S10
2026-07-06,09:39:02,12.89,Alistair's Apple Watch S10
2026-07-06,09:39:18,12.79,Alistair's Apple Watch S10
2026-07-06,09:39:35,12.79,Alistair's Apple Watch S10
2026-07-06,09:39:52,12.79,Alistair's Apple Watch S10
2026-07-06,09:40:07,12.79,Alistair's Apple Watch S10
2026-07-06,09:40:25,12.89,Alistair's Apple Watch S10
2026-07-06,09:40:44,12.89,Alistair's Apple Watch S10
2026-07-06,09:41:03,12.89,Alistair's Apple Watch S10
2026-07-06,09:41:25,12.89,Alistair's Apple Watch S10
2026-07-06,09:41:41,12.89,Alistair's Apple Watch S10
2026-07-06,09:41:56,12.89,Alistair's Apple Watch S10
2026-07-06,09:42:12,12.89,Alistair's Apple Watch S10
2026-07-06,09:42:31,12.89,Alistair's Apple Watch S10
2026-07-06,09:42:46,12.89,Alistair's Apple Watch S10
2026-07-06,09:43:03,12.99,Alistair's Apple Watch S10
2026-07-06,09:43:19,12.99,Alistair's Apple Watch S10
2026-07-06,09:43:42,12.99,Alistair's Apple Watch S10
2026-07-06,09:44:02,12.89,Alistair's Apple Watch S10
2026-07-06,09:44:18,12.99,Alistair's Apple Watch S10
2026-07-06,09:44:34,12.99,Alistair's Apple Watch S10
2026-07-06,09:44:49,12.99,Alistair's Apple Watch S10
2026-07-06,09:45:09,12.99,Alistair's Apple Watch S10
2026-07-06,09:45:25,12.99,Alistair's Apple Watch S10
2026-07-06,09:45:40,12.99,Alistair's Apple Watch S10
2026-07-06,09:45:56,12.89,Alistair's Apple Watch S10
2026-07-06,09:46:14,12.89,Alistair's Apple Watch S10
2026-07-06,09:46:30,12.89,Alistair's Apple Watch S10
2026-07-06,09:46:47,12.79,Alistair's Apple Watch S10
2026-07-06,09:47:04,12.89,Alistair's Apple Watch S10
2026-07-06,09:47:23,12.89,Alistair's Apple Watch S10
2026-07-06,09:47:46,12.79,Alistair's Apple Watch S10
2026-07-06,09:48:03,12.79,Alistair's Apple Watch S10
2026-07-06,09:48:18,12.79,Alistair's Apple Watch S10
2026-07-06,09:48:36,12.79,Alistair's Apple Watch S10
2026-07-06,09:48:55,12.79,Alistair's Apple Watch S10
2026-07-06,09:49:11,12.79,Alistair's Apple Watch S10
2026-07-06,09:49:28,12.79,Alistair's Apple Watch S10
2026-07-06,09:49:52,12.79,Alistair's Apple Watch S10
2026-07-06,09:50:07,12.79,Alistair's Apple Watch S10
2026-07-06,09:50:24,12.89,Alistair's Apple Watch S10
2026-07-06,09:50:41,12.89,Alistair's Apple Watch S10
2026-07-06,09:50:59,12.89,Alistair's Apple Watch S10
2026-07-06,09:51:14,12.89,Alistair's Apple Watch S10
2026-07-06,09:51:33,12.89,Alistair's Apple Watch S10
2026-07-06,09:51:50,12.89,Alistair's Apple Watch S10
2026-07-06,09:52:14,12.89,Alistair's Apple Watch S10
2026-07-06,09:52:30,12.89,Alistair's Apple Watch S10
2026-07-06,09:52:45,12.89,Alistair's Apple Watch S10
2026-07-06,09:53:00,12.89,Alistair's Apple Watch S10
2026-07-06,09:53:19,12.89,Alistair's Apple Watch S10
2026-07-06,09:53:36,12.89,Alistair's Apple Watch S10
2026-07-06,09:53:51,12.89,Alistair's Apple Watch S10
2026-07-06,09:54:09,12.89,Alistair's Apple Watch S10
2026-07-06,09:54:25,12.79,Alistair's Apple Watch S10
2026-07-06,09:54:40,12.79,Alistair's Apple Watch S10
2026-07-06,09:54:57,12.89,Alistair's Apple Watch S10
2026-07-06,09:55:14,12.99,Alistair's Apple Watch S10
2026-07-07,20:21:19,16.29,Alistair's Apple Watch S10
2026-07-07,20:21:20,14.08,Alistair's Apple Watch S10
2026-07-07,20:21:38,14.29,Alistair's Apple Watch S10
2026-07-07,20:21:55,14.29,Alistair's Apple Watch S10
2026-07-07,20:22:11,14.19,Alistair's Apple Watch S10
2026-07-07,20:22:27,14.29,Alistair's Apple Watch S10
2026-07-07,20:22:43,14.19,Alistair's Apple Watch S10
2026-07-07,20:22:58,14.19,Alistair's Apple Watch S10
2026-07-07,20:23:14,14.19,Alistair's Apple Watch S10
2026-07-07,20:23:34,14.19,Alistair's Apple Watch S10
2026-07-07,20:23:50,14.19,Alistair's Apple Watch S10
2026-07-07,20:24:06,14.19,Alistair's Apple Watch S10
2026-07-07,20:24:23,14.29,Alistair's Apple Watch S10
2026-07-07,20:24:39,14.29,Alistair's Apple Watch S10
2026-07-07,20:25:00,14.29,Alistair's Apple Watch S10
2026-07-07,20:25:20,14.29,Alistair's Apple Watch S10
2026-07-07,20:25:36,14.29,Alistair's Apple Watch S10
2026-07-07,20:25:54,14.29,Alistair's Apple Watch S10
2026-07-07,20:26:10,14.29,Alistair's Apple Watch S10
2026-07-07,20:26:26,14.29,Alistair's Apple Watch S10
2026-07-07,20:26:49,14.39,Alistair's Apple Watch S10
2026-07-07,20:27:10,14.39,Alistair's Apple Watch S10
2026-07-07,20:27:26,14.39,Alistair's Apple Watch S10
2026-07-07,20:27:35,13.89,Alistair's Apple Watch S10
2026-07-07,20:28:04,14.01,Alistair's Apple Watch S10
2026-07-07,20:28:21,14.09,Alistair's Apple Watch S10
2026-07-07,20:28:36,14.19,Alistair's Apple Watch S10
2026-07-07,20:30:51,13.89,Alistair's Apple Watch S10
2026-07-07,20:31:08,14.19,Alistair's Apple Watch S10
2026-07-07,20:31:25,14.19,Alistair's Apple Watch S10
2026-07-07,20:31:42,14.29,Alistair's Apple Watch S10
2026-07-07,20:32:02,14.29,Alistair's Apple Watch S10
2026-07-07,20:32:18,14.19,Alistair's Apple Watch S10
2026-07-07,20:32:34,14.29,Alistair's Apple Watch S10
2026-07-07,20:32:51,14.29,Alistair's Apple Watch S10
2026-07-07,20:33:09,14.19,Alistair's Apple Watch S10
2026-07-07,20:33:26,14.19,Alistair's Apple Watch S10
2026-07-07,20:33:42,14.19,Alistair's Apple Watch S10
2026-07-07,20:33:58,14.19,Alistair's Apple Watch S10
2026-07-07,20:34:14,14.19,Alistair's Apple Watch S10
2026-07-07,20:34:30,14.19,Alistair's Apple Watch S10
2026-07-07,20:34:47,14.19,Alistair's Apple Watch S10
2026-07-07,20:35:40,14.09,Alistair's Apple Watch S10
2026-07-09,19:43:48,17.49,Alistair's Apple Watch S10
2026-07-09,19:44:07,17.59,Alistair's Apple Watch S10
2026-07-09,19:44:25,17.59,Alistair's Apple Watch S10
2026-07-09,19:44:42,17.49,Alistair's Apple Watch S10
2026-07-09,19:44:58,17.39,Alistair's Apple Watch S10
2026-07-09,19:45:16,17.59,Alistair's Apple Watch S10
2026-07-09,19:45:33,17.59,Alistair's Apple Watch S10
2026-07-09,19:45:49,17.49,Alistair's Apple Watch S10
2026-07-09,19:46:06,17.59,Alistair's Apple Watch S10
2026-07-09,19:46:23,17.59,Alistair's Apple Watch S10
2026-07-09,19:46:41,17.49,Alistair's Apple Watch S10
2026-07-09,19:46:59,17.69,Alistair's Apple Watch S10
2026-07-09,19:47:16,17.69,Alistair's Apple Watch S10
2026-07-09,19:47:32,17.69,Alistair's Apple Watch S10
2026-07-09,19:47:48,17.69,Alistair's Apple Watch S10
2026-07-09,19:48:32,17.19,Alistair's Apple Watch S10
2026-07-09,19:48:49,16.89,Alistair's Apple Watch S10
2026-07-09,19:48:58,16.31,Alistair's Apple Watch S10
2026-07-09,19:49:16,16.09,Alistair's Apple Watch S10
2026-07-09,19:50:21,15.59,Alistair's Apple Watch S10
2026-07-09,19:50:37,15.59,Alistair's Apple Watch S10
2026-07-09,19:50:54,15.69,Alistair's Apple Watch S10
2026-07-09,19:51:03,16.19,Alistair's Apple Watch S10
2026-07-09,19:51:11,16.69,Alistair's Apple Watch S10
2026-07-09,19:51:28,17.19,Alistair's Apple Watch S10
2026-07-09,19:51:44,17.49,Alistair's Apple Watch S10
2026-07-09,19:52:00,17.79,Alistair's Apple Watch S10
2026-07-09,19:52:31,17.59,Alistair's Apple Watch S10
2026-07-09,19:52:47,17.69,Alistair's Apple Watch S10
2026-07-10,11:47:45,15.39,Alistair's Apple Watch S10
2026-07-10,11:47:45,14.78,Alistair's Apple Watch S10
2026-07-10,11:48:00,15.89,Alistair's Apple Watch S10
2026-07-10,11:48:17,15.59,Alistair's Apple Watch S10
2026-07-10,11:48:36,15.39,Alistair's Apple Watch S10
2026-07-10,11:48:54,15.69,Alistair's Apple Watch S10
2026-07-10,11:49:09,16.09,Alistair's Apple Watch S10
2026-07-10,11:49:26,15.79,Alistair's Apple Watch S10
2026-07-10,11:49:42,15.59,Alistair's Apple Watch S10
2026-07-10,11:49:58,15.49,Alistair's Apple Watch S10
2026-07-10,11:50:15,15.19,Alistair's Apple Watch S10
2026-07-10,11:50:32,15.19,Alistair's Apple Watch S10
2026-07-10,11:50:47,15.19,Alistair's Apple Watch S10
2026-07-10,11:51:05,15.19,Alistair's Apple Watch S10
2026-07-10,11:51:23,15.19,Alistair's Apple Watch S10
2026-07-10,11:51:39,15.09,Alistair's Apple Watch S10
2026-07-10,11:51:58,15.09,Alistair's Apple Watch S10
2026-07-10,11:52:28,15.19,Alistair's Apple Watch S10
2026-07-10,11:52:48,15.19,Alistair's Apple Watch S10
2026-07-10,11:53:03,15.09,Alistair's Apple Watch S10
2026-07-10,11:53:22,15.09,Alistair's Apple Watch S10
2026-07-10,11:53:38,15.29,Alistair's Apple Watch S10
2026-07-10,11:53:58,15.49,Alistair's Apple Watch S10
2026-07-10,11:54:14,15.39,Alistair's Apple Watch S10
2026-07-10,11:54:32,15.29,Alistair's Apple Watch S10
2026-07-10,11:54:47,15.29,Alistair's Apple Watch S10
2026-07-10,11:55:07,15.29,Alistair's Apple Watch S10
2026-07-10,11:55:23,15.29,Alistair's Apple Watch S10
2026-07-10,11:55:40,15.19,Alistair's Apple Watch S10
2026-07-10,11:55:58,15.09,Alistair's Apple Watch S10
2026-07-10,11:56:22,14.99,Alistair's Apple Watch S10
2026-07-10,11:56:38,14.99,Alistair's Apple Watch S10
2026-07-10,11:57:05,15.09,Alistair's Apple Watch S10
2026-07-10,11:57:20,15.29,Alistair's Apple Watch S10
2026-07-10,11:57:36,15.49,Alistair's Apple Watch S10
2026-07-10,11:57:55,15.59,Alistair's Apple Watch S10
2026-07-10,11:58:14,15.59,Alistair's Apple Watch S10
2026-07-10,11:58:30,15.49,Alistair's Apple Watch S10
2026-07-10,11:58:45,15.39,Alistair's Apple Watch S10
2026-07-10,11:59:11,15.19,Alistair's Apple Watch S10
2026-07-10,11:59:29,15.19,Alistair's Apple Watch S10
2026-07-10,11:59:46,15.49,Alistair's Apple Watch S10
2026-07-10,12:00:01,15.49,Alistair's Apple Watch S10
2026-07-10,12:00:18,15.69,Alistair's Apple Watch S10
2026-07-10,12:00:33,15.69,Alistair's Apple Watch S10
2026-07-10,12:00:49,15.79,Alistair's Apple Watch S10
2026-07-10,12:01:05,15.69,Alistair's Apple Watch S10
2026-07-10,12:01:20,15.59,Alistair's Apple Watch S10
2026-07-10,12:01:35,15.59,Alistair's Apple Watch S10
2026-07-10,12:01:52,15.49,Alistair's Apple Watch S10
2026-07-10,12:02:07,15.59,Alistair's Apple Watch S10
2026-07-10,12:02:23,15.59,Alistair's Apple Watch S10
2026-07-10,12:02:38,15.29,Alistair's Apple Watch S10
2026-07-10,12:03:11,15.29,Alistair's Apple Watch S10
2026-07-10,12:03:28,15.19,Alistair's Apple Watch S10
2026-07-10,12:06:03,15.09,Alistair's Apple Watch S10
2026-07-10,12:06:21,15.39,Alistair's Apple Watch S10
2026-07-10,12:08:19,15.19,Alistair's Apple Watch S10
2026-07-10,12:08:48,15.19,Alistair's Apple Watch S10
2026-07-10,12:10:38,15.29,Alistair's Apple Watch S10
2026-07-10,12:12:12,15.39,Alistair's Apple Watch S10
2026-07-11,08:25:20,12.82,Alistair's Apple Watch S10
2026-07-11,08:25:20,24.41,Alistair's Apple Watch S10
2026-07-11,08:25:25,13.7,Alistair's Apple Watch S10
2026-07-11,08:25:26,15.08,Alistair's Apple Watch S10
2026-07-11,08:25:42,15.29,Alistair's Apple Watch S10
2026-07-11,08:25:58,15.19,Alistair's Apple Watch S10
2026-07-11,08:26:14,15.09,Alistair's Apple Watch S10
2026-07-11,08:26:32,14.99,Alistair's Apple Watch S10
2026-07-11,08:26:56,15.09,Alistair's Apple Watch S10
2026-07-11,08:27:13,15.09,Alistair's Apple Watch S10
2026-07-11,08:27:29,15.09,Alistair's Apple Watch S10
2026-07-11,08:27:46,15.09,Alistair's Apple Watch S10
2026-07-11,08:28:05,15.09,Alistair's Apple Watch S10
2026-07-11,08:28:27,15.09,Alistair's Apple Watch S10
2026-07-11,08:28:47,15.19,Alistair's Apple Watch S10
2026-07-11,08:29:02,14.99,Alistair's Apple Watch S10
2026-07-11,08:29:18,14.99,Alistair's Apple Watch S10
2026-07-11,08:29:34,14.99,Alistair's Apple Watch S10
2026-07-11,08:29:52,14.99,Alistair's Apple Watch S10
2026-07-11,08:30:08,14.99,Alistair's Apple Watch S10
2026-07-11,08:30:28,14.99,Alistair's Apple Watch S10
2026-07-11,08:30:43,14.99,Alistair's Apple Watch S10
2026-07-11,08:30:59,14.89,Alistair's Apple Watch S10
2026-07-11,08:31:17,14.89,Alistair's Apple Watch S10
2026-07-11,08:31:33,14.89,Alistair's Apple Watch S10
2026-07-11,08:32:02,14.89,Alistair's Apple Watch S10
2026-07-11,08:32:20,14.89,Alistair's Apple Watch S10
2026-07-11,08:32:37,14.89,Alistair's Apple Watch S10
2026-07-11,08:32:53,14.99,Alistair's Apple Watch S10
2026-07-11,08:33:10,14.89,Alistair's Apple Watch S10
2026-07-11,08:33:28,14.89,Alistair's Apple Watch S10
2026-07-11,08:33:46,14.89,Alistair's Apple Watch S10
2026-07-11,08:34:03,14.99,Alistair's Apple Watch S10
2026-07-11,08:34:20,14.89,Alistair's Apple Watch S10
2026-07-11,08:34:35,14.89,Alistair's Apple Watch S10
2026-07-11,08:34:54,14.89,Alistair's Apple Watch S10
2026-07-11,08:35:13,14.99,Alistair's Apple Watch S10
2026-07-11,08:35:32,14.99,Alistair's Apple Watch S10
2026-07-11,08:35:50,14.89,Alistair's Apple Watch S10
2026-07-11,08:36:09,14.99,Alistair's Apple Watch S10
2026-07-11,08:36:25,14.89,Alistair's Apple Watch S10
2026-07-11,08:36:40,14.89,Alistair's Apple Watch S10
2026-07-11,08:36:58,14.89,Alistair's Apple Watch S10
2026-07-11,08:37:13,14.89,Alistair's Apple Watch S10
2026-07-11,08:37:28,14.89,Alistair's Apple Watch S10
2026-07-11,08:37:45,14.89,Alistair's Apple Watch S10
2026-07-11,08:38:00,14.89,Alistair's Apple Watch S10
2026-07-11,08:38:17,14.99,Alistair's Apple Watch S10
2026-07-11,08:38:34,14.89,Alistair's Apple Watch S10
2026-07-11,08:38:49,14.89,Alistair's Apple Watch S10
2026-07-11,08:39:06,14.89,Alistair's Apple Watch S10
2026-07-11,08:39:24,14.89,Alistair's Apple Watch S10
2026-07-11,08:39:42,14.89,Alistair's Apple Watch S10
2026-07-11,08:40:01,14.99,Alistair's Apple Watch S10
2026-07-11,08:40:20,14.99,Alistair's Apple Watch S10
2026-07-11,08:40:36,14.99,Alistair's Apple Watch S10
2026-07-11,08:40:53,14.99,Alistair's Apple Watch S10
2026-07-11,08:41:08,14.99,Alistair's Apple Watch S10
2026-07-11,08:41:23,15.09,Alistair's Apple Watch S10
2026-07-11,08:41:41,15.09,Alistair's Apple Watch S10
2026-07-12,20:14:51,24.61,Alistair's Apple Watch S10
2026-07-12,20:15:18,16.69,Alistair's Apple Watch S10
2026-07-12,20:15:34,16.49,Alistair's Apple Watch S10
2026-07-12,20:15:50,16.39,Alistair's Apple Watch S10
2026-07-12,20:16:08,16.49,Alistair's Apple Watch S10
2026-07-12,20:16:23,16.49,Alistair's Apple Watch S10
2026-07-12,20:16:39,16.49,Alistair's Apple Watch S10
2026-07-12,20:17:26,17.19,Alistair's Apple Watch S10
2026-07-12,20:17:28,16.61,Alistair's Apple Watch S10
2026-07-12,20:19:16,17.09,Alistair's Apple Watch S10
2026-07-12,20:19:23,16.49,Alistair's Apple Watch S10
2026-07-12,20:19:38,16.49,Alistair's Apple Watch S10
2026-07-12,20:19:57,16.49,Alistair's Apple Watch S10
2026-07-12,20:20:13,16.49,Alistair's Apple Watch S10
2026-07-12,20:20:29,16.49,Alistair's Apple Watch S10
2026-07-12,20:20:48,16.49,Alistair's Apple Watch S10
2026-07-12,20:21:04,16.19,Alistair's Apple Watch S10
2026-07-12,20:21:23,16.09,Alistair's Apple Watch S10
2026-07-12,20:21:38,16.09,Alistair's Apple Watch S10
2026-07-12,20:21:54,16.09,Alistair's Apple Watch S10
2026-07-12,20:22:11,16.09,Alistair's Apple Watch S10
2026-07-12,20:22:27,16.09,Alistair's Apple Watch S10
2026-07-12,20:22:45,16.09,Alistair's Apple Watch S10
2026-07-12,20:23:01,16.09,Alistair's Apple Watch S10
2026-07-12,20:23:19,16.09,Alistair's Apple Watch S10
2026-07-12,20:23:35,16.09,Alistair's Apple Watch S10
2026-07-12,20:23:57,16.09,Alistair's Apple Watch S10
2026-07-12,20:24:12,16.09,Alistair's Apple Watch S10
2026-07-12,20:24:31,16.09,Alistair's Apple Watch S10
2026-07-12,20:24:49,16.09,Alistair's Apple Watch S10
2026-07-12,20:25:14,16.09,Alistair's Apple Watch S10
2026-07-12,20:25:30,16.09,Alistair's Apple Watch S10
2026-07-12,20:25:48,16.09,Alistair's Apple Watch S10
2026-07-12,20:26:10,16.09,Alistair's Apple Watch S10
2026-07-12,20:26:29,16.09,Alistair's Apple Watch S10
2026-07-12,20:26:50,16.19,Alistair's Apple Watch S10
2026-07-12,20:27:26,16.29,Alistair's Apple Watch S10
2026-07-12,20:27:42,16.09,Alistair's Apple Watch S10
2026-07-12,20:28:28,16.19,Alistair's Apple Watch S10
2026-07-12,20:28:43,16.09,Alistair's Apple Watch S10
2026-07-12,20:29:02,16.09,Alistair's Apple Watch S10
2026-07-12,20:29:19,16.09,Alistair's Apple Watch S10
2026-07-12,20:29:36,16.09,Alistair's Apple Watch S10
2026-07-12,20:29:54,16.19,Alistair's Apple Watch S10
2026-07-12,20:30:11,16.19,Alistair's Apple Watch S10
2026-07-12,20:30:29,16.19,Alistair's Apple Watch S10
2026-07-12,20:30:46,16.19,Alistair's Apple Watch S10
2026-07-12,20:31:05,16.19,Alistair's Apple Watch S10
2026-07-12,20:31:22,16.29,Alistair's Apple Watch S10
2026-07-12,20:31:38,16.29,Alistair's Apple Watch S10
2026-07-12,20:31:53,16.39,Alistair's Apple Watch S10
2026-07-12,20:32:12,16.39,Alistair's Apple Watch S10
2026-07-12,20:32:28,16.39,Alistair's Apple Watch S10
2026-07-12,20:33:03,16.39,Alistair's Apple Watch S10
2026-07-12,20:33:21,16.39,Alistair's Apple Watch S10
2026-07-12,20:33:41,16.39,Alistair's Apple Watch S10
2026-07-12,20:33:58,16.39,Alistair's Apple Watch S10
2026-07-12,20:34:16,16.39,Alistair's Apple Watch S10
2026-07-12,20:34:35,16.39,Alistair's Apple Watch S10
2026-07-12,20:34:54,16.39,Alistair's Apple Watch S10
2026-07-12,20:35:10,16.39,Alistair's Apple Watch S10
2026-07-12,20:35:27,16.39,Alistair's Apple Watch S10
2026-07-12,20:36:10,16.39,Alistair's Apple Watch S10
2026-07-12,20:36:28,16.39,Alistair's Apple Watch S10
2026-07-12,20:36:47,16.39,Alistair's Apple Watch S10
2026-07-12,20:37:04,16.39,Alistair's Apple Watch S10
2026-07-12,20:39:24,15.68,Alistair's Apple Watch S10
2026-07-12,20:39:24,16.18,Alistair's Apple Watch S10
2026-07-12,20:39:26,16.19,Alistair's Apple Watch S10
2026-07-21,07:26:29,26.64,Alistair's Apple Watch S10
2026-07-21,07:26:30,29.11,Alistair's Apple Watch S10
2026-07-21,07:26:48,29.29,Alistair's Apple Watch S10
2026-07-21,07:27:03,29.09,Alistair's Apple Watch S10
2026-07-21,07:27:20,29.09,Alistair's Apple Watch S10
2026-07-22,15:02:54,23.49,Alistair's Apple Watch S10
2026-07-22,15:02:55,15.27,Alistair's Apple Watch S10
2026-07-22,15:03:00,16.41,Alistair's Apple Watch S10
2026-07-22,15:03:02,17.01,Alistair's Apple Watch S10
2026-07-22,15:03:19,16.79,Alistair's Apple Watch S10
2026-07-22,15:03:39,16.79,Alistair's Apple Watch S10
2026-07-22,15:03:54,16.89,Alistair's Apple Watch S10
2026-07-22,15:04:13,16.69,Alistair's Apple Watch S10
2026-07-22,15:04:31,16.69,Alistair's Apple Watch S10
2026-07-22,15:04:47,16.59,Alistair's Apple Watch S10
2026-07-22,15:05:03,16.69,Alistair's Apple Watch S10
2026-07-22,15:05:22,16.79,Alistair's Apple Watch S10
2026-07-22,15:05:37,16.59,Alistair's Apple Watch S10
2026-07-22,15:05:54,16.69,Alistair's Apple Watch S10
2026-07-22,15:06:13,16.69,Alistair's Apple Watch S10
2026-07-22,15:06:29,16.69,Alistair's Apple Watch S10
2026-07-22,15:06:49,16.59,Alistair's Apple Watch S10
2026-07-22,15:07:06,16.59,Alistair's Apple Watch S10
2026-07-22,15:07:21,16.69,Alistair's Apple Watch S10
2026-07-22,15:07:37,16.79,Alistair's Apple Watch S10
2026-07-22,15:08:03,16.79,Alistair's Apple Watch S10
2026-07-22,15:08:19,16.79,Alistair's Apple Watch S10
2026-07-22,15:08:34,16.79,Alistair's Apple Watch S10
2026-07-22,15:08:52,16.69,Alistair's Apple Watch S10
2026-07-22,15:09:10,16.79,Alistair's Apple Watch S10
2026-07-22,15:09:27,16.79,Alistair's Apple Watch S10
2026-07-22,15:10:02,16.69,Alistair's Apple Watch S10
2026-07-22,15:10:17,16.69,Alistair's Apple Watch S10
2026-07-22,15:10:55,16.69,Alistair's Apple Watch S10
2026-07-22,15:11:14,16.79,Alistair's Apple Watch S10
2026-07-22,15:11:31,16.79,Alistair's Apple Watch S10
2026-07-22,15:11:54,16.99,Alistair's Apple Watch S10
2026-07-22,15:12:12,16.79,Alistair's Apple Watch S10
2026-07-22,15:12:50,16.69,Alistair's Apple Watch S10
2026-07-22,15:13:06,16.69,Alistair's Apple Watch S10
2026-07-22,15:14:38,16.88,Alistair's Apple Watch S10
2026-07-22,15:14:53,16.79,Alistair's Apple Watch S10
2026-07-22,15:15:09,16.79,Alistair's Apple Watch S10
2026-07-22,15:15:27,16.79,Alistair's Apple Watch S10
2026-07-22,15:15:46,16.69,Alistair's Apple Watch S10
2026-07-22,15:16:04,16.69,Alistair's Apple Watch S10
2026-07-22,15:16:22,16.69,Alistair's Apple Watch S10
2026-07-22,15:16:38,16.79,Alistair's Apple Watch S10
2026-07-22,15:16:54,16.79,Alistair's Apple Watch S10
2026-07-22,15:17:09,16.79,Alistair's Apple Watch S10
2026-07-22,15:17:26,16.69,Alistair's Apple Watch S10
2026-07-22,15:17:42,16.69,Alistair's Apple Watch S10
2026-07-22,15:17:58,16.59,Alistair's Apple Watch S10
2026-07-22,15:18:15,16.69,Alistair's Apple Watch S10
2026-07-22,15:18:35,16.69,Alistair's Apple Watch S10
2026-07-22,15:18:53,16.59,Alistair's Apple Watch S10
2026-07-22,15:19:09,16.59,Alistair's Apple Watch S10
2026-07-22,15:19:32,16.69,Alistair's Apple Watch S10
2026-07-22,15:19:48,16.79,Alistair's Apple Watch S10
2026-07-22,15:20:11,16.79,Alistair's Apple Watch S10
2026-07-22,15:20:35,16.79,Alistair's Apple Watch S10
2026-07-22,15:20:52,16.79,Alistair's Apple Watch S10
2026-07-29,20:10:31,25.31,Alistair's Apple Watch S10
2026-07-29,20:10:59,14.59,Alistair's Apple Watch S10
2026-07-29,20:11:29,14.39,Alistair's Apple Watch S10
2026-07-29,20:11:46,14.39,Alistair's Apple Watch S10
2026-07-29,20:12:01,14.49,Alistair's Apple Watch S10
2026-07-29,20:12:26,14.29,Alistair's Apple Watch S10
2026-07-29,20:12:55,14.29,Alistair's Apple Watch S10
2026-07-29,20:13:24,14.29,Alistair's Apple Watch S10
2026-07-29,20:13:40,14.29,Alistair's Apple Watch S10
2026-07-29,20:14:03,14.29,Alistair's Apple Watch S10
2026-07-29,20:14:18,14.29,Alistair's Apple Watch S10
2026-07-29,20:14:34,14.29,Alistair's Apple Watch S10
2026-07-29,20:14:49,14.29,Alistair's Apple Watch S10
2026-07-29,20:15:06,14.29,Alistair's Apple Watch S10
2026-07-29,20:15:21,14.29,Alistair's Apple Watch S10
2026-07-29,20:15:49,14.19,Alistair's Apple Watch S10
2026-07-29,20:16:07,14.19,Alistair's Apple Watch S10
2026-07-29,20:16:24,14.29,Alistair's Apple Watch S10
2026-07-29,20:16:39,14.29,Alistair's Apple Watch S10
2026-07-29,20:16:55,14.29,Alistair's Apple Watch S10
2026-07-29,20:17:22,14.29,Alistair's Apple Watch S10
2026-07-29,20:17:38,14.29,Alistair's Apple Watch S10
2026-07-29,20:18:00,14.29,Alistair's Apple Watch S10
2026-07-29,20:18:21,14.29,Alistair's Apple Watch S10
2026-07-29,20:18:37,14.29,Alistair's Apple Watch S10
2026-07-29,20:18:52,14.29,Alistair's Apple Watch S10
2026-07-29,20:19:09,14.29,Alistair's Apple Watch S10
2026-07-29,20:19:28,14.29,Alistair's Apple Watch S10
2026-07-29,20:19:44,14.29,Alistair's Apple Watch S10
2026-07-29,20:20:01,14.29,Alistair's Apple Watch S10
2026-07-29,20:20:17,14.29,Alistair's Apple Watch S10
2026-07-29,20:20:33,14.29,Alistair's Apple Watch S10
2026-07-29,20:20:55,14.29,Alistair's Apple Watch S10
2026-07-29,20:21:16,14.29,Alistair's Apple Watch S10
2026-07-29,20:21:35,14.39,Alistair's Apple Watch S10
2026-07-29,20:21:51,14.39,Alistair's Apple Watch S10
2026-07-29,20:22:06,14.39,Alistair's Apple Watch S10
2026-07-29,20:22:29,14.29,Alistair's Apple Watch S10
2026-07-29,20:22:45,14.29,Alistair's Apple Watch S10
2026-07-29,20:23:00,14.29,Alistair's Apple Watch S10
2026-07-29,20:23:26,14.29,Alistair's Apple Watch S10
2026-07-29,20:23:43,14.29,Alistair's Apple Watch S10
2026-07-29,20:24:03,14.29,Alistair's Apple Watch S10
2026-07-29,20:24:19,14.39,Alistair's Apple Watch S10
2026-07-29,20:24:38,14.29,Alistair's Apple Watch S10
2026-07-29,20:24:59,14.39,Alistair's Apple Watch S10
2026-07-29,20:25:20,14.29,Alistair's Apple Watch S10
2026-07-29,20:25:37,14.29,Alistair's Apple Watch S10
2026-07-29,20:25:54,14.39,Alistair's Apple Watch S10
2026-07-29,20:26:13,14.29,Alistair's Apple Watch S10
2026-07-29,20:26:30,14.29,Alistair's Apple Watch S10
2026-07-29,20:26:46,14.29,Alistair's Apple Watch S10
2026-07-29,20:27:05,14.19,Alistair's Apple Watch S10
2026-07-29,20:27:22,14.19,Alistair's Apple Watch S10
2026-07-29,20:27:40,14.29,Alistair's Apple Watch S10
2026-07-29,20:28:05,14.19,Alistair's Apple Watch S10
2026-07-29,20:28:24,14.19,Alistair's Apple Watch S10
2026-07-29,20:28:41,14.29,Alistair's Apple Watch S10
2026-07-29,20:28:58,14.29,Alistair's Apple Watch S10
2026-07-29,20:29:14,14.29,Alistair's Apple Watch S10
2026-07-29,20:29:32,14.29,Alistair's Apple Watch S10
2026-07-29,20:29:49,14.29,Alistair's Apple Watch S10
2026-07-29,20:30:09,14.29,Alistair's Apple Watch S10
2026-07-29,20:30:26,14.29,Alistair's Apple Watch S10
2026-07-29,20:30:41,14.29,Alistair's Apple Watch S10
2026-07-29,20:30:58,14.29,Alistair's Apple Watch S10
2026-07-29,20:31:28,15.29,Alistair's Apple Watch S10
2026-07-29,20:31:55,14.29,Alistair's Apple Watch S10
2026-07-29,20:32:13,14.39,Alistair's Apple Watch S10
2026-07-29,20:32:36,14.29,Alistair's Apple Watch S10
2026-07-29,20:33:09,14.39,Alistair's Apple Watch S10
2026-07-29,20:33:39,14.39,Alistair's Apple Watch S10
2026-07-29,20:33:56,14.39,Alistair's Apple Watch S10
2026-07-29,20:34:12,14.39,Alistair's Apple Watch S10
2026-07-29,20:34:29,14.39,Alistair's Apple Watch S10
2026-07-29,20:34:47,14.29,Alistair's Apple Watch S10
2026-07-29,20:35:08,14.39,Alistair's Apple Watch S10
2026-07-29,20:35:24,14.39,Alistair's Apple Watch S10
2026-08-01,08:25:54,25.69,Alistair's Apple Watch S10
2026-08-01,08:25:54,14.69,Alistair's Apple Watch S10
2026-08-01,08:25:57,12.89,Alistair's Apple Watch S10
2026-08-01,08:27:23,13.79,Alistair's Apple Watch S10
2026-08-01,08:27:40,13.79,Alistair's Apple Watch S10
2026-08-01,08:27:56,13.79,Alistair's Apple Watch S10
2026-08-01,08:28:12,13.79,Alistair's Apple Watch S10
2026-08-01,08:28:29,13.79,Alistair's Apple Watch S10
2026-08-01,08:28:47,13.69,Alistair's Apple Watch S10
2026-08-01,08:29:05,13.69,Alistair's Apple Watch S10
2026-08-01,08:29:24,13.69,Alistair's Apple Watch S10
2026-08-01,08:29:39,13.79,Alistair's Apple Watch S10
2026-08-01,08:30:03,13.69,Alistair's Apple Watch S10
2026-08-01,08:30:21,13.69,Alistair's Apple Watch S10
2026-08-01,08:30:41,13.69,Alistair's Apple Watch S10
2026-08-01,08:31:05,13.69,Alistair's Apple Watch S10
2026-08-01,08:31:24,13.69,Alistair's Apple Watch S10
2026-08-01,08:31:44,13.69,Alistair's Apple Watch S10
2026-08-01,08:31:59,13.69,Alistair's Apple Watch S10
2026-08-01,08:32:16,13.79,Alistair's Apple Watch S10
2026-08-01,08:32:32,13.69,Alistair's Apple Watch S10
2026-08-01,08:32:48,13.69,Alistair's Apple Watch S10
2026-08-01,08:33:19,13.69,Alistair's Apple Watch S10
2026-08-01,08:33:34,13.79,Alistair's Apple Watch S10
2026-08-01,08:33:50,13.79,Alistair's Apple Watch S10
2026-08-01,08:34:05,13.79,Alistair's Apple Watch S10
2026-08-01,08:34:23,13.79,Alistair's Apple Watch S10
2026-08-01,08:34:43,13.79,Alistair's Apple Watch S10
2026-08-01,08:34:59,13.79,Alistair's Apple Watch S10
2026-08-01,08:35:14,13.79,Alistair's Apple Watch S10
2026-08-01,08:35:32,13.69,Alistair's Apple Watch S10
2026-08-01,08:35:50,13.79,Alistair's Apple Watch S10
2026-08-01,08:36:19,13.69,Alistair's Apple Watch S10
2026-08-01,08:36:36,13.69,Alistair's Apple Watch S10
2026-08-01,08:36:59,13.69,Alistair's Apple Watch S10
2026-08-01,08:37:19,13.69,Alistair's Apple Watch S10
2026-08-01,08:37:35,13.69,Alistair's Apple Watch S10
2026-08-01,08:37:57,13.69,Alistair's Apple Watch S10
2026-08-01,08:38:21,13.79,Alistair's Apple Watch S10
2026-08-01,08:38:56,13.69,Alistair's Apple Watch S10
2026-08-01,08:39:14,13.69,Alistair's Apple Watch S10
2026-08-01,08:39:32,13.69,Alistair's Apple Watch S10
2026-08-01,08:39:49,13.69,Alistair's Apple Watch S10
2026-08-01,08:40:04,13.69,Alistair's Apple Watch S10
2026-08-01,08:40:21,13.69,Alistair's Apple Watch S10
2026-08-01,08:40:38,13.69,Alistair's Apple Watch S10
2026-08-01,08:40:53,13.69,Alistair's Apple Watch S10
2026-08-01,08:41:12,13.69,Alistair's Apple Watch S10
2026-08-01,08:41:29,13.69,Alistair's Apple Watch S10
2026-08-01,08:41:58,13.69,Alistair's Apple Watch S10
2026-08-01,08:42:22,13.69,Alistair's Apple Watch S10
2026-08-01,08:42:38,13.69,Alistair's Apple Watch S10
2026-08-01,08:42:57,13.69,Alistair's Apple Watch S10
2026-08-01,08:43:24,13.69,Alistair's Apple Watch S10
2026-08-01,08:43:41,13.69,Alistair's Apple Watch S10
2026-08-01,08:43:57,13.69,Alistair's Apple Watch S10
2026-08-01,08:44:13,13.69,Alistair's Apple Watch S10
2026-08-01,08:44:34,13.69,Alistair's Apple Watch S10
2026-08-01,08:44:52,13.69,Alistair's Apple Watch S10
2026-08-01,08:45:10,13.69,Alistair's Apple Watch S10
2026-08-01,08:45:27,13.69,Alistair's Apple Watch S10
2026-08-01,08:45:46,13.69,Alistair's Apple Watch S10
2026-08-01,08:46:07,13.69,Alistair's Apple Watch S10
2026-08-01,08:46:26,13.69,Alistair's Apple Watch S10
2026-08-01,08:46:50,13.69,Alistair's Apple Watch S10
2026-08-01,08:47:13,13.69,Alistair's Apple Watch S10
2026-08-01,08:47:32,13.69,Alistair's Apple Watch S10
2026-08-01,08:47:51,13.69,Alistair's Apple Watch S10
2026-08-01,08:48:18,13.69,Alistair's Apple Watch S10
2026-08-01,08:48:35,13.79,Alistair's Apple Watch S10
2026-08-01,08:48:53,13.79,Alistair's Apple Watch S10
2026-08-01,08:49:08,13.79,Alistair's Apple Watch S10
2026-08-01,08:49:25,13.79,Alistair's Apple Watch S10
2026-08-01,08:49:43,13.79,Alistair's Apple Watch S10
2026-08-01,08:50:04,13.79,Alistair's Apple Watch S10
2026-08-01,08:50:33,13.69,Alistair's Apple Watch S10
2026-08-01,08:50:49,13.69,Alistair's Apple Watch S10
2026-08-01,08:51:05,13.69,Alistair's Apple Watch S10
2026-08-01,08:51:44,13.69,Alistair's Apple Watch S10
2026-08-01,08:52:00,13.69,Alistair's Apple Watch S10
2026-08-01,08:52:28,13.69,Alistair's Apple Watch S10
2026-08-01,08:52:49,13.69,Alistair's Apple Watch S10
2026-08-01,08:53:06,13.79,Alistair's Apple Watch S10
2026-08-01,08:53:26,13.69,Alistair's Apple Watch S10
2026-08-01,08:53:41,13.79,Alistair's Apple Watch S10
2026-08-01,08:54:23,13.69,Alistair's Apple Watch S10
2026-08-01,08:54:40,13.79,Alistair's Apple Watch S10
2026-08-01,08:54:55,13.79,Alistair's Apple Watch S10
2026-08-01,08:55:11,13.79,Alistair's Apple Watch S10
2026-08-01,08:55:27,13.79,Alistair's Apple Watch S10
2026-08-01,08:55:43,13.79,Alistair's Apple Watch S10
2026-08-01,08:55:59,13.79,Alistair's Apple Watch S10
2026-08-01,08:56:18,13.69,Alistair's Apple Watch S10
2026-08-02,11:39:06,25.68,Alistair's Apple Watch S10
2026-08-02,11:39:06,12.36,Alistair's Apple Watch S10
2026-08-02,11:39:10,14.13,Alistair's Apple Watch S10
2026-08-02,11:39:16,15.11,Alistair's Apple Watch S10
2026-08-02,11:39:31,14.69,Alistair's Apple Watch S10
2026-08-02,11:39:50,14.59,Alistair's Apple Watch S10
2026-08-02,11:40:06,14.49,Alistair's Apple Watch S10
2026-08-02,11:40:21,14.39,Alistair's Apple Watch S10
2026-08-02,11:40:38,14.39,Alistair's Apple Watch S10
2026-08-02,11:40:53,14.39,Alistair's Apple Watch S10
2026-08-02,11:41:13,14.29,Alistair's Apple Watch S10
2026-08-02,11:41:31,14.29,Alistair's Apple Watch S10
2026-08-02,11:41:50,14.29,Alistair's Apple Watch S10
2026-08-02,11:42:06,14.29,Alistair's Apple Watch S10
2026-08-02,11:42:23,14.29,Alistair's Apple Watch S10
2026-08-02,11:42:39,14.29,Alistair's Apple Watch S10
2026-08-02,11:42:56,14.29,Alistair's Apple Watch S10
2026-08-02,11:43:12,14.19,Alistair's Apple Watch S10
2026-08-02,11:43:31,14.19,Alistair's Apple Watch S10
2026-08-02,11:43:47,14.19,Alistair's Apple Watch S10
2026-08-02,11:44:12,14.19,Alistair's Apple Watch S10
2026-08-02,11:44:29,14.19,Alistair's Apple Watch S10
2026-08-02,11:44:48,14.19,Alistair's Apple Watch S10
2026-08-02,11:45:04,14.19,Alistair's Apple Watch S10
2026-08-02,11:45:21,14.19,Alistair's Apple Watch S10
2026-08-02,11:45:38,14.19,Alistair's Apple Watch S10
2026-08-02,11:45:53,14.19,Alistair's Apple Watch S10
2026-08-02,11:46:09,14.19,Alistair's Apple Watch S10
2026-08-02,11:46:24,14.19,Alistair's Apple Watch S10
2026-08-02,11:46:40,14.19,Alistair's Apple Watch S10
2026-08-02,11:46:59,14.19,Alistair's Apple Watch S10
2026-08-02,11:47:27,14.29,Alistair's Apple Watch S10
2026-08-02,11:47:44,14.29,Alistair's Apple Watch S10
2026-08-02,11:48:04,14.29,Alistair's Apple Watch S10
2026-08-02,11:48:21,14.29,Alistair's Apple Watch S10
2026-08-02,11:48:37,14.39,Alistair's Apple Watch S10
2026-08-02,11:48:54,14.29,Alistair's Apple Watch S10
2026-08-02,11:49:10,14.39,Alistair's Apple Watch S10
2026-08-02,11:49:25,14.49,Alistair's Apple Watch S10
2026-08-02,11:49:42,14.39,Alistair's Apple Watch S10
2026-08-02,11:49:57,14.39,Alistair's Apple Watch S10
2026-08-02,11:50:14,14.39,Alistair's Apple Watch S10
2026-08-02,11:50:34,14.39,Alistair's Apple Watch S10
2026-08-02,11:50:52,14.39,Alistair's Apple Watch S10
2026-08-02,11:51:09,14.39,Alistair's Apple Watch S10
2026-08-02,11:51:27,14.39,Alistair's Apple Watch S10
2026-08-02,11:51:43,14.29,Alistair's Apple Watch S10
2026-08-02,11:52:02,14.29,Alistair's Apple Watch S10
2026-08-02,11:52:18,14.29,Alistair's Apple Watch S10
2026-08-02,11:52:40,14.29,Alistair's Apple Watch S10
2026-08-02,11:52:57,14.29,Alistair's Apple Watch S10
2026-08-02,11:53:12,14.29,Alistair's Apple Watch S10
2026-08-02,11:53:33,14.29,Alistair's Apple Watch S10
2026-08-02,11:54:00,14.39,Alistair's Apple Watch S10
2026-08-02,11:54:26,14.39,Alistair's Apple Watch S10
2026-08-02,11:54:53,14.49,Alistair's Apple Watch S10
2026-08-02,11:55:17,14.49,Alistair's Apple Watch S10
2026-08-02,11:55:32,14.59,Alistair's Apple Watch S10
2026-08-02,11:55:51,14.59,Alistair's Apple Watch S10
2026-08-02,11:56:09,14.59,Alistair's Apple Watch S10
2026-08-02,11:56:30,14.49,Alistair's Apple Watch S10
2026-08-02,11:56:45,14.49,Alistair's Apple Watch S10
2026-08-02,11:57:08,14.49,Alistair's Apple Watch S10
2026-08-02,11:57:25,14.59,Alistair's Apple Watch S10
2026-08-02,11:57:45,14.69,Alistair's Apple Watch S10
2026-08-02,11:58:04,14.79,Alistair's Apple Watch S10
2026-08-02,11:58:23,14.79,Alistair's Apple Watch S10
2026-08-02,11:58:40,14.89,Alistair's Apple Watch S10
2026-08-02,11:59:08,15.29,Alistair's Apple Watch S10
2026-08-02,11:59:24,14.89,Alistair's Apple Watch S10
2026-08-02,11:59:42,14.99,Alistair's Apple Watch S10
2026-08-02,11:59:57,14.99,Alistair's Apple Watch S10
2026-08-02,12:00:25,15.09,Alistair's Apple Watch S10
2026-08-02,12:00:53,15.09,Alistair's Apple Watch S10
2026-08-02,12:01:08,15.19,Alistair's Apple Watch S10
2026-08-02,12:01:25,15.29,Alistair's Apple Watch S10
2026-08-03,19:28:37,21.29,Alistair's Apple Watch S10
2026-08-03,19:28:37,14.78,Alistair's Apple Watch S10
2026-08-03,19:29:08,15.49,Alistair's Apple Watch S10
2026-08-03,19:29:42,15.71,Alistair's Apple Watch S10
2026-08-03,19:29:58,15.49,Alistair's Apple Watch S10
2026-08-03,19:30:14,15.39,Alistair's Apple Watch S10
2026-08-03,19:30:33,15.39,Alistair's Apple Watch S10
2026-08-03,19:30:49,15.39,Alistair's Apple Watch S10
2026-08-03,19:31:14,15.39,Alistair's Apple Watch S10
2026-08-03,19:31:31,15.39,Alistair's Apple Watch S10
2026-08-03,19:31:48,15.39,Alistair's Apple Watch S10
2026-08-03,19:32:05,15.39,Alistair's Apple Watch S10
2026-08-03,19:32:34,15.29,Alistair's Apple Watch S10
2026-08-03,19:32:51,15.29,Alistair's Apple Watch S10
2026-08-03,19:33:07,15.29,Alistair's Apple Watch S10
2026-08-03,19:33:23,15.29,Alistair's Apple Watch S10
2026-08-03,19:33:41,15.49,Alistair's Apple Watch S10
2026-08-03,19:34:00,15.79,Alistair's Apple Watch S10
2026-08-03,19:34:16,15.59,Alistair's Apple Watch S10
2026-08-03,19:34:31,15.59,Alistair's Apple Watch S10
2026-08-03,19:34:47,15.39,Alistair's Apple Watch S10
2026-08-03,19:35:03,15.79,Alistair's Apple Watch S10
2026-08-03,19:35:18,15.69,Alistair's Apple Watch S10
2026-08-03,19:35:41,15.49,Alistair's Apple Watch S10
2026-08-03,19:35:57,15.59,Alistair's Apple Watch S10
2026-08-03,19:36:15,15.79,Alistair's Apple Watch S10
2026-08-03,19:36:30,15.89,Alistair's Apple Watch S10
2026-08-03,19:37:02,15.69,Alistair's Apple Watch S10
2026-08-03,19:37:19,15.69,Alistair's Apple Watch S10
2026-08-03,19:37:34,15.29,Alistair's Apple Watch S10
2026-08-03,19:37:49,15.59,Alistair's Apple Watch S10
2026-08-03,19:38:05,15.59,Alistair's Apple Watch S10
2026-08-03,19:38:22,15.59,Alistair's Apple Watch S10
2026-08-03,19:38:37,15.69,Alistair's Apple Watch S10
2026-08-03,19:38:56,15.59,Alistair's Apple Watch S10
2026-08-03,19:39:12,15.69,Alistair's Apple Watch S10
2026-08-03,19:39:27,15.59,Alistair's Apple Watch S10
2026-08-03,19:39:43,15.49,Alistair's Apple Watch S10
2026-08-03,19:40:34,15.49,Alistair's Apple Watch S10
2026-08-03,19:40:56,15.49,Alistair's Apple Watch S10
2026-08-03,19:41:16,15.59,Alistair's Apple Watch S10
2026-08-03,19:41:43,15.59,Alistair's Apple Watch S10
2026-08-03,19:41:58,15.49,Alistair's Apple Watch S10
2026-08-03,19:42:14,15.59,Alistair's Apple Watch S10
2026-08-03,19:42:32,15.69,Alistair's Apple Watch S10
2026-08-03,19:42:48,15.49,Alistair's Apple Watch S10
2026-08-03,19:43:04,15.59,Alistair's Apple Watch S10
2026-08-03,19:43:20,15.59,Alistair's Apple Watch S10
2026-08-03,19:43:38,15.59,Alistair's Apple Watch S10
2026-08-03,19:43:55,15.49,Alistair's Apple Watch S10
2026-08-03,19:44:11,15.49,Alistair's Apple Watch S10
2026-08-03,19:44:28,15.59,Alistair's Apple Watch S10
2026-08-03,19:44:46,15.59,Alistair's Apple Watch S10
2026-08-03,19:45:10,15.69,Alistair's Apple Watch S10
2026-08-03,19:45:29,15.99,Alistair's Apple Watch S10
2026-08-03,19:45:44,15.89,Alistair's Apple Watch S10
2026-08-03,19:46:00,15.79,Alistair's Apple Watch S10
2026-08-03,19:46:16,15.59,Alistair's Apple Watch S10
2026-08-03,19:46:33,15.09,Alistair's Apple Watch S10
2026-08-03,19:46:49,15.19,Alistair's Apple Watch S10
2026-08-03,19:47:07,15.29,Alistair's Apple Watch S10
2026-08-03,19:47:24,15.19,Alistair's Apple Watch S10
2026-08-03,19:47:41,15.19,Alistair's Apple Watch S10
2026-08-03,19:48:00,15.09,Alistair's Apple Watch S10
2026-08-03,19:48:17,15.19,Alistair's Apple Watch S10
2026-08-03,19:48:34,15.29,Alistair's Apple Watch S10
2026-08-03,19:48:50,15.29,Alistair's Apple Watch S10
2026-08-03,19:49:07,15.19,Alistair's Apple Watch S10
2026-08-03,19:49:28,15.19,Alistair's Apple Watch S10
2026-08-04,19:32:28,19.81,Alistair's Apple Watch S10
2026-08-04,19:32:33,14.98,Alistair's Apple Watch S10
2026-08-04,19:32:33,14.28,Alistair's Apple Watch S10
2026-08-04,19:32:51,15.19,Alistair's Apple Watch S10
2026-08-04,19:33:07,15.19,Alistair's Apple Watch S10
2026-08-04,19:33:24,15.19,Alistair's Apple Watch S10
2026-08-04,19:33:42,15.19,Alistair's Apple Watch S10
2026-08-04,19:33:58,15.19,Alistair's Apple Watch S10
2026-08-04,19:34:17,15.09,Alistair's Apple Watch S10
2026-08-04,19:34:35,15.09,Alistair's Apple Watch S10
2026-08-04,19:34:53,15.09,Alistair's Apple Watch S10
2026-08-04,19:35:12,15.09,Alistair's Apple Watch S10
2026-08-04,19:35:27,15.09,Alistair's Apple Watch S10
2026-08-04,19:35:43,15.09,Alistair's Apple Watch S10
2026-08-04,19:36:04,14.99,Alistair's Apple Watch S10
2026-08-04,19:36:20,14.99,Alistair's Apple Watch S10
2026-08-04,19:36:38,14.99,Alistair's Apple Watch S10
2026-08-04,19:37:02,15.09,Alistair's Apple Watch S10
2026-08-04,19:37:20,15.09,Alistair's Apple Watch S10
2026-08-04,19:37:36,15.19,Alistair's Apple Watch S10
2026-08-04,19:37:53,15.09,Alistair's Apple Watch S10
2026-08-04,19:38:15,15.19,Alistair's Apple Watch S10
2026-08-04,19:38:48,15.19,Alistair's Apple Watch S10
2026-08-04,19:39:06,15.09,Alistair's Apple Watch S10
2026-08-04,19:39:24,15.09,Alistair's Apple Watch S10
2026-08-04,19:39:39,15.19,Alistair's Apple Watch S10
2026-08-04,19:40:09,15.29,Alistair's Apple Watch S10
2026-08-04,19:40:27,15.29,Alistair's Apple Watch S10
2026-08-04,19:40:48,15.19,Alistair's Apple Watch S10
2026-08-04,19:41:30,15.19,Alistair's Apple Watch S10
2026-08-04,19:41:54,15.19,Alistair's Apple Watch S10
2026-08-04,19:42:29,15.19,Alistair's Apple Watch S10
2026-08-04,19:43:20,15.19,Alistair's Apple Watch S10
2026-08-04,19:43:43,15.29,Alistair's Apple Watch S10
2026-08-04,19:43:59,15.29,Alistair's Apple Watch S10
2026-08-04,19:44:18,15.29,Alistair's Apple Watch S10
2026-08-04,19:44:33,15.29,Alistair's Apple Watch S10
2026-08-04,19:44:48,15.29,Alistair's Apple Watch S10
2026-08-04,19:45:04,15.29,Alistair's Apple Watch S10
2026-08-04,19:45:23,15.29,Alistair's Apple Watch S10
2026-08-04,19:45:53,15.29,Alistair's Apple Watch S10
2026-08-04,19:46:17,15.29,Alistair's Apple Watch S10
2026-08-04,19:46:35,15.19,Alistair's Apple Watch S10
2026-08-04,19:46:59,15.19,Alistair's Apple Watch S10
2026-08-04,19:47:28,15.09,Alistair's Apple Watch S10
2026-08-04,19:47:56,15.09,Alistair's Apple Watch S10
2026-08-04,19:48:13,15.09,Alistair's Apple Watch S10
2026-08-04,19:48:28,15.09,Alistair's Apple Watch S10
2026-08-04,19:48:44,15.19,Alistair's Apple Watch S10
2026-08-04,19:49:09,15.19,Alistair's Apple Watch S10
2026-08-04,19:49:24,15.19,Alistair's Apple Watch S10
2026-08-04,19:49:45,15.19,Alistair's Apple Watch S10
2026-08-04,19:51:10,15.19,Alistair's Apple Watch S10
2026-08-04,19:51:26,15.19,Alistair's Apple Watch S10
2026-08-04,19:51:42,15.19,Alistair's Apple Watch S10
2026-08-04,19:52:01,15.19,Alistair's Apple Watch S10
2026-08-04,19:52:27,15.19,Alistair's Apple Watch S10
2026-08-04,19:52:42,15.09,Alistair's Apple Watch S10
2026-08-04,19:53:05,15.09,Alistair's Apple Watch S10
2026-08-04,19:53:20,15.09,Alistair's Apple Watch S10
2026-08-04,19:53:38,14.99,Alistair's Apple Watch S10
2026-08-04,19:54:22,14.99,Alistair's Apple Watch S10
2026-08-04,19:54:42,14.89,Alistair's Apple Watch S10
2026-08-04,19:54:57,14.89,Alistair's Apple Watch S10
2026-08-04,19:55:24,14.89,Alistair's Apple Watch S10
2026-08-04,19:55:45,14.89,Alistair's Apple Watch S10
2026-08-04,19:56:04,14.89,Alistair's Apple Watch S10
2026-08-04,19:56:20,14.89,Alistair's Apple Watch S10
2026-08-04,19:56:56,14.89,Alistair's Apple Watch S10
2026-08-04,19:57:11,14.89,Alistair's Apple Watch S10
2026-08-04,19:57:29,14.89,Alistair's Apple Watch S10
2026-08-04,19:57:44,14.89,Alistair's Apple Watch S10
2026-08-04,19:58:02,14.89,Alistair's Apple Watch S10
2026-08-04,19:58:22,14.89,Alistair's Apple Watch S10
2026-08-04,19:58:55,14.89,Alistair's Apple Watch S10
2026-08-04,19:59:10,14.89,Alistair's Apple Watch S10
2026-08-04,19:59:29,14.99,Alistair's Apple Watch S10
2026-08-13,07:38:43,24.68,Alistair's Apple Watch S10
2026-08-13,07:38:58,14.91,Alistair's Apple Watch S10
2026-08-13,07:39:25,16.19,Alistair's Apple Watch S10
2026-08-13,07:39:43,15.59,Alistair's Apple Watch S10
2026-08-13,07:39:45,14.81,Alistair's Apple Watch S10
2026-08-13,07:40:02,14.59,Alistair's Apple Watch S10
2026-08-13,07:40:20,14.59,Alistair's Apple Watch S10
2026-08-13,07:40:46,14.49,Alistair's Apple Watch S10
2026-08-13,07:41:02,14.49,Alistair's Apple Watch S10
2026-08-13,07:41:21,14.49,Alistair's Apple Watch S10
2026-08-13,07:41:37,14.59,Alistair's Apple Watch S10
2026-08-13,07:41:53,14.89,Alistair's Apple Watch S10
2026-08-13,07:42:11,14.39,Alistair's Apple Watch S10
2026-08-13,07:42:26,14.39,Alistair's Apple Watch S10
2026-08-13,07:42:42,14.39,Alistair's Apple Watch S10
2026-08-13,07:43:00,14.39,Alistair's Apple Watch S10
2026-08-13,07:43:15,14.39,Alistair's Apple Watch S10
2026-08-13,07:43:35,14.39,Alistair's Apple Watch S10
2026-08-13,07:43:50,14.39,Alistair's Apple Watch S10
2026-08-13,07:44:27,14.49,Alistair's Apple Watch S10
2026-08-13,07:44:45,14.49,Alistair's Apple Watch S10
2026-08-13,07:45:00,14.49,Alistair's Apple Watch S10
2026-08-13,07:45:18,14.49,Alistair's Apple Watch S10
2026-08-13,07:45:34,14.49,Alistair's Apple Watch S10
2026-08-13,07:45:50,14.49,Alistair's Apple Watch S10
2026-08-13,07:46:07,14.49,Alistair's Apple Watch S10
2026-08-13,07:46:24,14.39,Alistair's Apple Watch S10
2026-08-13,07:46:43,14.39,Alistair's Apple Watch S10
2026-08-13,07:46:58,14.39,Alistair's Apple Watch S10
2026-08-13,07:47:15,14.39,Alistair's Apple Watch S10
2026-08-13,07:47:32,14.39,Alistair's Apple Watch S10
2026-08-13,07:47:48,14.39,Alistair's Apple Watch S10
2026-08-13,07:48:09,14.39,Alistair's Apple Watch S10
2026-08-13,07:48:25,14.49,Alistair's Apple Watch S10
2026-08-13,07:48:40,14.39,Alistair's Apple Watch S10
2026-08-13,07:48:55,14.39,Alistair's Apple Watch S10
2026-08-13,07:49:11,14.39,Alistair's Apple Watch S10
2026-08-13,07:49:28,14.49,Alistair's Apple Watch S10
2026-08-13,07:49:43,14.49,Alistair's Apple Watch S10
2026-08-13,07:50:02,14.49,Alistair's Apple Watch S10
2026-08-13,07:50:17,14.49,Alistair's Apple Watch S10
2026-08-13,07:50:34,14.49,Alistair's Apple Watch S10
2026-08-13,07:50:58,14.39,Alistair's Apple Watch S10
2026-08-13,07:51:15,14.39,Alistair's Apple Watch S10
2026-08-13,07:51:32,14.49,Alistair's Apple Watch S10
2026-08-13,07:51:53,14.49,Alistair's Apple Watch S10
2026-08-13,07:52:08,14.39,Alistair's Apple Watch S10
2026-08-13,07:52:25,14.39,Alistair's Apple Watch S10
2026-08-13,07:52:43,14.39,Alistair's Apple Watch S10
2026-08-13,07:52:58,14.39,Alistair's Apple Watch S10
2026-08-13,07:53:31,14.39,Alistair's Apple Watch S10
2026-08-13,07:53:46,14.49,Alistair's Apple Watch S10
2026-08-13,07:54:02,14.49,Alistair's Apple Watch S10
2026-08-13,07:54:21,14.49,Alistair's Apple Watch S10
2026-08-13,07:54:36,14.49,Alistair's Apple Watch S10
2026-08-13,07:54:51,14.39,Alistair's Apple Watch S10
2026-08-13,07:55:09,14.39,Alistair's Apple Watch S10
2026-08-13,07:55:25,14.39,Alistair's Apple Watch S10
2026-08-13,07:55:42,14.39,Alistair's Apple Watch S10
2026-08-13,07:55:59,14.39,Alistair's Apple Watch S10
2026-08-13,07:56:19,14.49,Alistair's Apple Watch S10
2026-08-13,07:56:35,14.39,Alistair's Apple Watch S10
2026-08-13,07:56:52,14.39,Alistair's Apple Watch S10
2026-08-13,07:57:15,14.39,Alistair's Apple Watch S10
2026-08-13,07:57:31,14.39,Alistair's Apple Watch S10
2026-08-13,07:57:47,14.39,Alistair's Apple Watch S10
2026-08-13,07:58:03,14.39,Alistair's Apple Watch S10
2026-08-13,07:58:18,14.39,Alistair's Apple Watch S10
2026-08-13,07:58:36,14.59,Alistair's Apple Watch S10
2026-08-13,07:58:56,14.59,Alistair's Apple Watch S10
2026-08-14,08:14:35,15.79,Alistair's Apple Watch S10
2026-08-14,08:14:35,14.48,Alistair's Apple Watch S10
2026-08-14,08:14:54,14.49,Alistair's Apple Watch S10
2026-08-14,08:15:09,14.49,Alistair's Apple Watch S10
2026-08-14,08:15:25,14.59,Alistair's Apple Watch S10
2026-08-14,08:15:41,14.59,Alistair's Apple Watch S10
2026-08-14,08:15:56,14.59,Alistair's Apple Watch S10
2026-08-14,08:16:18,14.59,Alistair's Apple Watch S10
2026-08-14,08:16:42,14.49,Alistair's Apple Watch S10
2026-08-14,08:16:59,14.59,Alistair's Apple Watch S10
2026-08-14,08:17:14,14.49,Alistair's Apple Watch S10
2026-08-14,08:17:31,14.59,Alistair's Apple Watch S10
2026-08-14,08:17:54,14.49,Alistair's Apple Watch S10
2026-08-14,08:18:26,14.49,Alistair's Apple Watch S10
2026-08-14,08:18:45,14.49,Alistair's Apple Watch S10
2026-08-14,08:19:00,14.49,Alistair's Apple Watch S10
2026-08-14,08:19:17,14.49,Alistair's Apple Watch S10
2026-08-14,08:19:33,14.59,Alistair's Apple Watch S10
2026-08-14,08:19:51,14.59,Alistair's Apple Watch S10
2026-08-14,08:20:09,14.59,Alistair's Apple Watch S10
2026-08-14,08:20:25,14.59,Alistair's Apple Watch S10
2026-08-14,08:20:44,14.59,Alistair's Apple Watch S10
2026-08-14,08:21:13,14.79,Alistair's Apple Watch S10
2026-08-14,08:21:28,14.79,Alistair's Apple Watch S10
2026-08-14,08:21:46,14.59,Alistair's Apple Watch S10
2026-08-14,08:22:01,14.59,Alistair's Apple Watch S10
2026-08-14,08:22:17,14.49,Alistair's Apple Watch S10
2026-08-14,08:22:32,14.49,Alistair's Apple Watch S10
2026-08-14,08:22:51,14.49,Alistair's Apple Watch S10
2026-08-14,08:23:06,14.49,Alistair's Apple Watch S10
2026-08-14,08:23:21,14.49,Alistair's Apple Watch S10
2026-08-14,08:23:56,14.49,Alistair's Apple Watch S10
2026-08-14,08:24:14,14.49,Alistair's Apple Watch S10
2026-08-14,08:24:31,14.49,Alistair's Apple Watch S10
2026-08-14,08:24:49,14.49,Alistair's Apple Watch S10
2026-08-14,08:25:10,14.59,Alistair's Apple Watch S10
2026-08-14,08:25:29,14.59,Alistair's Apple Watch S10
2026-08-14,08:25:47,14.59,Alistair's Apple Watch S10
2026-08-14,08:26:06,14.59,Alistair's Apple Watch S10
2026-08-14,08:26:23,14.59,Alistair's Apple Watch S10
2026-08-14,08:26:40,14.59,Alistair's Apple Watch S10
2026-08-14,08:27:01,14.49,Alistair's Apple Watch S10
2026-08-14,08:27:18,14.49,Alistair's Apple Watch S10
2026-08-14,08:27:40,14.59,Alistair's Apple Watch S10
2026-08-14,08:27:57,14.69,Alistair's Apple Watch S10
2026-08-14,08:28:13,14.69,Alistair's Apple Watch S10
2026-08-14,08:28:30,14.59,Alistair's Apple Watch S10
2026-08-14,08:28:46,14.69,Alistair's Apple Watch S10
2026-08-14,08:29:03,14.69,Alistair's Apple Watch S10
2026-08-14,08:29:19,14.89,Alistair's Apple Watch S10
2026-08-14,08:30:15,14.69,Alistair's Apple Watch S10
2026-08-14,08:30:30,14.69,Alistair's Apple Watch S10
2026-08-14,08:31:04,14.59,Alistair's Apple Watch S10
2026-08-14,08:31:30,14.59,Alistair's Apple Watch S10
2026-08-14,08:31:47,14.59,Alistair's Apple Watch S10
2026-08-14,08:32:03,14.49,Alistair's Apple Watch S10
2026-08-14,08:32:18,14.59,Alistair's Apple Watch S10
2026-08-14,08:32:35,14.49,Alistair's Apple Watch S10
2026-08-14,08:32:51,14.59,Alistair's Apple Watch S10
2026-08-14,08:33:10,14.49,Alistair's Apple Watch S10
2026-08-14,08:33:34,14.79,Alistair's Apple Watch S10
2026-08-14,08:34:02,14.79,Alistair's Apple Watch S10
2026-08-15,08:58:21,22.48,Alistair's Apple Watch S10
2026-08-15,08:59:11,14.69,Alistair's Apple Watch S10
2026-08-15,08:59:30,14.59,Alistair's Apple Watch S10
2026-08-15,08:59:45,14.59,Alistair's Apple Watch S10
2026-08-15,09:00:01,14.69,Alistair's Apple Watch S10
2026-08-15,09:00:17,14.59,Alistair's Apple Watch S10
2026-08-15,09:00:33,14.59,Alistair's Apple Watch S10
2026-08-15,09:00:52,14.59,Alistair's Apple Watch S10
2026-08-15,09:01:09,14.59,Alistair's Apple Watch S10
2026-08-15,09:01:24,14.59,Alistair's Apple Watch S10
2026-08-15,09:01:40,14.59,Alistair's Apple Watch S10
2026-08-15,09:01:55,14.59,Alistair's Apple Watch S10
2026-08-15,09:02:12,14.59,Alistair's Apple Watch S10
2026-08-15,09:02:27,14.69,Alistair's Apple Watch S10
2026-08-15,09:02:43,14.69,Alistair's Apple Watch S10
2026-08-15,09:02:58,14.69,Alistair's Apple Watch S10
2026-08-15,09:03:16,14.69,Alistair's Apple Watch S10
2026-08-15,09:03:34,14.69,Alistair's Apple Watch S10
2026-08-15,09:03:54,14.59,Alistair's Apple Watch S10
2026-08-15,09:04:12,14.59,Alistair's Apple Watch S10
2026-08-15,09:04:34,14.59,Alistair's Apple Watch S10
2026-08-15,09:04:55,14.59,Alistair's Apple Watch S10
2026-08-15,09:05:11,14.59,Alistair's Apple Watch S10
2026-08-15,09:05:31,14.59,Alistair's Apple Watch S10
2026-08-15,09:05:53,14.59,Alistair's Apple Watch S10
2026-08-15,09:06:11,14.59,Alistair's Apple Watch S10
2026-08-15,09:06:29,14.59,Alistair's Apple Watch S10
2026-08-15,09:06:45,14.59,Alistair's Apple Watch S10
2026-08-15,09:07:02,14.59,Alistair's Apple Watch S10
2026-08-15,09:07:19,14.59,Alistair's Apple Watch S10
2026-08-15,09:07:34,14.59,Alistair's Apple Watch S10
2026-08-15,09:07:49,14.59,Alistair's Apple Watch S10
2026-08-15,09:08:09,14.59,Alistair's Apple Watch S10
2026-08-15,09:08:25,14.59,Alistair's Apple Watch S10
2026-08-15,09:08:44,14.59,Alistair's Apple Watch S10
2026-08-15,09:09:02,14.59,Alistair's Apple Watch S10
2026-08-15,09:09:19,14.59,Alistair's Apple Watch S10
2026-08-15,09:09:34,14.59,Alistair's Apple Watch S10
2026-08-15,09:09:50,14.59,Alistair's Apple Watch S10
2026-08-15,09:10:05,14.59,Alistair's Apple Watch S10
2026-08-15,09:10:21,14.59,Alistair's Apple Watch S10
2026-08-15,09:10:37,14.59,Alistair's Apple Watch S10
2026-08-15,09:10:52,14.59,Alistair's Apple Watch S10
2026-08-15,09:11:08,14.59,Alistair's Apple Watch S10
2026-08-15,09:11:24,14.59,Alistair's Apple Watch S10
2026-08-15,09:11:55,14.59,Alistair's Apple Watch S10
2026-08-15,09:12:18,14.59,Alistair's Apple Watch S10
2026-08-15,09:12:34,14.59,Alistair's Apple Watch S10
2026-08-15,09:12:49,14.59,Alistair's Apple Watch S10
2026-08-15,09:13:05,14.59,Alistair's Apple Watch S10
2026-08-15,09:13:33,14.59,Alistair's Apple Watch S10
2026-08-15,09:13:49,14.69,Alistair's Apple Watch S10
2026-08-15,09:14:05,14.59,Alistair's Apple Watch S10
2026-08-15,09:14:21,14.59,Alistair's Apple Watch S10
2026-08-15,09:14:38,14.59,Alistair's Apple Watch S10
2026-08-15,09:14:56,14.59,Alistair's Apple Watch S10
2026-08-15,09:15:14,14.59,Alistair's Apple Watch S10
2026-08-15,09:15:30,14.59,Alistair's Apple Watch S10
2026-08-15,09:15:46,14.59,Alistair's Apple Watch S10
2026-08-15,09:16:04,14.49,Alistair's Apple Watch S10
2026-08-15,09:16:22,14.49,Alistair's Apple Watch S10
2026-08-15,09:16:37,14.59,Alistair's Apple Watch S10
2026-08-15,09:17:06,14.89,Alistair's Apple Watch S10
2026-08-15,09:17:23,14.49,Alistair's Apple Watch S10
2026-08-15,09:17:41,14.59,Alistair's Apple Watch S10
2026-08-15,09:18:00,14.59,Alistair's Apple Watch S10
2026-08-15,09:18:16,14.59,Alistair's Apple Watch S10
2026-08-15,09:18:34,14.49,Alistair's Apple Watch S10
2026-08-15,09:18:55,14.49,Alistair's Apple Watch S10
2026-08-15,09:19:11,14.49,Alistair's Apple Watch S10
2026-08-15,09:19:31,14.49,Alistair's Apple Watch S10
2026-08-15,09:19:52,14.59,Alistair's Apple Watch S10
2026-08-15,09:20:12,14.59,Alistair's Apple Watch S10
2026-08-15,09:20:28,14.59,Alistair's Apple Watch S10
2026-08-15,09:20:44,14.49,Alistair's Apple Watch S10
2026-08-15,09:21:02,14.49,Alistair's Apple Watch S10
2026-08-15,09:21:21,14.49,Alistair's Apple Watch S10
2026-08-15,09:21:39,14.49,Alistair's Apple Watch S10
2026-08-15,09:21:55,14.49,Alistair's Apple Watch S10
2026-08-15,09:22:14,14.49,Alistair's Apple Watch S10
2026-08-15,09:22:37,14.59,Alistair's Apple Watch S10
2026-08-15,09:22:56,14.59,Alistair's Apple Watch S10
2026-08-15,09:23:12,14.59,Alistair's Apple Watch S10
2026-08-15,09:23:28,14.59,Alistair's Apple Watch S10
2026-08-15,09:23:44,14.59,Alistair's Apple Watch S10
2026-08-15,09:23:59,14.59,Alistair's Apple Watch S10
2026-08-15,09:24:17,14.59,Alistair's Apple Watch S10
2026-08-15,09:24:34,14.59,Alistair's Apple Watch S10
2026-08-15,09:24:54,14.59,Alistair's Apple Watch S10
2026-08-15,09:25:12,14.59,Alistair's Apple Watch S10
2026-08-15,09:25:28,14.59,Alistair's Apple Watch S10
2026-08-15,09:26:02,14.59,Alistair's Apple Watch S10
2026-08-15,09:26:30,14.59,Alistair's Apple Watch S10
2026-08-15,09:26:45,14.59,Alistair's Apple Watch S10
2026-08-15,09:27:00,14.59,Alistair's Apple Watch S10
2026-08-15,09:27:18,14.59,Alistair's Apple Watch S10
2026-08-15,09:27:36,14.59,Alistair's Apple Watch S10
2026-08-15,09:27:52,14.59,Alistair's Apple Watch S10
2026-08-15,09:28:07,14.59,Alistair's Apple Watch S10
2026-08-15,09:28:23,14.59,Alistair's Apple Watch S10
2026-08-15,09:28:40,14.59,Alistair's Apple Watch S10
2026-08-15,09:28:57,14.59,Alistair's Apple Watch S10
2026-08-15,09:29:13,14.59,Alistair's Apple Watch S10
2026-08-15,09:29:30,14.59,Alistair's Apple Watch S10
2026-08-15,09:29:46,14.59,Alistair's Apple Watch S10
2026-08-15,09:30:01,14.59,Alistair's Apple Watch S10
2026-08-15,09:30:17,14.59,Alistair's Apple Watch S10
2026-08-15,09:30:38,14.59,Alistair's Apple Watch S10
2026-08-15,09:31:07,14.59,Alistair's Apple Watch S10
2026-08-15,09:31:23,14.59,Alistair's Apple Watch S10
2026-08-15,09:31:39,14.59,Alistair's Apple Watch S10
2026-08-15,09:32:29,15.01,Alistair's Apple Watch S10
2026-08-16,16:43:56,25.49,Alistair's Apple Watch S10
2026-08-16,16:44:01,14.98,Alistair's Apple Watch S10
2026-08-16,16:44:01,15.88,Alistair's Apple Watch S10
2026-08-16,16:44:06,16.58,Alistair's Apple Watch S10
2026-08-16,16:44:41,16.09,Alistair's Apple Watch S10
2026-08-16,16:44:57,15.89,Alistair's Apple Watch S10
2026-08-16,16:45:15,16.19,Alistair's Apple Watch S10
2026-08-16,16:45:29,15.69,Alistair's Apple Watch S10
2026-08-16,16:45:48,15.49,Alistair's Apple Watch S10
2026-08-16,16:46:03,15.59,Alistair's Apple Watch S10
2026-08-16,16:46:18,15.49,Alistair's Apple Watch S10
2026-08-16,16:46:37,15.39,Alistair's Apple Watch S10
2026-08-16,16:46:57,14.99,Alistair's Apple Watch S10
2026-08-16,16:47:13,14.79,Alistair's Apple Watch S10
2026-08-16,16:47:31,14.79,Alistair's Apple Watch S10
2026-08-16,16:47:54,14.79,Alistair's Apple Watch S10
2026-08-16,16:48:10,14.69,Alistair's Apple Watch S10
2026-08-16,16:48:28,14.69,Alistair's Apple Watch S10
2026-08-16,16:48:48,14.69,Alistair's Apple Watch S10
2026-08-16,16:49:04,14.69,Alistair's Apple Watch S10
2026-08-16,16:49:22,14.69,Alistair's Apple Watch S10
2026-08-16,16:49:38,14.69,Alistair's Apple Watch S10
2026-08-16,16:49:54,14.69,Alistair's Apple Watch S10
2026-08-16,16:50:10,14.69,Alistair's Apple Watch S10
2026-08-16,16:50:25,14.69,Alistair's Apple Watch S10
2026-08-16,16:50:41,14.69,Alistair's Apple Watch S10
2026-08-16,16:51:10,14.59,Alistair's Apple Watch S10
2026-08-16,16:51:31,14.59,Alistair's Apple Watch S10
2026-08-16,16:51:57,14.59,Alistair's Apple Watch S10
2026-08-16,16:52:13,14.59,Alistair's Apple Watch S10
2026-08-16,16:52:33,14.59,Alistair's Apple Watch S10
2026-08-16,16:53:03,14.59,Alistair's Apple Watch S10
2026-08-16,16:53:21,14.59,Alistair's Apple Watch S10
2026-08-16,16:53:55,14.69,Alistair's Apple Watch S10
2026-08-16,16:54:11,14.69,Alistair's Apple Watch S10
2026-08-16,16:54:31,14.69,Alistair's Apple Watch S10
2026-08-16,16:55:05,14.69,Alistair's Apple Watch S10
2026-08-16,16:55:22,14.69,Alistair's Apple Watch S10
2026-08-16,16:55:51,14.69,Alistair's Apple Watch S10
2026-08-16,16:56:06,14.59,Alistair's Apple Watch S10
2026-08-16,16:57:06,14.59,Alistair's Apple Watch S10
2026-08-16,16:57:32,14.59,Alistair's Apple Watch S10
2026-08-16,16:57:58,14.59,Alistair's Apple Watch S10
2026-08-16,16:58:20,14.59,Alistair's Apple Watch S10
2026-08-16,16:58:35,14.69,Alistair's Apple Watch S10
2026-08-16,16:58:55,14.79,Alistair's Apple Watch S10
2026-08-16,16:59:19,14.79,Alistair's Apple Watch S10
2026-08-16,16:59:40,14.79,Alistair's Apple Watch S10
2026-08-16,16:59:56,14.89,Alistair's Apple Watch S10
2026-08-16,17:00:13,14.99,Alistair's Apple Watch S10
2026-08-16,17:00:30,14.99,Alistair's Apple Watch S10
2026-08-16,17:00:46,14.99,Alistair's Apple Watch S10
2026-08-16,17:01:17,15.09,Alistair's Apple Watch S10
2026-08-16,17:02:24,15.39,Alistair's Apple Watch S10
2026-08-16,17:02:47,15.59,Alistair's Apple Watch S10
2026-08-16,17:03:10,15.79,Alistair's Apple Watch S10
2026-08-16,17:03:29,15.99,Alistair's Apple Watch S10
2026-08-16,17:03:46,16.09,Alistair's Apple Watch S10
2026-08-16,17:04:02,15.89,Alistair's Apple Watch S10
2026-08-16,17:04:19,15.99,Alistair's Apple Watch S10
2026-08-16,17:04:47,16.19,Alistair's Apple Watch S10
2026-08-16,17:05:21,16.09,Alistair's Apple Watch S10
2026-08-16,17:05:39,15.89,Alistair's Apple Watch S10
2026-08-16,17:05:56,15.79,Alistair's Apple Watch S10
2026-08-16,17:06:12,15.69,Alistair's Apple Watch S10
2026-08-16,17:06:28,15.69,Alistair's Apple Watch S10
2026-08-16,17:06:43,15.69,Alistair's Apple Watch S10
2026-08-16,17:06:58,15.69,Alistair's Apple Watch S10
2026-08-16,17:07:16,15.69,Alistair's Apple Watch S10
2026-08-16,17:07:34,15.69,Alistair's Apple Watch S10
2026-08-16,17:08:05,15.79,Alistair's Apple Watch S10
2026-08-16,17:08:25,15.59,Alistair's Apple Watch S10
2026-08-16,17:08:40,15.89,Alistair's Apple Watch S10
2026-08-16,17:09:03,15.79,Alistair's Apple Watch S10
2026-08-16,17:09:18,15.49,Alistair's Apple Watch S10
2026-08-16,17:09:39,15.29,Alistair's Apple Watch S10
2026-08-16,17:10:17,15.89,Alistair's Apple Watch S10
2026-08-16,17:10:36,16.09,Alistair's Apple Watch S10
2026-08-17,09:54:37,14.89,Alistair's Apple Watch S10
2026-08-17,09:55:08,14.79,Alistair's Apple Watch S10
2026-08-17,09:56:42,15.31,Alistair's Apple Watch S10
2026-08-17,09:57:13,15.19,Alistair's Apple Watch S10
2026-08-17,09:57:36,14.79,Alistair's Apple Watch S10
2026-08-17,09:57:52,14.79,Alistair's Apple Watch S10
2026-08-17,09:58:07,14.79,Alistair's Apple Watch S10
2026-08-17,09:58:22,14.79,Alistair's Apple Watch S10
2026-08-17,09:58:39,14.79,Alistair's Apple Watch S10
2026-08-17,09:58:55,14.79,Alistair's Apple Watch S10
2026-08-17,09:59:10,14.69,Alistair's Apple Watch S10
2026-08-17,09:59:28,14.69,Alistair's Apple Watch S10
2026-08-17,09:59:45,14.69,Alistair's Apple Watch S10
2026-08-17,10:00:00,14.69,Alistair's Apple Watch S10
2026-08-17,10:00:18,14.69,Alistair's Apple Watch S10
2026-08-17,10:00:33,14.69,Alistair's Apple Watch S10
2026-08-17,10:00:51,14.69,Alistair's Apple Watch S10
2026-08-17,10:01:06,14.69,Alistair's Apple Watch S10
2026-08-17,10:01:25,14.69,Alistair's Apple Watch S10
2026-08-17,10:01:41,14.69,Alistair's Apple Watch S10
2026-08-17,10:01:57,14.69,Alistair's Apple Watch S10
2026-08-17,10:02:13,14.69,Alistair's Apple Watch S10
2026-08-17,10:02:29,14.69,Alistair's Apple Watch S10
2026-08-17,10:02:48,14.69,Alistair's Apple Watch S10
2026-08-17,10:03:06,14.79,Alistair's Apple Watch S10
2026-08-17,10:03:23,14.89,Alistair's Apple Watch S10
2026-08-17,10:03:40,14.69,Alistair's Apple Watch S10
2026-08-17,10:03:58,14.69,Alistair's Apple Watch S10
2026-08-17,10:04:20,14.69,Alistair's Apple Watch S10
2026-08-17,10:04:35,14.69,Alistair's Apple Watch S10
2026-08-17,10:04:55,14.69,Alistair's Apple Watch S10
2026-08-17,10:05:12,14.69,Alistair's Apple Watch S10
2026-08-17,10:05:31,14.69,Alistair's Apple Watch S10
2026-08-17,10:05:46,14.69,Alistair's Apple Watch S10
2026-08-17,10:06:03,14.69,Alistair's Apple Watch S10
2026-08-17,10:06:18,14.69,Alistair's Apple Watch S10
2026-08-17,10:06:38,14.69,Alistair's Apple Watch S10
2026-08-17,10:06:54,14.69,Alistair's Apple Watch S10
2026-08-17,10:07:17,14.69,Alistair's Apple Watch S10
2026-08-17,10:07:33,14.69,Alistair's Apple Watch S10
2026-08-17,10:07:48,14.69,Alistair's Apple Watch S10
2026-08-17,10:08:04,14.69,Alistair's Apple Watch S10
2026-08-17,10:08:19,14.69,Alistair's Apple Watch S10
2026-08-17,10:08:34,14.69,Alistair's Apple Watch S10
2026-08-17,10:08:51,14.69,Alistair's Apple Watch S10
2026-08-17,10:09:09,14.69,Alistair's Apple Watch S10
2026-08-17,10:09:47,14.59,Alistair's Apple Watch S10
2026-08-17,10:10:05,14.69,Alistair's Apple Watch S10
2026-08-17,10:10:21,14.69,Alistair's Apple Watch S10
2026-08-17,10:10:43,14.69,Alistair's Apple Watch S10
2026-08-17,10:11:00,14.59,Alistair's Apple Watch S10
2026-08-17,10:11:18,14.69,Alistair's Apple Watch S10
2026-08-17,10:11:41,14.59,Alistair's Apple Watch S10
2026-08-17,10:11:57,14.59,Alistair's Apple Watch S10
2026-08-17,10:12:12,14.69,Alistair's Apple Watch S10
2026-08-17,10:12:29,14.69,Alistair's Apple Watch S10
2026-08-17,10:13:18,14.59,Alistair's Apple Watch S10
2026-08-17,10:13:35,14.69,Alistair's Apple Watch S10
2026-08-17,10:13:50,14.69,Alistair's Apple Watch S10
2026-08-17,10:14:05,14.69,Alistair's Apple Watch S10
2026-08-17,10:14:21,14.69,Alistair's Apple Watch S10
2026-08-17,10:14:39,14.69,Alistair's Apple Watch S10
2026-08-17,10:14:56,14.69,Alistair's Apple Watch S10
2026-08-17,10:15:13,14.69,Alistair's Apple Watch S10
2026-08-17,10:15:29,14.69,Alistair's Apple Watch S10
2026-08-17,10:15:47,14.69,Alistair's Apple Watch S10
2026-08-17,10:16:04,14.69,Alistair's Apple Watch S10
2026-08-17,10:16:20,14.69,Alistair's Apple Watch S10
2026-08-17,10:16:35,14.69,Alistair's Apple Watch S10
2026-08-17,10:16:50,14.69,Alistair's Apple Watch S10
2026-08-17,10:17:06,14.69,Alistair's Apple Watch S10
2026-08-17,10:17:38,14.69,Alistair's Apple Watch S10
2026-08-17,10:17:53,14.69,Alistair's Apple Watch S10
2026-08-17,10:18:09,14.79,Alistair's Apple Watch S10
2026-08-17,10:18:25,14.89,Alistair's Apple Watch S10
2026-08-17,10:18:41,14.89,Alistair's Apple Watch S10
2026-08-17,10:18:58,14.89,Alistair's Apple Watch S10
2026-08-17,10:19:14,14.89,Alistair's Apple Watch S10
2026-08-17,10:19:29,14.89,Alistair's Apple Watch S10
2026-08-17,10:19:45,14.79,Alistair's Apple Watch S10
2026-08-17,10:20:00,14.79,Alistair's Apple Watch S10
2026-08-17,10:20:29,14.79,Alistair's Apple Watch S10
2026-08-17,10:20:45,14.79,Alistair's Apple Watch S10
2026-08-18,11:37:18,22.58,Alistair's Apple Watch S10
2026-08-18,11:37:28,15.01,Alistair's Apple Watch S10
2026-08-18,11:37:30,15.51,Alistair's Apple Watch S10
2026-08-18,11:37:47,15.29,Alistair's Apple Watch S10
2026-08-18,11:38:05,15.19,Alistair's Apple Watch S10
2026-08-18,11:38:22,15.19,Alistair's Apple Watch S10
2026-08-18,11:38:40,15.29,Alistair's Apple Watch S10
2026-08-18,11:39:03,15.19,Alistair's Apple Watch S10
2026-08-18,11:39:18,15.19,Alistair's Apple Watch S10
2026-08-18,11:39:42,15.19,Alistair's Apple Watch S10
2026-08-18,11:40:00,15.29,Alistair's Apple Watch S10
2026-08-18,11:40:17,15.19,Alistair's Apple Watch S10
2026-08-18,11:40:33,15.29,Alistair's Apple Watch S10
2026-08-18,11:40:50,15.19,Alistair's Apple Watch S10
2026-08-18,11:41:07,15.19,Alistair's Apple Watch S10
2026-08-18,11:41:23,15.19,Alistair's Apple Watch S10
2026-08-18,11:41:40,15.19,Alistair's Apple Watch S10
2026-08-18,11:41:56,15.29,Alistair's Apple Watch S10
2026-08-18,11:42:16,15.19,Alistair's Apple Watch S10
2026-08-18,11:42:32,15.19,Alistair's Apple Watch S10
2026-08-18,11:42:50,15.19,Alistair's Apple Watch S10
2026-08-18,11:43:07,15.19,Alistair's Apple Watch S10
2026-08-18,11:43:23,15.19,Alistair's Apple Watch S10
2026-08-18,11:43:39,15.19,Alistair's Apple Watch S10
2026-08-18,11:43:59,15.39,Alistair's Apple Watch S10
2026-08-18,11:44:27,15.49,Alistair's Apple Watch S10
2026-08-18,11:44:45,15.29,Alistair's Apple Watch S10
2026-08-18,11:45:20,15.59,Alistair's Apple Watch S10
2026-08-18,11:45:38,15.09,Alistair's Apple Watch S10
2026-08-18,11:45:58,14.99,Alistair's Apple Watch S10
2026-08-18,11:46:15,14.99,Alistair's Apple Watch S10
2026-08-18,11:46:32,14.99,Alistair's Apple Watch S10
2026-08-18,11:47:05,14.99,Alistair's Apple Watch S10
2026-08-18,11:47:20,14.99,Alistair's Apple Watch S10
2026-08-18,11:47:37,15.09,Alistair's Apple Watch S10
2026-08-18,11:47:57,15.09,Alistair's Apple Watch S10
2026-08-18,11:48:12,14.99,Alistair's Apple Watch S10
2026-08-18,11:48:31,14.99,Alistair's Apple Watch S10
2026-08-18,11:49:00,14.99,Alistair's Apple Watch S10
2026-08-18,11:49:15,14.99,Alistair's Apple Watch S10
2026-08-18,11:49:33,14.99,Alistair's Apple Watch S10
2026-08-18,11:49:48,14.99,Alistair's Apple Watch S10
2026-08-18,11:50:10,14.99,Alistair's Apple Watch S10
2026-08-18,11:50:25,15.09,Alistair's Apple Watch S10
2026-08-18,11:50:44,14.99,Alistair's Apple Watch S10
2026-08-18,11:50:59,14.99,Alistair's Apple Watch S10
2026-08-18,11:51:24,14.99,Alistair's Apple Watch S10
2026-08-18,11:51:40,14.99,Alistair's Apple Watch S10
2026-08-18,11:51:58,15.09,Alistair's Apple Watch S10
2026-08-18,11:52:17,15.19,Alistair's Apple Watch S10
2026-08-18,11:53:07,15.09,Alistair's Apple Watch S10
2026-08-18,11:53:23,14.99,Alistair's Apple Watch S10
2026-08-18,11:53:38,14.99,Alistair's Apple Watch S10
2026-08-18,11:53:53,15.09,Alistair's Apple Watch S10
2026-08-18,11:54:11,15.09,Alistair's Apple Watch S10
2026-08-18,11:54:45,14.99,Alistair's Apple Watch S10
2026-08-18,11:55:03,15.09,Alistair's Apple Watch S10
2026-08-18,11:55:22,15.19,Alistair's Apple Watch S10
2026-08-18,11:55:39,15.39,Alistair's Apple Watch S10
2026-08-18,11:56:07,16.19,Alistair's Apple Watch S10
2026-08-18,11:56:07,15.41,Alistair's Apple Watch S10
2026-08-22,08:55:22,22.41,Alistair's Apple Watch S10
2026-08-22,08:55:22,13.17,Alistair's Apple Watch S10
2026-08-22,08:55:25,13.78,Alistair's Apple Watch S10
2026-08-22,08:55:29,14.58,Alistair's Apple Watch S10
2026-08-22,08:55:46,14.41,Alistair's Apple Watch S10
2026-08-22,08:56:03,14.39,Alistair's Apple Watch S10
2026-08-22,08:56:21,14.19,Alistair's Apple Watch S10
2026-08-22,08:56:38,14.09,Alistair's Apple Watch S10
2026-08-22,08:56:56,14.09,Alistair's Apple Watch S10
2026-08-22,08:57:12,14.19,Alistair's Apple Watch S10
2026-08-22,08:57:31,14.09,Alistair's Apple Watch S10
2026-08-22,08:57:47,14.09,Alistair's Apple Watch S10
2026-08-22,08:58:03,14.09,Alistair's Apple Watch S10
2026-08-22,08:58:27,14.19,Alistair's Apple Watch S10
2026-08-22,08:58:43,14.09,Alistair's Apple Watch S10
2026-08-22,08:58:58,14.09,Alistair's Apple Watch S10
2026-08-22,08:59:13,14.09,Alistair's Apple Watch S10
2026-08-22,08:59:30,14.09,Alistair's Apple Watch S10
2026-08-22,08:59:45,14.09,Alistair's Apple Watch S10
2026-08-22,09:00:02,14.09,Alistair's Apple Watch S10
2026-08-22,09:00:24,14.09,Alistair's Apple Watch S10
2026-08-22,09:00:39,14.19,Alistair's Apple Watch S10
2026-08-22,09:00:57,14.09,Alistair's Apple Watch S10
2026-08-22,09:01:15,13.99,Alistair's Apple Watch S10
2026-08-22,09:01:34,14.09,Alistair's Apple Watch S10
2026-08-22,09:01:52,14.09,Alistair's Apple Watch S10
2026-08-22,09:02:10,13.99,Alistair's Apple Watch S10
2026-08-22,09:02:28,13.99,Alistair's Apple Watch S10
2026-08-22,09:02:47,13.99,Alistair's Apple Watch S10
2026-08-22,09:03:05,14.09,Alistair's Apple Watch S10
2026-08-22,09:03:27,14.09,Alistair's Apple Watch S10
2026-08-22,09:03:43,13.99,Alistair's Apple Watch S10
2026-08-22,09:04:03,13.99,Alistair's Apple Watch S10
2026-08-22,09:04:21,13.99,Alistair's Apple Watch S10
2026-08-22,09:04:38,14.09,Alistair's Apple Watch S10
2026-08-22,09:04:57,13.99,Alistair's Apple Watch S10
2026-08-22,09:05:16,13.99,Alistair's Apple Watch S10
2026-08-22,09:05:36,13.99,Alistair's Apple Watch S10
2026-08-22,09:05:54,13.99,Alistair's Apple Watch S10
2026-08-22,09:06:13,14.09,Alistair's Apple Watch S10
2026-08-22,09:06:29,13.99,Alistair's Apple Watch S10
2026-08-22,09:06:46,13.99,Alistair's Apple Watch S10
2026-08-22,09:07:02,13.99,Alistair's Apple Watch S10
2026-08-22,09:07:18,13.99,Alistair's Apple Watch S10
2026-08-22,09:07:36,13.99,Alistair's Apple Watch S10
2026-08-22,09:07:55,14.09,Alistair's Apple Watch S10
2026-08-22,09:08:11,14.09,Alistair's Apple Watch S10
2026-08-22,09:08:31,14.09,Alistair's Apple Watch S10
2026-08-22,09:08:48,13.99,Alistair's Apple Watch S10
2026-08-22,09:09:12,13.99,Alistair's Apple Watch S10
2026-08-22,09:09:54,13.99,Alistair's Apple Watch S10
2026-08-22,09:10:14,13.99,Alistair's Apple Watch S10
2026-08-22,09:10:42,13.99,Alistair's Apple Watch S10
2026-08-22,09:11:08,13.99,Alistair's Apple Watch S10
2026-08-22,09:11:23,13.99,Alistair's Apple Watch S10
2026-08-22,09:11:47,13.99,Alistair's Apple Watch S10
2026-08-22,09:12:20,14.09,Alistair's Apple Watch S10
2026-08-22,09:12:45,13.99,Alistair's Apple Watch S10
2026-08-22,09:13:05,14.09,Alistair's Apple Watch S10
2026-08-22,09:13:23,14.09,Alistair's Apple Watch S10
2026-08-22,09:13:40,14.09,Alistair's Apple Watch S10
2026-08-22,09:13:55,14.09,Alistair's Apple Watch S10
2026-08-22,09:14:12,14.09,Alistair's Apple Watch S10
2026-08-22,09:14:31,14.09,Alistair's Apple Watch S10
2026-08-22,09:15:19,14.09,Alistair's Apple Watch S10
2026-08-22,09:15:34,14.09,Alistair's Apple Watch S10
2026-08-22,09:15:49,14.09,Alistair's Apple Watch S10
2026-08-22,09:16:27,14.09,Alistair's Apple Watch S10
2026-08-22,09:16:46,14.09,Alistair's Apple Watch S10
2026-08-22,09:17:02,14.09,Alistair's Apple Watch S10
2026-08-22,09:17:19,14.09,Alistair's Apple Watch S10
2026-08-22,09:17:35,14.09,Alistair's Apple Watch S10
2026-08-22,09:17:50,14.09,Alistair's Apple Watch S10
2026-08-22,09:18:12,14.09,Alistair's Apple Watch S10
2026-08-22,09:18:31,14.09,Alistair's Apple Watch S10
2026-08-22,09:18:48,14.09,Alistair's Apple Watch S10
2026-08-22,09:19:03,14.09,Alistair's Apple Watch S10
2026-08-22,09:19:25,14.09,Alistair's Apple Watch S10
2026-08-22,09:19:40,14.09,Alistair's Apple Watch S10
2026-08-22,09:20:09,14.09,Alistair's Apple Watch S10
2026-08-22,09:20:25,14.09,Alistair's Apple Watch S10
2026-08-22,09:20:47,13.99,Alistair's Apple Watch S10
2026-08-22,09:21:06,14.09,Alistair's Apple Watch S10
2026-08-22,09:21:24,14.09,Alistair's Apple Watch S10
2026-08-22,09:21:40,14.09,Alistair's Apple Watch S10
2026-08-22,09:21:56,14.09,Alistair's Apple Watch S10
2026-08-22,09:22:14,14.09,Alistair's Apple Watch S10
2026-08-22,09:22:29,14.09,Alistair's Apple Watch S10
2026-08-22,09:22:50,14.09,Alistair's Apple Watch S10
2026-08-22,09:23:10,14.09,Alistair's Apple Watch S10
2026-08-23,10:24:02,14.69,Alistair's Apple Watch S10
2026-08-23,10:24:14,15.29,Alistair's Apple Watch S10
2026-08-23,10:24:18,14.79,Alistair's Apple Watch S10
2026-08-23,10:24:36,14.69,Alistair's Apple Watch S10
2026-08-23,10:25:09,14.49,Alistair's Apple Watch S10
2026-08-23,10:25:33,14.49,Alistair's Apple Watch S10
2026-08-23,10:25:55,14.49,Alistair's Apple Watch S10
2026-08-23,10:26:20,14.49,Alistair's Apple Watch S10
2026-08-23,10:26:37,14.49,Alistair's Apple Watch S10
2026-08-23,10:26:57,14.49,Alistair's Apple Watch S10
2026-08-23,10:27:22,14.39,Alistair's Apple Watch S10
2026-08-23,10:27:46,14.39,Alistair's Apple Watch S10
2026-08-23,10:28:08,14.29,Alistair's Apple Watch S10
2026-08-23,10:28:25,14.19,Alistair's Apple Watch S10
2026-08-23,10:28:45,14.29,Alistair's Apple Watch S10
2026-08-23,10:29:25,14.29,Alistair's Apple Watch S10
2026-08-23,10:29:40,14.29,Alistair's Apple Watch S10
2026-08-23,10:30:03,14.39,Alistair's Apple Watch S10
2026-08-23,10:30:19,14.39,Alistair's Apple Watch S10
2026-08-23,10:30:35,14.39,Alistair's Apple Watch S10
2026-08-23,10:30:54,14.39,Alistair's Apple Watch S10
2026-08-23,10:31:11,14.39,Alistair's Apple Watch S10
2026-08-23,10:31:28,14.49,Alistair's Apple Watch S10
2026-08-23,10:31:50,14.49,Alistair's Apple Watch S10
2026-08-23,10:32:11,14.39,Alistair's Apple Watch S10
2026-08-23,10:32:33,14.29,Alistair's Apple Watch S10
2026-08-23,10:32:51,14.29,Alistair's Apple Watch S10
2026-08-23,10:33:19,14.39,Alistair's Apple Watch S10
2026-08-23,10:33:54,14.29,Alistair's Apple Watch S10
2026-08-23,10:34:15,14.29,Alistair's Apple Watch S10
2026-08-23,10:34:32,14.29,Alistair's Apple Watch S10
2026-08-23,10:34:57,14.19,Alistair's Apple Watch S10
2026-08-23,10:35:22,14.19,Alistair's Apple Watch S10
2026-08-23,10:35:40,14.19,Alistair's Apple Watch S10
2026-08-23,10:35:59,14.19,Alistair's Apple Watch S10
2026-08-23,10:36:21,14.19,Alistair's Apple Watch S10
2026-08-23,10:36:37,14.19,Alistair's Apple Watch S10
2026-08-23,10:37:01,14.29,Alistair's Apple Watch S10
2026-08-23,10:37:18,14.29,Alistair's Apple Watch S10
2026-08-23,10:37:34,14.39,Alistair's Apple Watch S10
2026-08-23,10:37:50,14.59,Alistair's Apple Watch S10
2026-08-23,10:38:06,14.59,Alistair's Apple Watch S10
2026-08-23,10:38:25,14.69,Alistair's Apple Watch S10
2026-08-23,10:38:44,14.69,Alistair's Apple Watch S10
2026-08-23,10:39:05,14.69,Alistair's Apple Watch S10
2026-08-23,10:39:28,14.59,Alistair's Apple Watch S10
2026-08-23,10:39:45,14.49,Alistair's Apple Watch S10
2026-08-23,10:40:05,14.59,Alistair's Apple Watch S10
2026-08-23,10:40:20,14.49,Alistair's Apple Watch S10
2026-08-23,10:41:10,14.69,Alistair's Apple Watch S10
2026-08-23,10:41:28,14.49,Alistair's Apple Watch S10
2026-08-23,10:41:49,14.59,Alistair's Apple Watch S10
2026-08-23,10:42:30,14.59,Alistair's Apple Watch S10
2026-08-23,10:42:50,14.59,Alistair's Apple Watch S10
2026-08-23,10:43:23,14.59,Alistair's Apple Watch S10
2026-08-23,10:43:45,14.49,Alistair's Apple Watch S10
2026-08-23,10:44:07,14.49,Alistair's Apple Watch S10
2026-08-23,10:44:29,14.59,Alistair's Apple Watch S10
2026-08-23,10:44:45,14.59,Alistair's Apple Watch S10
2026-08-23,10:45:03,14.49,Alistair's Apple Watch S10
2026-08-23,10:45:24,14.39,Alistair's Apple Watch S10
2026-08-23,10:46:17,14.39,Alistair's Apple Watch S10
2026-08-23,10:46:34,14.49,Alistair's Apple Watch S10
2026-08-23,10:47:01,14.39,Alistair's Apple Watch S10
2026-08-23,10:47:47,14.49,Alistair's Apple Watch S10
2026-08-23,10:48:06,14.39,Alistair's Apple Watch S10
2026-08-23,10:48:50,14.39,Alistair's Apple Watch S10
2026-08-23,10:49:09,14.39,Alistair's Apple Watch S10
2026-08-23,10:49:59,14.29,Alistair's Apple Watch S10
2026-08-23,10:50:25,14.29,Alistair's Apple Watch S10
2026-08-23,10:50:49,14.39,Alistair's Apple Watch S10
2026-08-23,10:51:05,14.39,Alistair's Apple Watch S10
2026-08-23,10:51:41,14.39,Alistair's Apple Watch S10
2026-08-23,10:52:06,14.39,Alistair's Apple Watch S10
2026-08-23,10:52:26,14.29,Alistair's Apple Watch S10
2026-08-23,10:52:41,14.49,Alistair's Apple Watch S10
2026-08-23,10:52:58,14.49,Alistair's Apple Watch S10
2026-08-23,10:53:15,14.49,Alistair's Apple Watch S10
2026-08-23,10:53:37,14.39,Alistair's Apple Watch S10
2026-08-23,10:53:58,14.49,Alistair's Apple Watch S10
2026-08-23,10:54:20,14.49,Alistair's Apple Watch S10
2026-08-23,10:54:43,14.39,Alistair's Apple Watch S10
2026-08-23,10:55:18,14.39,Alistair's Apple Watch S10
2026-08-23,10:55:59,14.39,Alistair's Apple Watch S10
2026-08-23,10:56:18,14.39,Alistair's Apple Watch S10
2026-08-23,10:56:34,14.39,Alistair's Apple Watch S10
2026-08-23,10:56:51,14.39,Alistair's Apple Watch S10
2026-08-23,10:57:10,14.39,Alistair's Apple Watch S10
2026-08-23,10:57:28,14.39,Alistair's Apple Watch S10
2026-08-23,10:57:45,14.39,Alistair's Apple Watch S10
2026-08-23,10:58:13,14.49,Alistair's Apple Watch S10
2026-08-23,10:58:29,14.39,Alistair's Apple Watch S10
2026-08-23,10:58:45,14.39,Alistair's Apple Watch S10
2026-08-23,10:59:17,14.39,Alistair's Apple Watch S10
2026-08-23,10:59:45,14.49,Alistair's Apple Watch S10
2026-08-23,11:00:39,14.49,Alistair's Apple Watch S10
2026-08-23,11:01:30,14.39,Alistair's Apple Watch S10
2026-08-23,11:01:49,14.39,Alistair's Apple Watch S10
2026-08-23,11:02:06,14.39,Alistair's Apple Watch S10
2026-08-23,11:02:24,14.39,Alistair's Apple Watch S10
2026-08-23,11:02:40,14.39,Alistair's Apple Watch S10
2026-08-23,11:03:08,14.39,Alistair's Apple Watch S10
2026-08-23,11:03:24,14.39,Alistair's Apple Watch S10
2026-08-23,11:03:47,14.49,Alistair's Apple Watch S10
2026-08-23,11:04:03,14.39,Alistair's Apple Watch S10
2026-08-23,11:04:21,14.49,Alistair's Apple Watch S10
2026-08-23,11:04:39,14.49,Alistair's Apple Watch S10
2026-08-24,12:35:13,16.07,Alistair's Apple Watch S10
2026-08-24,12:35:29,16.88,Alistair's Apple Watch S10
2026-08-24,12:35:43,16.11,Alistair's Apple Watch S10
2026-08-24,12:36:00,15.79,Alistair's Apple Watch S10
2026-08-24,12:36:19,15.69,Alistair's Apple Watch S10
2026-08-24,12:36:34,15.79,Alistair's Apple Watch S10
2026-08-24,12:36:54,15.79,Alistair's Apple Watch S10
2026-08-24,12:37:09,15.69,Alistair's Apple Watch S10
2026-08-24,12:37:25,15.59,Alistair's Apple Watch S10
2026-08-24,12:37:41,15.59,Alistair's Apple Watch S10
2026-08-24,12:37:58,15.59,Alistair's Apple Watch S10
2026-08-24,12:38:16,15.59,Alistair's Apple Watch S10
2026-08-24,12:38:33,15.59,Alistair's Apple Watch S10
2026-08-24,12:38:48,15.59,Alistair's Apple Watch S10
2026-08-24,12:39:03,15.59,Alistair's Apple Watch S10
2026-08-24,12:39:20,15.59,Alistair's Apple Watch S10
2026-08-24,12:39:35,15.59,Alistair's Apple Watch S10
2026-08-24,12:39:52,15.59,Alistair's Apple Watch S10
2026-08-24,12:40:07,15.59,Alistair's Apple Watch S10
2026-08-24,12:40:32,15.59,Alistair's Apple Watch S10
2026-08-24,12:40:49,15.89,Alistair's Apple Watch S10
2026-08-24,12:41:09,16.09,Alistair's Apple Watch S10
2026-08-24,12:41:25,16.19,Alistair's Apple Watch S10
2026-08-24,12:41:43,15.99,Alistair's Apple Watch S10
2026-08-24,12:42:03,15.79,Alistair's Apple Watch S10
2026-08-24,12:42:18,15.69,Alistair's Apple Watch S10
2026-08-24,12:42:34,15.69,Alistair's Apple Watch S10
2026-08-24,12:42:51,15.59,Alistair's Apple Watch S10
2026-08-24,12:43:06,15.59,Alistair's Apple Watch S10
2026-08-24,12:43:23,15.59,Alistair's Apple Watch S10
2026-08-24,12:43:39,15.59,Alistair's Apple Watch S10
2026-08-24,12:43:55,15.59,Alistair's Apple Watch S10
2026-08-24,12:44:11,15.49,Alistair's Apple Watch S10
2026-08-24,12:44:27,15.59,Alistair's Apple Watch S10
2026-08-24,12:44:44,15.69,Alistair's Apple Watch S10
2026-08-24,12:45:07,15.79,Alistair's Apple Watch S10
2026-08-24,12:45:24,15.79,Alistair's Apple Watch S10
2026-08-24,12:45:41,15.89,Alistair's Apple Watch S10
2026-08-24,12:46:01,15.89,Alistair's Apple Watch S10
2026-08-24,12:46:21,15.89,Alistair's Apple Watch S10
2026-08-24,12:46:37,15.99,Alistair's Apple Watch S10
2026-08-24,12:46:52,16.09,Alistair's Apple Watch S10
2026-08-24,12:47:12,16.09,Alistair's Apple Watch S10
2026-08-24,12:47:28,15.99,Alistair's Apple Watch S10
2026-08-24,12:47:45,16.19,Alistair's Apple Watch S10
2026-08-24,12:48:01,16.39,Alistair's Apple Watch S10
2026-08-24,12:48:18,16.19,Alistair's Apple Watch S10
2026-08-24,12:48:39,16.09,Alistair's Apple Watch S10
2026-08-24,12:48:55,15.99,Alistair's Apple Watch S10
2026-08-24,12:49:11,15.89,Alistair's Apple Watch S10
2026-08-24,12:49:26,15.89,Alistair's Apple Watch S10
2026-08-24,12:49:44,15.89,Alistair's Apple Watch S10
2026-08-24,12:49:59,15.79,Alistair's Apple Watch S10
2026-08-24,12:50:17,15.79,Alistair's Apple Watch S10
2026-08-24,12:50:35,15.79,Alistair's Apple Watch S10
2026-08-24,12:50:50,15.99,Alistair's Apple Watch S10
2026-08-24,12:51:11,16.09,Alistair's Apple Watch S10
2026-08-24,12:51:26,16.19,Alistair's Apple Watch S10
2026-08-24,12:51:44,16.19,Alistair's Apple Watch S10
2026-08-24,12:51:59,16.19,Alistair's Apple Watch S10
2026-08-24,12:52:15,16.29,Alistair's Apple Watch S10
2026-08-24,12:52:33,16.19,Alistair's Apple Watch S10
2026-08-24,12:52:51,15.99,Alistair's Apple Watch S10
2026-08-24,12:53:10,15.89,Alistair's Apple Watch S10
2026-08-24,12:53:26,15.89,Alistair's Apple Watch S10
2026-08-24,12:53:42,15.89,Alistair's Apple Watch S10
2026-08-24,12:53:57,15.89,Alistair's Apple Watch S10
2026-08-24,12:54:12,15.89,Alistair's Apple Watch S10
2026-08-24,12:54:29,15.89,Alistair's Apple Watch S10
2026-08-24,12:54:48,15.89,Alistair's Apple Watch S10
2026-08-24,12:55:05,15.79,Alistair's Apple Watch S10
2026-08-24,12:55:25,15.79,Alistair's Apple Watch S10
2026-08-24,12:55:42,15.79,Alistair's Apple Watch S10
2026-08-24,12:55:57,15.79,Alistair's Apple Watch S10
2026-08-24,12:56:19,15.69,Alistair's Apple Watch S10
2026-08-24,12:56:35,15.69,Alistair's Apple Watch S10
2026-08-24,12:56:54,15.69,Alistair's Apple Watch S10
2026-08-24,12:57:13,15.69,Alistair's Apple Watch S10
2026-08-24,12:57:28,15.69,Alistair's Apple Watch S10
2026-08-24,12:57:49,15.69,Alistair's Apple Watch S10
2026-08-24,12:58:06,15.49,Alistair's Apple Watch S10
2026-08-24,12:58:22,15.49,Alistair's Apple Watch S10
2026-08-24,12:58:37,15.49,Alistair's Apple Watch S10
2026-08-24,12:59:03,15.59,Alistair's Apple Watch S10
2026-08-24,12:59:19,15.69,Alistair's Apple Watch S10
2026-08-24,12:59:35,15.79,Alistair's Apple Watch S10
2026-08-24,12:59:55,15.79,Alistair's Apple Watch S10
2026-08-24,13:00:17,15.79,Alistair's Apple Watch S10
2026-08-24,13:00:32,15.89,Alistair's Apple Watch S10
2026-08-24,13:00:48,15.89,Alistair's Apple Watch S10
2026-08-24,13:01:03,15.89,Alistair's Apple Watch S10
2026-08-24,13:01:25,16.29,Alistair's Apple Watch S10
2026-08-24,13:01:43,16.29,Alistair's Apple Watch S10
2026-08-24,13:01:59,16.19,Alistair's Apple Watch S10
2026-08-24,13:02:21,15.89,Alistair's Apple Watch S10
2026-08-24,13:02:49,15.69,Alistair's Apple Watch S10
2026-08-24,13:03:06,15.69,Alistair's Apple Watch S10
2026-08-24,13:03:30,15.59,Alistair's Apple Watch S10
2026-08-24,13:03:48,15.59,Alistair's Apple Watch S10
2026-08-24,13:04:05,15.49,Alistair's Apple Watch S10
2026-08-24,13:04:21,15.59,Alistair's Apple Watch S10
2026-08-24,13:04:41,15.59,Alistair's Apple Watch S10
2026-08-24,13:05:05,15.89,Alistair's Apple Watch S10
2026-08-24,13:05:20,15.89,Alistair's Apple Watch S10
2026-08-24,13:05:42,15.79,Alistair's Apple Watch S10
2026-08-24,13:06:06,15.89,Alistair's Apple Watch S10
2026-08-24,13:06:23,15.69,Alistair's Apple Watch S10
2026-08-24,13:06:41,15.69,Alistair's Apple Watch S10
2026-08-24,13:06:58,15.69,Alistair's Apple Watch S10
2026-08-24,13:07:13,15.49,Alistair's Apple Watch S10
2026-08-24,13:07:29,15.49,Alistair's Apple Watch S10
2026-08-24,13:07:45,15.49,Alistair's Apple Watch S10
2026-08-24,13:08:01,15.39,Alistair's Apple Watch S10
2026-08-24,13:08:16,15.39,Alistair's Apple Watch S10
2026-08-24,13:08:39,15.39,Alistair's Apple Watch S10
2026-08-24,13:08:55,15.39,Alistair's Apple Watch S10
2026-08-24,13:09:12,15.39,Alistair's Apple Watch S10
2026-08-24,13:09:30,15.49,Alistair's Apple Watch S10
2026-08-24,13:09:57,15.49,Alistair's Apple Watch S10
2026-08-24,13:10:14,15.49,Alistair's Apple Watch S10
2026-08-24,13:10:34,15.49,Alistair's Apple Watch S10
2026-08-24,13:10:51,15.49,Alistair's Apple Watch S10
2026-08-24,13:11:09,15.59,Alistair's Apple Watch S10
2026-08-24,13:11:28,15.69,Alistair's Apple Watch S10
2026-08-24,13:11:58,15.59,Alistair's Apple Watch S10
2026-08-24,13:12:16,15.49,Alistair's Apple Watch S10
2026-08-24,13:12:34,15.49,Alistair's Apple Watch S10
2026-08-24,13:12:50,15.49,Alistair's Apple Watch S10
2026-08-24,13:13:07,15.49,Alistair's Apple Watch S10
2026-08-24,13:13:23,15.49,Alistair's Apple Watch S10
2026-08-24,13:13:45,15.59,Alistair's Apple Watch S10
2026-08-24,13:14:02,15.49,Alistair's Apple Watch S10
2026-08-24,13:14:21,15.59,Alistair's Apple Watch S10
2026-08-24,13:14:37,15.59,Alistair's Apple Watch S10
2026-08-24,13:14:55,15.59,Alistair's Apple Watch S10
2026-08-24,13:15:11,15.69,Alistair's Apple Watch S10
2026-08-24,13:15:32,15.79,Alistair's Apple Watch S10
2026-08-24,13:15:47,15.79,Alistair's Apple Watch S10
2026-08-24,13:16:05,15.89,Alistair's Apple Watch S10
2026-08-24,13:16:26,15.89,Alistair's Apple Watch S10
2026-08-24,13:16:45,15.99,Alistair's Apple Watch S10
2026-08-24,13:17:00,15.99,Alistair's Apple Watch S10
2026-08-24,13:17:17,16.09,Alistair's Apple Watch S10
2026-08-24,13:17:35,15.99,Alistair's Apple Watch S10
2026-08-24,13:17:53,15.99,Alistair's Apple Watch S10
2026-08-24,13:18:10,15.79,Alistair's Apple Watch S10
2026-08-24,13:18:33,15.89,Alistair's Apple Watch S10
2026-08-28,18:36:55,23.08,Alistair's Apple Watch S10
2026-08-28,18:36:55,14.48,Alistair's Apple Watch S10
2026-08-28,18:37:03,15.48,Alistair's Apple Watch S10
2026-08-28,18:37:20,15.59,Alistair's Apple Watch S10
2026-08-28,18:37:37,15.49,Alistair's Apple Watch S10
2026-08-28,18:37:53,15.49,Alistair's Apple Watch S10
2026-08-28,18:38:10,15.39,Alistair's Apple Watch S10
2026-08-28,18:38:27,15.49,Alistair's Apple Watch S10
2026-08-28,18:38:42,15.39,Alistair's Apple Watch S10
2026-08-28,18:39:03,15.39,Alistair's Apple Watch S10
2026-08-28,18:39:33,15.39,Alistair's Apple Watch S10
2026-08-28,18:39:48,15.39,Alistair's Apple Watch S10
2026-08-28,18:40:03,15.39,Alistair's Apple Watch S10
2026-08-28,18:40:23,15.39,Alistair's Apple Watch S10
2026-08-28,18:40:40,15.29,Alistair's Apple Watch S10
2026-08-28,18:40:59,15.29,Alistair's Apple Watch S10
2026-08-28,18:41:15,15.29,Alistair's Apple Watch S10
2026-08-28,18:41:45,15.19,Alistair's Apple Watch S10
2026-08-28,18:42:09,15.29,Alistair's Apple Watch S10
2026-08-28,18:42:27,15.19,Alistair's Apple Watch S10
2026-08-28,18:42:42,15.19,Alistair's Apple Watch S10
2026-08-28,18:43:03,15.19,Alistair's Apple Watch S10
2026-08-28,18:43:25,15.19,Alistair's Apple Watch S10
2026-08-28,18:43:49,15.29,Alistair's Apple Watch S10
2026-08-28,18:44:04,15.29,Alistair's Apple Watch S10
2026-08-28,18:44:20,15.39,Alistair's Apple Watch S10
2026-08-28,18:44:38,15.29,Alistair's Apple Watch S10
2026-08-28,18:44:55,15.29,Alistair's Apple Watch S10
2026-08-28,18:45:12,15.29,Alistair's Apple Watch S10
2026-08-28,18:45:35,15.19,Alistair's Apple Watch S10
2026-08-28,18:45:57,15.19,Alistair's Apple Watch S10
2026-08-28,18:47:20,15.19,Alistair's Apple Watch S10
2026-08-28,18:47:45,15.19,Alistair's Apple Watch S10
2026-08-28,18:48:03,15.29,Alistair's Apple Watch S10
2026-08-28,18:48:18,15.29,Alistair's Apple Watch S10
2026-08-28,18:48:52,15.29,Alistair's Apple Watch S10
2026-08-28,18:49:08,15.29,Alistair's Apple Watch S10
2026-08-28,18:49:27,15.29,Alistair's Apple Watch S10
2026-08-28,18:49:44,15.39,Alistair's Apple Watch S10
2026-08-28,18:50:00,15.39,Alistair's Apple Watch S10
2026-08-28,18:50:20,15.29,Alistair's Apple Watch S10
2026-08-28,18:50:36,15.39,Alistair's Apple Watch S10
2026-08-28,18:51:00,15.29,Alistair's Apple Watch S10
2026-08-28,18:51:21,15.39,Alistair's Apple Watch S10
2026-08-28,18:51:37,15.39,Alistair's Apple Watch S10
2026-08-28,18:51:53,15.39,Alistair's Apple Watch S10
2026-08-28,18:52:35,15.49,Alistair's Apple Watch S10
2026-08-28,18:52:50,15.49,Alistair's Apple Watch S10
2026-08-28,18:53:05,15.49,Alistair's Apple Watch S10
2026-08-28,18:53:20,15.49,Alistair's Apple Watch S10
2026-08-28,18:53:39,15.49,Alistair's Apple Watch S10
2026-08-28,18:54:16,15.38,Alistair's Apple Watch S10
2026-08-28,18:54:16,16.49,Alistair's Apple Watch S10
2026-08-28,18:54:34,15.49,Alistair's Apple Watch S10
2026-08-28,18:54:50,15.49,Alistair's Apple Watch S10
2026-08-28,18:55:06,15.39,Alistair's Apple Watch S10
2026-08-28,18:55:38,15.79,Alistair's Apple Watch S10
2026-08-29,08:19:40,15.31,Alistair's Apple Watch S10
2026-08-29,08:19:58,15.09,Alistair's Apple Watch S10
2026-08-29,08:20:21,14.99,Alistair's Apple Watch S10
2026-08-29,08:20:42,14.89,Alistair's Apple Watch S10
2026-08-29,08:20:58,14.89,Alistair's Apple Watch S10
2026-08-29,08:21:14,14.99,Alistair's Apple Watch S10
2026-08-29,08:21:48,14.99,Alistair's Apple Watch S10
2026-08-29,08:22:06,14.99,Alistair's Apple Watch S10
2026-08-29,08:22:25,14.99,Alistair's Apple Watch S10
2026-08-29,08:22:41,14.99,Alistair's Apple Watch S10
2026-08-29,08:23:00,14.99,Alistair's Apple Watch S10
2026-08-29,08:23:25,14.99,Alistair's Apple Watch S10
2026-08-29,08:23:42,14.99,Alistair's Apple Watch S10
2026-08-29,08:23:57,14.99,Alistair's Apple Watch S10
2026-08-29,08:24:19,14.99,Alistair's Apple Watch S10
2026-08-29,08:24:34,14.99,Alistair's Apple Watch S10
2026-08-29,08:24:54,14.99,Alistair's Apple Watch S10
2026-08-29,08:25:12,14.99,Alistair's Apple Watch S10
2026-08-29,08:25:28,14.99,Alistair's Apple Watch S10
2026-08-29,08:25:44,15.09,Alistair's Apple Watch S10
2026-08-29,08:29:30,15.19,Alistair's Apple Watch S10
2026-08-29,08:29:48,15.09,Alistair's Apple Watch S10
2026-08-29,08:30:06,14.99,Alistair's Apple Watch S10
2026-08-29,08:30:29,14.99,Alistair's Apple Watch S10
2026-08-29,08:30:51,14.99,Alistair's Apple Watch S10
2026-08-29,08:31:06,14.99,Alistair's Apple Watch S10
2026-08-29,08:31:26,14.99,Alistair's Apple Watch S10
2026-08-29,08:31:47,14.99,Alistair's Apple Watch S10
2026-08-29,08:32:19,14.99,Alistair's Apple Watch S10
2026-08-29,08:32:34,14.99,Alistair's Apple Watch S10
2026-08-29,08:32:56,14.99,Alistair's Apple Watch S10
2026-08-29,08:33:12,14.99,Alistair's Apple Watch S10
2026-08-29,08:33:32,14.99,Alistair's Apple Watch S10
2026-08-29,08:33:47,14.99,Alistair's Apple Watch S10
2026-08-29,08:34:33,15.09,Alistair's Apple Watch S10
2026-08-29,08:34:53,14.99,Alistair's Apple Watch S10
2026-08-29,08:35:09,14.99,Alistair's Apple Watch S10
2026-08-29,08:35:30,14.99,Alistair's Apple Watch S10
2026-08-29,08:35:53,14.99,Alistair's Apple Watch S10
2026-08-29,08:36:12,14.99,Alistair's Apple Watch S10
2026-08-29,08:36:31,14.99,Alistair's Apple Watch S10
2026-08-29,08:36:50,14.99,Alistair's Apple Watch S10
2026-08-29,08:37:11,15.09,Alistair's Apple Watch S10
2026-08-29,08:37:28,15.09,Alistair's Apple Watch S10
2026-08-29,08:37:49,14.99,Alistair's Apple Watch S10
2026-08-29,08:38:06,14.89,Alistair's Apple Watch S10
2026-08-29,08:38:22,14.89,Alistair's Apple Watch S10
2026-08-29,08:38:47,14.99,Alistair's Apple Watch S10
2026-08-29,08:39:03,14.89,Alistair's Apple Watch S10
2026-08-29,08:39:22,14.99,Alistair's Apple Watch S10
2026-08-29,08:39:39,14.99,Alistair's Apple Watch S10
2026-08-29,08:39:55,14.89,Alistair's Apple Watch S10
2026-08-29,08:40:12,14.89,Alistair's Apple Watch S10
2026-08-30,08:38:25,24.18,Alistair's Apple Watch S10
2026-08-30,08:38:26,14.17,Alistair's Apple Watch S10
2026-08-30,08:38:30,14.88,Alistair's Apple Watch S10
2026-08-30,08:40:04,15.39,Alistair's Apple Watch S10
2026-08-30,08:40:19,15.49,Alistair's Apple Watch S10
2026-08-30,08:40:35,15.29,Alistair's Apple Watch S10
2026-08-30,08:40:51,15.29,Alistair's Apple Watch S10
2026-08-30,08:41:09,15.29,Alistair's Apple Watch S10
2026-08-30,08:41:24,15.29,Alistair's Apple Watch S10
2026-08-30,08:41:41,15.29,Alistair's Apple Watch S10
2026-08-30,08:42:01,15.29,Alistair's Apple Watch S10
2026-08-30,08:42:21,15.29,Alistair's Apple Watch S10
2026-08-30,08:42:37,15.19,Alistair's Apple Watch S10
2026-08-30,08:42:55,15.29,Alistair's Apple Watch S10
2026-08-30,08:43:12,15.29,Alistair's Apple Watch S10
2026-08-30,08:43:27,15.29,Alistair's Apple Watch S10
2026-08-30,08:43:43,15.29,Alistair's Apple Watch S10
2026-08-30,08:44:02,15.19,Alistair's Apple Watch S10
2026-08-30,08:44:22,15.19,Alistair's Apple Watch S10
2026-08-30,08:44:40,15.29,Alistair's Apple Watch S10
2026-08-30,08:44:57,15.29,Alistair's Apple Watch S10
2026-08-30,08:45:15,15.19,Alistair's Apple Watch S10
2026-08-30,08:45:30,15.19,Alistair's Apple Watch S10
2026-08-30,08:45:50,15.19,Alistair's Apple Watch S10
2026-08-30,08:46:18,15.19,Alistair's Apple Watch S10
2026-08-30,08:46:33,15.19,Alistair's Apple Watch S10
2026-08-30,08:46:52,15.19,Alistair's Apple Watch S10
2026-08-30,08:47:10,15.19,Alistair's Apple Watch S10
2026-08-30,08:47:27,15.19,Alistair's Apple Watch S10
2026-08-30,08:47:44,15.19,Alistair's Apple Watch S10
2026-08-30,08:48:25,15.19,Alistair's Apple Watch S10
2026-08-30,08:48:43,15.19,Alistair's Apple Watch S10
2026-08-30,08:49:15,15.19,Alistair's Apple Watch S10
2026-08-30,08:49:30,15.19,Alistair's Apple Watch S10
2026-08-30,08:49:49,15.19,Alistair's Apple Watch S10
2026-08-30,08:50:08,15.19,Alistair's Apple Watch S10
2026-08-30,08:50:25,15.19,Alistair's Apple Watch S10
2026-08-30,08:50:42,15.19,Alistair's Apple Watch S10
2026-08-30,08:51:08,15.19,Alistair's Apple Watch S10
2026-08-30,08:51:27,15.19,Alistair's Apple Watch S10
2026-08-30,08:51:42,15.19,Alistair's Apple Watch S10
2026-08-30,08:52:02,15.19,Alistair's Apple Watch S10
2026-08-30,08:52:19,15.19,Alistair's Apple Watch S10
2026-08-30,08:52:39,15.19,Alistair's Apple Watch S10
2026-08-30,08:52:56,15.19,Alistair's Apple Watch S10
2026-08-30,08:53:32,15.19,Alistair's Apple Watch S10
2026-08-30,08:54:04,15.19,Alistair's Apple Watch S10
2026-08-30,08:54:21,15.19,Alistair's Apple Watch S10
2026-08-30,08:54:37,15.19,Alistair's Apple Watch S10
2026-08-30,08:55:00,15.19,Alistair's Apple Watch S10
2026-08-30,08:55:16,15.19,Alistair's Apple Watch S10
2026-08-30,08:55:32,15.19,Alistair's Apple Watch S10
2026-08-30,08:55:51,15.19,Alistair's Apple Watch S10
2026-08-30,08:56:14,15.19,Alistair's Apple Watch S10
2026-08-30,08:56:32,15.19,Alistair's Apple Watch S10
2026-08-30,08:56:47,15.19,Alistair's Apple Watch S10
2026-08-30,08:57:10,15.19,Alistair's Apple Watch S10
2026-08-30,08:57:25,15.19,Alistair's Apple Watch S10
2026-08-30,08:57:41,15.19,Alistair's Apple Watch S10
2026-08-30,08:58:06,15.19,Alistair's Apple Watch S10
2026-08-30,08:58:27,15.19,Alistair's Apple Watch S10
2026-08-30,08:58:45,15.19,Alistair's Apple Watch S10
2026-08-30,08:59:20,15.29,Alistair's Apple Watch S10
2026-08-30,08:59:35,15.29,Alistair's Apple Watch S10
2026-08-30,08:59:58,15.19,Alistair's Apple Watch S10
2026-08-30,09:00:15,15.19,Alistair's Apple Watch S10
2026-08-30,09:00:30,15.19,Alistair's Apple Watch S10
2026-08-30,09:00:49,15.19,Alistair's Apple Watch S10
2026-08-30,09:01:05,15.19,Alistair's Apple Watch S10
2026-08-30,09:01:43,15.19,Alistair's Apple Watch S10
2026-08-30,09:02:02,15.19,Alistair's Apple Watch S10
2026-08-30,09:02:17,15.29,Alistair's Apple Watch S10
2026-08-30,09:02:32,15.29,Alistair's Apple Watch S10
2026-08-30,09:02:49,15.19,Alistair's Apple Watch S10
2026-08-30,09:03:08,15.19,Alistair's Apple Watch S10
2026-08-30,09:03:36,15.19,Alistair's Apple Watch S10
2026-08-30,09:03:53,15.29,Alistair's Apple Watch S10
2026-08-30,09:04:23,15.19,Alistair's Apple Watch S10
2026-08-30,09:04:41,15.19,Alistair's Apple Watch S10
2026-08-30,09:04:57,15.19,Alistair's Apple Watch S10
2026-08-30,09:05:13,15.29,Alistair's Apple Watch S10
2026-09-03,09:28:07,26.99,Alistair's Apple Watch S10
2026-09-03,09:28:07,13.92,Alistair's Apple Watch S10
2026-09-03,09:28:17,15.01,Alistair's Apple Watch S10
2026-09-03,09:28:34,15.49,Alistair's Apple Watch S10
2026-09-03,09:28:52,15.39,Alistair's Apple Watch S10
2026-09-03,09:29:09,15.29,Alistair's Apple Watch S10
2026-09-03,09:29:25,15.19,Alistair's Apple Watch S10
2026-09-03,09:29:43,15.09,Alistair's Apple Watch S10
2026-09-03,09:30:00,15.19,Alistair's Apple Watch S10
2026-09-03,09:30:17,15.19,Alistair's Apple Watch S10
2026-09-03,09:30:33,15.19,Alistair's Apple Watch S10
2026-09-03,09:30:53,15.19,Alistair's Apple Watch S10
2026-09-03,09:31:12,15.19,Alistair's Apple Watch S10
2026-09-03,09:31:34,15.09,Alistair's Apple Watch S10
2026-09-03,09:31:54,15.09,Alistair's Apple Watch S10
2026-09-03,09:32:09,15.09,Alistair's Apple Watch S10
2026-09-03,09:32:26,15.09,Alistair's Apple Watch S10
2026-09-03,09:32:42,15.09,Alistair's Apple Watch S10
2026-09-03,09:32:58,15.09,Alistair's Apple Watch S10
2026-09-03,09:33:16,15.09,Alistair's Apple Watch S10
2026-09-03,09:33:32,15.09,Alistair's Apple Watch S10
2026-09-03,09:33:47,15.09,Alistair's Apple Watch S10
2026-09-03,09:34:08,15.09,Alistair's Apple Watch S10
2026-09-03,09:34:24,15.09,Alistair's Apple Watch S10
2026-09-03,09:34:39,15.09,Alistair's Apple Watch S10
2026-09-03,09:35:05,15.09,Alistair's Apple Watch S10
2026-09-03,09:35:21,15.09,Alistair's Apple Watch S10
2026-09-03,09:35:42,15.09,Alistair's Apple Watch S10
2026-09-03,09:35:59,15.09,Alistair's Apple Watch S10
2026-09-03,09:36:14,15.09,Alistair's Apple Watch S10
2026-09-03,09:36:30,15.09,Alistair's Apple Watch S10
2026-09-03,09:36:48,15.09,Alistair's Apple Watch S10
2026-09-03,09:37:08,15.19,Alistair's Apple Watch S10
2026-09-03,09:37:24,15.19,Alistair's Apple Watch S10
2026-09-03,09:37:40,15.19,Alistair's Apple Watch S10
2026-09-03,09:37:56,15.19,Alistair's Apple Watch S10
2026-09-03,09:38:12,15.19,Alistair's Apple Watch S10
2026-09-03,09:38:28,15.19,Alistair's Apple Watch S10
2026-09-03,09:38:45,15.19,Alistair's Apple Watch S10
2026-09-03,09:39:07,15.09,Alistair's Apple Watch S10
2026-09-03,09:39:32,15.09,Alistair's Apple Watch S10
2026-09-03,09:39:58,15.09,Alistair's Apple Watch S10
2026-09-03,09:40:19,15.09,Alistair's Apple Watch S10
2026-09-03,09:40:34,15.09,Alistair's Apple Watch S10
2026-09-03,09:40:51,15.09,Alistair's Apple Watch S10
2026-09-03,09:41:09,15.19,Alistair's Apple Watch S10
2026-09-03,09:41:28,15.09,Alistair's Apple Watch S10
2026-09-03,09:41:44,15.09,Alistair's Apple Watch S10
2026-09-03,09:42:01,15.19,Alistair's Apple Watch S10
2026-09-03,09:42:16,15.09,Alistair's Apple Watch S10
2026-09-03,09:42:33,15.09,Alistair's Apple Watch S10
2026-09-03,09:43:17,15.09,Alistair's Apple Watch S10
2026-09-03,09:43:38,15.09,Alistair's Apple Watch S10
2026-09-03,09:43:57,15.09,Alistair's Apple Watch S10
2026-09-03,09:44:25,15.09,Alistair's Apple Watch S10
2026-09-03,09:44:42,15.09,Alistair's Apple Watch S10
2026-09-03,09:45:01,15.09,Alistair's Apple Watch S10
2026-09-03,09:45:17,15.09,Alistair's Apple Watch S10
2026-09-03,09:45:36,14.99,Alistair's Apple Watch S10
2026-09-03,09:46:11,14.99,Alistair's Apple Watch S10
2026-09-03,09:46:36,14.99,Alistair's Apple Watch S10
2026-09-03,09:47:01,15.09,Alistair's Apple Watch S10
2026-09-03,09:47:21,15.09,Alistair's Apple Watch S10
2026-09-03,09:47:38,15.09,Alistair's Apple Watch S10
2026-09-03,09:47:56,15.09,Alistair's Apple Watch S10
2026-09-03,09:48:22,15.09,Alistair's Apple Watch S10
2026-09-03,09:48:43,15.09,Alistair's Apple Watch S10
2026-09-03,09:49:18,14.99,Alistair's Apple Watch S10
2026-09-03,09:49:36,14.99,Alistair's Apple Watch S10
2026-09-03,09:50:02,14.99,Alistair's Apple Watch S10
2026-09-03,09:50:19,14.99,Alistair's Apple Watch S10
2026-09-03,09:50:39,14.89,Alistair's Apple Watch S10
2026-09-03,09:50:55,14.99,Alistair's Apple Watch S10
2026-09-03,09:51:14,14.99,Alistair's Apple Watch S10
2026-09-03,09:51:30,14.99,Alistair's Apple Watch S10
2026-09-03,09:51:46,14.99,Alistair's Apple Watch S10
2026-09-03,09:52:02,14.99,Alistair's Apple Watch S10
2026-09-03,09:52:40,14.99,Alistair's Apple Watch S10
2026-09-03,09:52:56,14.99,Alistair's Apple Watch S10
2026-09-03,09:53:52,14.99,Alistair's Apple Watch S10
2026-09-03,09:54:08,14.99,Alistair's Apple Watch S10
2026-09-03,09:54:24,14.99,Alistair's Apple Watch S10
2026-09-03,09:54:41,14.99,Alistair's Apple Watch S10
2026-09-03,09:54:56,14.99,Alistair's Apple Watch S10
2026-09-03,09:55:13,14.99,Alistair's Apple Watch S10
2026-09-03,09:55:33,14.99,Alistair's Apple Watch S10
2026-09-03,09:55:52,14.99,Alistair's Apple Watch S10
2026-09-03,09:56:11,14.99,Alistair's Apple Watch S10
2026-09-04,09:18:26,22.68,Alistair's Apple Watch S10
2026-09-04,09:19:48,14.89,Alistair's Apple Watch S10
2026-09-04,09:20:06,14.89,Alistair's Apple Watch S10
2026-09-04,09:20:22,14.89,Alistair's Apple Watch S10
2026-09-04,09:20:40,14.89,Alistair's Apple Watch S10
2026-09-04,09:20:56,14.79,Alistair's Apple Watch S10
2026-09-04,09:21:13,14.79,Alistair's Apple Watch S10
2026-09-04,09:21:28,14.79,Alistair's Apple Watch S10
2026-09-04,09:21:45,14.79,Alistair's Apple Watch S10
2026-09-04,09:22:02,14.79,Alistair's Apple Watch S10
2026-09-04,09:22:17,14.79,Alistair's Apple Watch S10
2026-09-04,09:22:32,14.79,Alistair's Apple Watch S10
2026-09-04,09:22:48,14.79,Alistair's Apple Watch S10
2026-09-04,09:23:04,14.79,Alistair's Apple Watch S10
2026-09-04,09:23:20,14.79,Alistair's Apple Watch S10
2026-09-04,09:23:37,14.79,Alistair's Apple Watch S10
2026-09-04,09:23:55,14.79,Alistair's Apple Watch S10
2026-09-04,09:24:13,14.69,Alistair's Apple Watch S10
2026-09-04,09:24:29,14.69,Alistair's Apple Watch S10
2026-09-04,09:24:49,14.69,Alistair's Apple Watch S10
2026-09-04,09:25:25,14.69,Alistair's Apple Watch S10
2026-09-04,09:25:51,14.69,Alistair's Apple Watch S10
2026-09-04,09:26:06,14.69,Alistair's Apple Watch S10
2026-09-04,09:26:24,14.69,Alistair's Apple Watch S10
2026-09-04,09:26:40,14.79,Alistair's Apple Watch S10
2026-09-04,09:26:56,14.79,Alistair's Apple Watch S10
2026-09-04,09:27:12,14.79,Alistair's Apple Watch S10
2026-09-04,09:27:38,14.79,Alistair's Apple Watch S10
2026-09-04,09:27:56,14.79,Alistair's Apple Watch S10
2026-09-04,09:28:14,14.79,Alistair's Apple Watch S10
2026-09-04,09:28:31,14.79,Alistair's Apple Watch S10
2026-09-04,09:28:51,14.79,Alistair's Apple Watch S10
2026-09-04,09:29:08,14.79,Alistair's Apple Watch S10
2026-09-04,09:29:25,14.79,Alistair's Apple Watch S10
2026-09-04,09:29:40,14.79,Alistair's Apple Watch S10
2026-09-04,09:29:56,14.79,Alistair's Apple Watch S10
2026-09-04,09:30:11,14.79,Alistair's Apple Watch S10
2026-09-04,09:30:27,14.79,Alistair's Apple Watch S10
2026-09-04,09:30:45,14.79,Alistair's Apple Watch S10
2026-09-04,09:31:04,14.79,Alistair's Apple Watch S10
2026-09-04,09:31:40,14.69,Alistair's Apple Watch S10
2026-09-04,09:32:00,14.69,Alistair's Apple Watch S10
2026-09-04,09:32:18,14.69,Alistair's Apple Watch S10
2026-09-04,09:32:36,14.69,Alistair's Apple Watch S10
2026-09-04,09:32:53,14.79,Alistair's Apple Watch S10
2026-09-04,09:33:10,14.79,Alistair's Apple Watch S10
2026-09-04,09:33:33,14.79,Alistair's Apple Watch S10
2026-09-04,09:33:58,14.69,Alistair's Apple Watch S10
2026-09-04,09:34:15,14.69,Alistair's Apple Watch S10
2026-09-04,09:34:33,14.69,Alistair's Apple Watch S10
2026-09-04,09:34:49,14.69,Alistair's Apple Watch S10
2026-09-04,09:35:19,14.69,Alistair's Apple Watch S10
2026-09-04,09:35:40,14.79,Alistair's Apple Watch S10
2026-09-04,09:35:59,14.79,Alistair's Apple Watch S10
2026-09-04,09:36:14,14.79,Alistair's Apple Watch S10
2026-09-04,09:36:30,14.79,Alistair's Apple Watch S10
2026-09-04,09:36:50,14.79,Alistair's Apple Watch S10
2026-09-04,09:37:10,14.79,Alistair's Apple Watch S10
2026-09-04,09:37:31,14.79,Alistair's Apple Watch S10
2026-09-04,09:37:48,14.79,Alistair's Apple Watch S10
2026-09-04,09:38:21,14.79,Alistair's Apple Watch S10
2026-09-04,09:38:41,14.79,Alistair's Apple Watch S10
2026-09-04,09:39:14,14.79,Alistair's Apple Watch S10
2026-09-04,09:39:30,14.79,Alistair's Apple Watch S10
2026-09-04,09:39:49,14.79,Alistair's Apple Watch S10
2026-09-04,09:40:07,14.69,Alistair's Apple Watch S10
2026-09-04,09:40:29,14.69,Alistair's Apple Watch S10
2026-09-04,09:40:59,14.69,Alistair's Apple Watch S10
2026-09-04,09:41:18,14.69,Alistair's Apple Watch S10
2026-09-04,09:41:41,14.69,Alistair's Apple Watch S10
2026-09-04,09:41:57,14.69,Alistair's Apple Watch S10
2026-09-04,09:42:14,14.69,Alistair's Apple Watch S10
2026-09-04,09:42:37,14.69,Alistair's Apple Watch S10
2026-09-04,09:42:56,14.69,Alistair's Apple Watch S10
2026-09-04,09:43:25,14.69,Alistair's Apple Watch S10
2026-09-04,09:43:42,14.69,Alistair's Apple Watch S10
2026-09-04,09:44:03,14.69,Alistair's Apple Watch S10
2026-09-04,09:44:18,14.69,Alistair's Apple Watch S10
2026-09-04,09:44:36,14.69,Alistair's Apple Watch S10
2026-09-04,09:44:56,14.69,Alistair's Apple Watch S10
2026-09-04,09:45:12,14.69,Alistair's Apple Watch S10
2026-09-04,09:45:52,14.69,Alistair's Apple Watch S10
2026-09-04,09:46:09,14.69,Alistair's Apple Watch S10
2026-09-04,09:46:25,14.69,Alistair's Apple Watch S10
2026-09-04,09:46:43,14.69,Alistair's Apple Watch S10
2026-09-04,09:46:58,14.69,Alistair's Apple Watch S10
2026-09-04,09:47:13,14.69,Alistair's Apple Watch S10
2026-09-04,09:47:31,14.69,Alistair's Apple Watch S10
2026-09-04,09:47:47,14.69,Alistair's Apple Watch S10
2026-09-04,09:48:05,14.79,Alistair's Apple Watch S10
2026-09-05,08:22:06,23.71,Alistair's Apple Watch S10
2026-09-05,08:22:11,11.98,Alistair's Apple Watch S10
2026-09-05,08:22:11,12.74,Alistair's Apple Watch S10
2026-09-05,08:22:59,14.19,Alistair's Apple Watch S10
2026-09-05,08:23:37,14.19,Alistair's Apple Watch S10
2026-09-05,08:23:55,14.19,Alistair's Apple Watch S10
2026-09-05,08:24:10,14.09,Alistair's Apple Watch S10
2026-09-05,08:24:28,14.09,Alistair's Apple Watch S10
2026-09-05,08:24:47,14.09,Alistair's Apple Watch S10
2026-09-05,08:25:02,14.09,Alistair's Apple Watch S10
2026-09-05,08:25:25,14.09,Alistair's Apple Watch S10
2026-09-05,08:26:02,14.09,Alistair's Apple Watch S10
2026-09-05,08:26:18,14.09,Alistair's Apple Watch S10
2026-09-05,08:26:38,13.99,Alistair's Apple Watch S10
2026-09-05,08:26:53,13.99,Alistair's Apple Watch S10
2026-09-05,08:27:11,14.09,Alistair's Apple Watch S10
2026-09-05,08:27:29,13.99,Alistair's Apple Watch S10
2026-09-05,08:27:46,13.99,Alistair's Apple Watch S10
2026-09-05,08:28:01,13.99,Alistair's Apple Watch S10
2026-09-05,08:29:00,13.89,Alistair's Apple Watch S10
2026-09-05,08:29:16,13.89,Alistair's Apple Watch S10
2026-09-05,08:29:36,13.99,Alistair's Apple Watch S10
2026-09-05,08:29:51,13.99,Alistair's Apple Watch S10
2026-09-05,08:30:07,13.99,Alistair's Apple Watch S10
2026-09-05,08:30:27,13.99,Alistair's Apple Watch S10
2026-09-05,08:30:44,14.09,Alistair's Apple Watch S10
2026-09-05,08:30:59,14.09,Alistair's Apple Watch S10
2026-09-05,08:31:14,14.09,Alistair's Apple Watch S10
2026-09-05,08:31:39,14.09,Alistair's Apple Watch S10
2026-09-05,08:31:55,13.99,Alistair's Apple Watch S10
2026-09-05,08:32:21,14.09,Alistair's Apple Watch S10
2026-09-05,08:32:36,14.09,Alistair's Apple Watch S10
2026-09-05,08:32:55,13.99,Alistair's Apple Watch S10
2026-09-05,08:33:36,14.09,Alistair's Apple Watch S10
2026-09-05,08:33:55,14.09,Alistair's Apple Watch S10
2026-09-05,08:34:12,14.09,Alistair's Apple Watch S10
2026-09-05,08:34:30,14.09,Alistair's Apple Watch S10
2026-09-05,08:34:45,14.09,Alistair's Apple Watch S10
2026-09-05,08:35:06,14.09,Alistair's Apple Watch S10
2026-09-05,08:35:24,14.09,Alistair's Apple Watch S10
2026-09-05,08:35:39,14.09,Alistair's Apple Watch S10
2026-09-05,08:35:55,14.09,Alistair's Apple Watch S10
2026-09-05,08:36:14,14.09,Alistair's Apple Watch S10
2026-09-05,08:36:29,14.09,Alistair's Apple Watch S10
2026-09-05,08:36:47,14.09,Alistair's Apple Watch S10
2026-09-05,08:37:08,14.09,Alistair's Apple Watch S10
2026-09-05,08:37:26,13.99,Alistair's Apple Watch S10
2026-09-05,08:37:42,13.99,Alistair's Apple Watch S10
2026-09-05,08:38:02,13.99,Alistair's Apple Watch S10
2026-09-05,08:38:28,13.89,Alistair's Apple Watch S10
2026-09-05,08:38:44,13.79,Alistair's Apple Watch S10
2026-09-05,08:39:01,13.79,Alistair's Apple Watch S10
2026-09-05,08:39:23,13.99,Alistair's Apple Watch S10
2026-09-05,08:39:42,13.89,Alistair's Apple Watch S10
2026-09-05,08:39:57,13.79,Alistair's Apple Watch S10
2026-09-05,08:40:13,13.89,Alistair's Apple Watch S10
2026-09-05,08:40:52,13.99,Alistair's Apple Watch S10
2026-09-05,08:41:17,13.99,Alistair's Apple Watch S10
2026-09-05,08:41:36,14.09,Alistair's Apple Watch S10
2026-09-05,08:41:53,14.09,Alistair's Apple Watch S10
2026-09-05,08:42:08,14.09,Alistair's Apple Watch S10
2026-09-05,08:42:23,14.09,Alistair's Apple Watch S10
2026-09-05,08:42:43,14.09,Alistair's Apple Watch S10
2026-09-05,08:43:01,14.09,Alistair's Apple Watch S10
2026-09-05,08:43:18,14.09,Alistair's Apple Watch S10
2026-09-05,08:43:37,14.09,Alistair's Apple Watch S10
2026-09-05,08:43:54,14.09,Alistair's Apple Watch S10
2026-09-05,08:44:23,14.09,Alistair's Apple Watch S10
2026-09-05,08:44:42,13.99,Alistair's Apple Watch S10
2026-09-05,08:46:01,13.99,Alistair's Apple Watch S10
2026-09-05,08:46:26,13.99,Alistair's Apple Watch S10
2026-09-05,08:47:10,13.99,Alistair's Apple Watch S10
2026-09-05,08:47:26,13.89,Alistair's Apple Watch S10
2026-09-05,08:47:51,13.79,Alistair's Apple Watch S10
2026-09-05,08:48:19,13.69,Alistair's Apple Watch S10
2026-09-05,08:48:36,13.79,Alistair's Apple Watch S10
2026-09-05,08:48:57,13.89,Alistair's Apple Watch S10
2026-09-05,08:49:13,13.89,Alistair's Apple Watch S10
2026-09-05,08:49:31,13.89,Alistair's Apple Watch S10
2026-09-05,08:49:48,13.79,Alistair's Apple Watch S10
2026-09-05,08:50:08,13.89,Alistair's Apple Watch S10
2026-09-05,18:09:26,18.19,Alistair's Apple Watch S10
2026-09-05,18:09:26,27.91,Alistair's Apple Watch S10
2026-09-05,18:09:33,14.57,Alistair's Apple Watch S10
2026-09-05,18:09:56,15.69,Alistair's Apple Watch S10
2026-09-05,18:10:12,15.69,Alistair's Apple Watch S10
2026-09-05,18:10:27,15.69,Alistair's Apple Watch S10
2026-09-05,18:10:48,15.59,Alistair's Apple Watch S10
2026-09-05,18:11:04,15.49,Alistair's Apple Watch S10
2026-09-05,18:11:21,15.39,Alistair's Apple Watch S10
2026-09-05,18:11:40,15.39,Alistair's Apple Watch S10
2026-09-05,18:11:55,15.39,Alistair's Apple Watch S10
2026-09-05,18:12:10,15.39,Alistair's Apple Watch S10
2026-09-05,18:12:26,15.29,Alistair's Apple Watch S10
2026-09-05,18:12:42,15.39,Alistair's Apple Watch S10
2026-09-05,18:12:57,15.29,Alistair's Apple Watch S10
2026-09-05,18:13:12,15.29,Alistair's Apple Watch S10
2026-09-05,18:13:27,15.39,Alistair's Apple Watch S10
2026-09-05,18:13:42,15.39,Alistair's Apple Watch S10
2026-09-05,18:13:59,15.39,Alistair's Apple Watch S10
2026-09-05,18:14:16,15.39,Alistair's Apple Watch S10
2026-09-05,18:14:33,15.29,Alistair's Apple Watch S10
2026-09-05,18:14:48,15.29,Alistair's Apple Watch S10
2026-09-05,18:15:03,15.29,Alistair's Apple Watch S10
2026-09-05,18:15:21,15.29,Alistair's Apple Watch S10
2026-09-05,18:15:36,15.39,Alistair's Apple Watch S10
2026-09-05,18:15:54,15.39,Alistair's Apple Watch S10
2026-09-05,18:16:09,15.39,Alistair's Apple Watch S10
2026-09-05,18:16:28,15.39,Alistair's Apple Watch S10
2026-09-05,18:16:48,15.39,Alistair's Apple Watch S10
2026-09-05,18:17:05,15.39,Alistair's Apple Watch S10
2026-09-05,18:17:21,15.39,Alistair's Apple Watch S10
2026-09-05,18:17:50,15.49,Alistair's Apple Watch S10
2026-09-05,18:18:09,15.29,Alistair's Apple Watch S10
2026-09-05,18:18:28,15.39,Alistair's Apple Watch S10
2026-09-05,18:18:45,15.49,Alistair's Apple Watch S10
2026-09-05,18:19:00,15.39,Alistair's Apple Watch S10
2026-09-05,18:19:35,15.39,Alistair's Apple Watch S10
2026-09-05,18:20:03,15.29,Alistair's Apple Watch S10
2026-09-05,18:20:26,15.49,Alistair's Apple Watch S10
2026-09-05,18:20:43,15.29,Alistair's Apple Watch S10
2026-09-05,18:21:00,15.29,Alistair's Apple Watch S10
2026-09-05,18:21:21,15.29,Alistair's Apple Watch S10
2026-09-05,18:21:40,15.59,Alistair's Apple Watch S10
2026-09-05,18:22:03,15.49,Alistair's Apple Watch S10
2026-09-05,18:22:29,14.99,Alistair's Apple Watch S10
2026-09-05,18:22:45,14.99,Alistair's Apple Watch S10
2026-09-05,18:23:03,14.99,Alistair's Apple Watch S10
2026-09-05,18:23:19,15.09,Alistair's Apple Watch S10
2026-09-05,18:23:35,14.99,Alistair's Apple Watch S10
2026-09-05,18:23:54,14.99,Alistair's Apple Watch S10
2026-09-05,18:24:52,15.39,Alistair's Apple Watch S10
2026-09-05,18:25:20,15.29,Alistair's Apple Watch S10
2026-09-05,18:25:48,15.39,Alistair's Apple Watch S10
2026-09-05,18:26:33,15.29,Alistair's Apple Watch S10
2026-09-05,18:26:50,15.49,Alistair's Apple Watch S10
2026-09-05,18:27:05,15.49,Alistair's Apple Watch S10
2026-09-05,18:27:22,15.59,Alistair's Apple Watch S10
2026-09-05,18:27:37,15.49,Alistair's Apple Watch S10
2026-09-05,18:27:54,15.49,Alistair's Apple Watch S10
2026-09-05,18:28:18,15.49,Alistair's Apple Watch S10
2026-09-05,18:28:38,15.49,Alistair's Apple Watch S10
2026-09-05,18:28:58,15.49,Alistair's Apple Watch S10
2026-09-05,18:29:15,15.49,Alistair's Apple Watch S10
2026-09-05,18:29:31,15.49,Alistair's Apple Watch S10
2026-09-06,11:26:40,23.83,Alistair's Apple Watch S10
2026-09-06,11:27:12,14.91,Alistair's Apple Watch S10
2026-09-06,11:28:18,14.59,Alistair's Apple Watch S10
2026-09-06,11:28:37,14.69,Alistair's Apple Watch S10
2026-09-06,11:29:02,14.89,Alistair's Apple Watch S10
2026-09-06,11:29:19,14.69,Alistair's Apple Watch S10
2026-09-06,11:29:35,14.59,Alistair's Apple Watch S10
2026-09-06,11:30:00,14.79,Alistair's Apple Watch S10
2026-09-06,11:30:31,14.59,Alistair's Apple Watch S10
2026-09-06,11:30:48,14.49,Alistair's Apple Watch S10
2026-09-06,11:31:06,14.49,Alistair's Apple Watch S10
2026-09-06,11:31:24,14.49,Alistair's Apple Watch S10
2026-09-06,11:31:40,14.39,Alistair's Apple Watch S10
2026-09-06,11:32:09,14.39,Alistair's Apple Watch S10
2026-09-06,11:32:26,14.39,Alistair's Apple Watch S10
2026-09-06,11:32:43,14.39,Alistair's Apple Watch S10
2026-09-06,11:33:00,14.39,Alistair's Apple Watch S10
2026-09-06,11:33:17,14.39,Alistair's Apple Watch S10
2026-09-06,11:33:36,14.39,Alistair's Apple Watch S10
2026-09-06,11:33:53,14.39,Alistair's Apple Watch S10
2026-09-06,11:34:25,14.79,Alistair's Apple Watch S10
2026-09-06,11:34:44,14.89,Alistair's Apple Watch S10
2026-09-06,11:35:03,15.09,Alistair's Apple Watch S10
2026-09-06,11:35:24,14.89,Alistair's Apple Watch S10
2026-09-06,11:35:28,14.39,Alistair's Apple Watch S10
2026-09-06,11:35:48,14.29,Alistair's Apple Watch S10
2026-09-06,11:36:09,14.29,Alistair's Apple Watch S10
2026-09-06,11:36:35,14.19,Alistair's Apple Watch S10
2026-09-06,11:37:04,14.19,Alistair's Apple Watch S10
2026-09-06,11:37:20,14.19,Alistair's Apple Watch S10
2026-09-06,11:37:55,14.19,Alistair's Apple Watch S10
2026-09-06,11:38:11,14.19,Alistair's Apple Watch S10
2026-09-06,11:38:27,14.19,Alistair's Apple Watch S10
2026-09-06,11:38:53,14.19,Alistair's Apple Watch S10
2026-09-06,11:39:25,14.19,Alistair's Apple Watch S10
2026-09-06,11:39:51,14.19,Alistair's Apple Watch S10
2026-09-06,11:40:11,14.19,Alistair's Apple Watch S10
2026-09-06,11:40:30,14.19,Alistair's Apple Watch S10
2026-09-06,11:40:46,14.19,Alistair's Apple Watch S10
2026-09-06,11:41:04,14.19,Alistair's Apple Watch S10
2026-09-06,11:41:27,14.19,Alistair's Apple Watch S10
2026-09-06,11:41:44,14.19,Alistair's Apple Watch S10
2026-09-06,11:42:00,14.19,Alistair's Apple Watch S10
2026-09-06,11:42:42,14.19,Alistair's Apple Watch S10
2026-09-06,11:42:58,14.19,Alistair's Apple Watch S10
2026-09-06,11:43:15,14.29,Alistair's Apple Watch S10
2026-09-06,11:43:31,14.29,Alistair's Apple Watch S10
2026-09-06,11:43:53,14.19,Alistair's Apple Watch S10
2026-09-06,11:44:10,14.19,Alistair's Apple Watch S10
2026-09-06,11:44:28,14.19,Alistair's Apple Watch S10
2026-09-06,11:44:45,14.29,Alistair's Apple Watch S10
2026-09-06,11:45:03,14.29,Alistair's Apple Watch S10
2026-09-06,11:45:23,14.29,Alistair's Apple Watch S10
2026-09-06,11:45:40,14.19,Alistair's Apple Watch S10
2026-09-06,11:45:55,14.29,Alistair's Apple Watch S10
2026-09-06,11:46:12,14.19,Alistair's Apple Watch S10
2026-09-06,11:46:36,14.29,Alistair's Apple Watch S10
2026-09-06,11:46:53,14.29,Alistair's Apple Watch S10
2026-09-06,11:47:08,14.29,Alistair's Apple Watch S10
2026-09-06,11:47:27,14.19,Alistair's Apple Watch S10
2026-09-06,11:47:43,14.19,Alistair's Apple Watch S10
2026-09-06,11:48:03,14.19,Alistair's Apple Watch S10
2026-09-06,11:48:24,14.19,Alistair's Apple Watch S10
2026-09-06,11:48:39,14.19,Alistair's Apple Watch S10
2026-09-06,11:48:55,14.19,Alistair's Apple Watch S10
2026-09-06,11:49:17,14.19,Alistair's Apple Watch S10
2026-09-06,11:49:34,14.19,Alistair's Apple Watch S10
2026-09-06,11:49:50,14.19,Alistair's Apple Watch S10
2026-09-06,11:50:09,14.19,Alistair's Apple Watch S10
2026-09-06,11:50:24,14.19,Alistair's Apple Watch S10
2026-09-06,11:50:41,14.19,Alistair's Apple Watch S10
2026-09-06,11:50:58,14.19,Alistair's Apple Watch S10
2026-09-06,11:51:14,14.19,Alistair's Apple Watch S10
2026-09-06,11:51:29,14.29,Alistair's Apple Watch S10
2026-09-06,11:51:44,14.29,Alistair's Apple Watch S10
2026-09-06,11:52:02,14.19,Alistair's Apple Watch S10
2026-09-06,11:52:23,14.29,Alistair's Apple Watch S10
2026-09-06,11:52:40,14.29,Alistair's Apple Watch S10
2026-09-06,11:52:55,14.29,Alistair's Apple Watch S10
2026-09-06,11:53:11,14.29,Alistair's Apple Watch S10
2026-09-06,11:53:27,14.29,Alistair's Apple Watch S10
2026-09-09,19:24:26,14.41,Alistair's Apple Watch S10
2026-09-09,19:24:41,14.09,Alistair's Apple Watch S10
2026-09-09,19:25:00,14.09,Alistair's Apple Watch S10
2026-09-09,19:25:17,14.09,Alistair's Apple Watch S10
2026-09-09,19:25:39,14.09,Alistair's Apple Watch S10
2026-09-09,19:25:55,14.09,Alistair's Apple Watch S10
2026-09-09,19:26:11,14.09,Alistair's Apple Watch S10
2026-09-09,19:26:31,14.09,Alistair's Apple Watch S10
2026-09-09,19:26:48,14.09,Alistair's Apple Watch S10
2026-09-09,19:27:05,14.09,Alistair's Apple Watch S10
2026-09-09,19:27:27,13.99,Alistair's Apple Watch S10
2026-09-09,19:27:42,14.09,Alistair's Apple Watch S10
2026-09-09,19:28:00,13.99,Alistair's Apple Watch S10
2026-09-09,19:28:15,13.99,Alistair's Apple Watch S10
2026-09-09,19:28:32,13.99,Alistair's Apple Watch S10
2026-09-09,19:28:50,13.99,Alistair's Apple Watch S10
2026-09-09,19:29:13,14.09,Alistair's Apple Watch S10
2026-09-09,19:29:29,14.09,Alistair's Apple Watch S10
2026-09-09,19:29:45,13.99,Alistair's Apple Watch S10
2026-09-09,19:30:03,13.99,Alistair's Apple Watch S10
2026-09-09,19:30:20,14.09,Alistair's Apple Watch S10
2026-09-09,19:30:35,14.09,Alistair's Apple Watch S10
2026-09-09,19:30:57,14.09,Alistair's Apple Watch S10
2026-09-09,19:31:19,13.99,Alistair's Apple Watch S10
2026-09-09,19:31:36,14.09,Alistair's Apple Watch S10
2026-09-09,19:31:54,14.09,Alistair's Apple Watch S10
2026-09-09,19:32:13,13.99,Alistair's Apple Watch S10
2026-09-09,19:32:41,13.99,Alistair's Apple Watch S10
2026-09-09,19:32:59,13.99,Alistair's Apple Watch S10
2026-09-09,19:33:17,14.09,Alistair's Apple Watch S10
2026-09-10,09:37:17,21.31,Alistair's Apple Watch S10
2026-09-10,09:37:45,13.59,Alistair's Apple Watch S10
2026-09-10,09:38:13,14.69,Alistair's Apple Watch S10
2026-09-10,09:38:14,13.71,Alistair's Apple Watch S10
2026-09-10,09:38:32,13.49,Alistair's Apple Watch S10
2026-09-10,09:39:00,13.39,Alistair's Apple Watch S10
2026-09-10,09:39:18,13.39,Alistair's Apple Watch S10
2026-09-10,09:39:38,13.39,Alistair's Apple Watch S10
2026-09-10,09:39:57,13.39,Alistair's Apple Watch S10
2026-09-10,09:40:14,13.39,Alistair's Apple Watch S10
2026-09-10,09:40:31,13.39,Alistair's Apple Watch S10
2026-09-10,09:40:47,13.39,Alistair's Apple Watch S10
2026-09-10,09:41:06,13.39,Alistair's Apple Watch S10
2026-09-10,09:41:24,13.39,Alistair's Apple Watch S10
2026-09-10,09:41:43,13.39,Alistair's Apple Watch S10
2026-09-10,09:42:04,13.39,Alistair's Apple Watch S10
2026-09-10,09:42:23,13.29,Alistair's Apple Watch S10
2026-09-10,09:42:39,13.29,Alistair's Apple Watch S10
2026-09-10,09:42:54,13.39,Alistair's Apple Watch S10
2026-09-10,09:43:10,13.39,Alistair's Apple Watch S10
2026-09-10,09:43:25,13.39,Alistair's Apple Watch S10
2026-09-10,09:43:40,13.29,Alistair's Apple Watch S10
2026-09-10,09:43:57,13.39,Alistair's Apple Watch S10
2026-09-10,09:44:28,13.49,Alistair's Apple Watch S10
2026-09-10,09:44:45,13.29,Alistair's Apple Watch S10
2026-09-10,09:45:00,13.39,Alistair's Apple Watch S10
2026-09-10,09:45:21,13.49,Alistair's Apple Watch S10
2026-09-10,09:45:36,13.49,Alistair's Apple Watch S10
2026-09-10,09:45:52,13.49,Alistair's Apple Watch S10
2026-09-10,09:46:08,13.49,Alistair's Apple Watch S10
2026-09-10,09:46:27,13.49,Alistair's Apple Watch S10
2026-09-10,09:46:42,13.49,Alistair's Apple Watch S10
2026-09-10,09:47:02,13.49,Alistair's Apple Watch S10
2026-09-10,09:47:18,13.49,Alistair's Apple Watch S10
2026-09-10,09:47:37,13.59,Alistair's Apple Watch S10
2026-09-10,09:47:53,13.59,Alistair's Apple Watch S10
2026-09-10,09:48:12,13.49,Alistair's Apple Watch S10
2026-09-10,09:48:32,13.49,Alistair's Apple Watch S10
2026-09-10,09:48:48,13.49,Alistair's Apple Watch S10
2026-09-10,09:49:07,13.39,Alistair's Apple Watch S10
2026-09-10,09:49:24,13.29,Alistair's Apple Watch S10
2026-09-10,09:50:00,13.39,Alistair's Apple Watch S10
2026-09-10,09:50:16,13.39,Alistair's Apple Watch S10
2026-09-10,09:50:32,13.39,Alistair's Apple Watch S10
2026-09-10,09:50:52,13.29,Alistair's Apple Watch S10
2026-09-10,09:51:10,13.39,Alistair's Apple Watch S10
2026-09-10,09:51:26,13.39,Alistair's Apple Watch S10
2026-09-10,09:51:41,13.39,Alistair's Apple Watch S10
2026-09-10,09:52:00,13.39,Alistair's Apple Watch S10
2026-09-10,09:52:43,13.49,Alistair's Apple Watch S10
2026-09-10,09:52:59,13.49,Alistair's Apple Watch S10
2026-09-10,09:53:42,13.69,Alistair's Apple Watch S10
2026-09-10,09:54:01,13.39,Alistair's Apple Watch S10
2026-09-10,09:54:24,13.39,Alistair's Apple Watch S10
2026-09-10,09:54:51,13.39,Alistair's Apple Watch S10
2026-09-11,11:27:41,23.71,Alistair's Apple Watch S10
2026-09-11,11:27:41,13.47,Alistair's Apple Watch S10
2026-09-11,11:27:47,14.41,Alistair's Apple Watch S10
2026-09-11,11:28:02,14.59,Alistair's Apple Watch S10
2026-09-11,11:28:17,14.59,Alistair's Apple Watch S10
2026-09-11,11:28:35,14.39,Alistair's Apple Watch S10
2026-09-11,11:28:50,14.49,Alistair's Apple Watch S10
2026-09-11,11:29:14,14.59,Alistair's Apple Watch S10
2026-09-11,11:29:31,14.59,Alistair's Apple Watch S10
2026-09-11,11:29:48,14.29,Alistair's Apple Watch S10
2026-09-11,11:30:06,14.29,Alistair's Apple Watch S10
2026-09-11,11:30:24,14.29,Alistair's Apple Watch S10
2026-09-11,11:30:43,14.29,Alistair's Apple Watch S10
2026-09-11,11:31:00,14.29,Alistair's Apple Watch S10
2026-09-11,11:31:29,14.29,Alistair's Apple Watch S10
2026-09-11,11:31:50,14.29,Alistair's Apple Watch S10
2026-09-11,11:32:09,14.19,Alistair's Apple Watch S10
2026-09-11,11:32:25,14.19,Alistair's Apple Watch S10
2026-09-11,11:32:57,14.19,Alistair's Apple Watch S10
2026-09-11,11:33:14,14.19,Alistair's Apple Watch S10
2026-09-11,11:33:30,14.19,Alistair's Apple Watch S10
2026-09-11,11:33:48,14.19,Alistair's Apple Watch S10
2026-09-11,11:34:21,14.09,Alistair's Apple Watch S10
2026-09-11,11:34:43,14.09,Alistair's Apple Watch S10
2026-09-11,11:34:58,14.09,Alistair's Apple Watch S10
2026-09-11,11:35:46,13.99,Alistair's Apple Watch S10
2026-09-11,11:36:01,13.99,Alistair's Apple Watch S10
2026-09-11,11:36:17,13.99,Alistair's Apple Watch S10
2026-09-11,11:36:32,13.99,Alistair's Apple Watch S10
2026-09-11,11:37:01,13.99,Alistair's Apple Watch S10
2026-09-11,11:37:21,13.99,Alistair's Apple Watch S10
2026-09-11,11:37:39,14.19,Alistair's Apple Watch S10
2026-09-11,11:37:56,14.09,Alistair's Apple Watch S10
2026-09-11,11:38:13,14.09,Alistair's Apple Watch S10
2026-09-11,11:38:29,13.99,Alistair's Apple Watch S10
2026-09-11,11:38:45,14.09,Alistair's Apple Watch S10
2026-09-11,11:39:03,14.19,Alistair's Apple Watch S10
2026-09-11,11:39:19,14.19,Alistair's Apple Watch S10
2026-09-11,11:39:34,14.09,Alistair's Apple Watch S10
2026-09-11,11:39:57,13.99,Alistair's Apple Watch S10
2026-09-11,11:40:19,13.99,Alistair's Apple Watch S10
2026-09-11,11:40:34,13.99,Alistair's Apple Watch S10
2026-09-11,11:40:50,13.99,Alistair's Apple Watch S10
2026-09-11,11:41:06,13.99,Alistair's Apple Watch S10
2026-09-11,11:41:22,13.99,Alistair's Apple Watch S10
2026-09-11,11:42:02,13.99,Alistair's Apple Watch S10
2026-09-11,11:42:18,13.99,Alistair's Apple Watch S10
2026-09-11,11:42:46,14.09,Alistair's Apple Watch S10
2026-09-11,11:43:06,14.09,Alistair's Apple Watch S10
2026-09-11,11:43:33,14.09,Alistair's Apple Watch S10
2026-09-11,11:43:48,14.09,Alistair's Apple Watch S10
2026-09-11,11:44:05,14.19,Alistair's Apple Watch S10
2026-09-11,11:44:26,14.19,Alistair's Apple Watch S10
2026-09-11,11:44:46,14.29,Alistair's Apple Watch S10
2026-09-11,11:45:01,14.29,Alistair's Apple Watch S10
2026-09-11,11:45:18,14.39,Alistair's Apple Watch S10
2026-09-11,11:45:40,14.29,Alistair's Apple Watch S10
2026-09-11,11:45:55,14.29,Alistair's Apple Watch S10
2026-09-11,11:46:12,14.29,Alistair's Apple Watch S10
2026-09-11,11:46:27,14.29,Alistair's Apple Watch S10
2026-09-11,11:46:44,14.29,Alistair's Apple Watch S10
2026-09-11,11:47:07,14.29,Alistair's Apple Watch S10
2026-09-11,11:47:23,14.29,Alistair's Apple Watch S10
2026-09-11,11:47:38,14.39,Alistair's Apple Watch S10
2026-09-11,11:47:56,14.29,Alistair's Apple Watch S10
2026-09-11,11:48:11,14.39,Alistair's Apple Watch S10
2026-09-11,11:48:30,14.79,Alistair's Apple Watch S10
2026-09-11,11:48:35,14.29,Alistair's Apple Watch S10
2026-09-11,11:48:51,14.51,Alistair's Apple Watch S10
2026-09-12,08:26:04,20.14,Alistair's Apple Watch S10
2026-09-12,08:26:09,13.18,Alistair's Apple Watch S10
2026-09-12,08:26:10,13.88,Alistair's Apple Watch S10
2026-09-12,08:26:26,13.79,Alistair's Apple Watch S10
2026-09-12,08:26:41,13.69,Alistair's Apple Watch S10
2026-09-12,08:27:14,14.21,Alistair's Apple Watch S10
2026-09-12,08:27:55,13.59,Alistair's Apple Watch S10
2026-09-12,08:28:10,13.49,Alistair's Apple Watch S10
2026-09-12,08:28:26,13.49,Alistair's Apple Watch S10
2026-09-12,08:28:54,14.09,Alistair's Apple Watch S10
2026-09-12,08:28:56,13.51,Alistair's Apple Watch S10
2026-09-12,08:29:13,13.39,Alistair's Apple Watch S10
2026-09-12,08:29:31,13.49,Alistair's Apple Watch S10
2026-09-12,08:29:53,13.49,Alistair's Apple Watch S10
2026-09-12,08:30:09,13.49,Alistair's Apple Watch S10
2026-09-12,08:30:28,13.49,Alistair's Apple Watch S10
2026-09-12,08:30:50,13.69,Alistair's Apple Watch S10
2026-09-12,08:31:09,13.49,Alistair's Apple Watch S10
2026-09-12,08:31:26,13.49,Alistair's Apple Watch S10
2026-09-12,08:31:43,13.69,Alistair's Apple Watch S10
2026-09-12,08:31:59,13.49,Alistair's Apple Watch S10
2026-09-12,08:32:22,13.49,Alistair's Apple Watch S10
2026-09-12,08:32:41,13.49,Alistair's Apple Watch S10
2026-09-12,08:33:06,13.59,Alistair's Apple Watch S10
2026-09-12,08:33:22,13.49,Alistair's Apple Watch S10
2026-09-12,08:33:38,13.49,Alistair's Apple Watch S10
2026-09-12,08:33:55,13.39,Alistair's Apple Watch S10
2026-09-12,08:34:11,13.39,Alistair's Apple Watch S10
2026-09-12,08:35:02,13.71,Alistair's Apple Watch S10
2026-09-12,08:35:18,13.39,Alistair's Apple Watch S10
2026-09-12,08:35:38,13.39,Alistair's Apple Watch S10
2026-09-12,08:35:53,13.39,Alistair's Apple Watch S10
2026-09-12,08:36:13,13.49,Alistair's Apple Watch S10
2026-09-12,08:36:33,13.39,Alistair's Apple Watch S10
2026-09-12,08:36:49,13.39,Alistair's Apple Watch S10
2026-09-12,08:37:04,13.39,Alistair's Apple Watch S10
2026-09-12,08:37:29,13.59,Alistair's Apple Watch S10
2026-09-12,08:37:54,13.39,Alistair's Apple Watch S10
2026-09-12,08:38:28,13.39,Alistair's Apple Watch S10
2026-09-12,08:39:03,13.39,Alistair's Apple Watch S10
2026-09-12,08:39:20,13.39,Alistair's Apple Watch S10
2026-09-12,08:39:38,13.39,Alistair's Apple Watch S10
2026-09-12,08:39:57,13.39,Alistair's Apple Watch S10
2026-09-12,08:40:15,13.49,Alistair's Apple Watch S10
2026-09-12,08:40:36,13.59,Alistair's Apple Watch S10
2026-09-12,08:40:52,13.69,Alistair's Apple Watch S10
2026-09-12,08:41:11,13.69,Alistair's Apple Watch S10
2026-09-12,08:41:27,13.79,Alistair's Apple Watch S10
2026-09-12,08:41:57,13.69,Alistair's Apple Watch S10
2026-09-12,08:42:27,13.89,Alistair's Apple Watch S10
2026-09-12,08:42:43,13.49,Alistair's Apple Watch S10
2026-09-12,08:42:59,13.39,Alistair's Apple Watch S10
2026-09-12,08:43:16,13.39,Alistair's Apple Watch S10
2026-09-12,08:43:31,13.39,Alistair's Apple Watch S10
2026-09-12,08:43:46,13.39,Alistair's Apple Watch S10
2026-09-12,08:44:04,13.39,Alistair's Apple Watch S10
2026-09-12,08:44:23,13.39,Alistair's Apple Watch S10
2026-09-12,08:44:42,13.49,Alistair's Apple Watch S10
2026-09-12,08:44:58,13.49,Alistair's Apple Watch S10
2026-09-12,08:45:16,13.39,Alistair's Apple Watch S10
2026-09-12,08:45:33,13.39,Alistair's Apple Watch S10
2026-09-12,08:45:48,13.39,Alistair's Apple Watch S10
2026-09-12,08:46:05,13.39,Alistair's Apple Watch S10
2026-09-12,08:46:21,13.39,Alistair's Apple Watch S10
2026-09-12,08:46:41,13.39,Alistair's Apple Watch S10
2026-09-12,08:47:02,13.39,Alistair's Apple Watch S10
2026-09-12,08:47:19,13.29,Alistair's Apple Watch S10
2026-09-12,08:47:48,13.59,Alistair's Apple Watch S10
2026-09-12,08:49:05,13.69,Alistair's Apple Watch S10
2026-09-12,08:49:20,13.39,Alistair's Apple Watch S10
2026-09-12,08:49:44,13.39,Alistair's Apple Watch S10
2026-09-12,08:50:01,13.39,Alistair's Apple Watch S10
2026-09-12,08:50:19,13.39,Alistair's Apple Watch S10
2026-09-12,08:50:38,13.39,Alistair's Apple Watch S10
2026-09-12,08:50:54,13.39,Alistair's Apple Watch S10
2026-09-12,08:51:15,13.49,Alistair's Apple Watch S10
2026-09-12,08:51:42,13.59,Alistair's Apple Watch S10
2026-09-12,08:51:57,13.49,Alistair's Apple Watch S10
2026-09-12,08:52:33,13.59,Alistair's Apple Watch S10
2026-09-12,08:52:48,13.39,Alistair's Apple Watch S10
2026-09-12,08:53:07,13.39,Alistair's Apple Watch S10
2026-09-12,08:54:56,14.39,Alistair's Apple Watch S10
2026-09-12,08:55:03,13.41,Alistair's Apple Watch S10
2026-09-14,09:46:47,14.79,Alistair's Apple Watch S10
2026-09-14,09:47:05,14.39,Alistair's Apple Watch S10
2026-09-14,09:48:03,13.98,Alistair's Apple Watch S10
2026-09-14,09:48:03,17.29,Alistair's Apple Watch S10
2026-09-14,09:48:10,14.51,Alistair's Apple Watch S10
2026-09-14,09:48:29,14.29,Alistair's Apple Watch S10
2026-09-14,09:48:47,14.29,Alistair's Apple Watch S10
2026-09-14,09:49:05,14.29,Alistair's Apple Watch S10
2026-09-14,09:49:22,14.29,Alistair's Apple Watch S10
2026-09-14,09:49:38,14.29,Alistair's Apple Watch S10
2026-09-14,09:50:02,14.29,Alistair's Apple Watch S10
2026-09-14,09:50:18,14.29,Alistair's Apple Watch S10
2026-09-14,09:50:48,14.29,Alistair's Apple Watch S10
2026-09-14,09:51:07,14.29,Alistair's Apple Watch S10
2026-09-14,09:51:24,14.29,Alistair's Apple Watch S10
2026-09-14,09:51:44,14.29,Alistair's Apple Watch S10
2026-09-14,09:52:02,14.29,Alistair's Apple Watch S10
2026-09-14,09:52:35,14.29,Alistair's Apple Watch S10
2026-09-14,09:52:52,14.29,Alistair's Apple Watch S10
2026-09-14,09:53:08,14.29,Alistair's Apple Watch S10
2026-09-14,09:53:26,14.29,Alistair's Apple Watch S10
2026-09-14,09:53:44,14.29,Alistair's Apple Watch S10
2026-09-14,09:54:03,14.29,Alistair's Apple Watch S10
2026-09-14,09:54:18,14.29,Alistair's Apple Watch S10
2026-09-14,09:54:44,14.29,Alistair's Apple Watch S10
2026-09-14,09:55:02,14.29,Alistair's Apple Watch S10
2026-09-14,09:55:19,14.29,Alistair's Apple Watch S10
2026-09-14,09:55:35,14.29,Alistair's Apple Watch S10
2026-09-14,09:55:56,14.29,Alistair's Apple Watch S10
2026-09-14,09:56:13,14.29,Alistair's Apple Watch S10
2026-09-14,09:56:29,14.29,Alistair's Apple Watch S10
2026-09-14,09:56:53,14.29,Alistair's Apple Watch S10
2026-09-14,09:57:17,14.29,Alistair's Apple Watch S10
2026-09-14,09:57:38,14.29,Alistair's Apple Watch S10
2026-09-14,09:57:55,14.29,Alistair's Apple Watch S10
2026-09-14,09:58:11,14.29,Alistair's Apple Watch S10
2026-09-14,09:58:33,14.29,Alistair's Apple Watch S10
2026-09-14,09:58:49,14.29,Alistair's Apple Watch S10
2026-09-14,09:59:05,14.29,Alistair's Apple Watch S10
2026-09-14,09:59:20,14.29,Alistair's Apple Watch S10
2026-09-14,09:59:35,14.29,Alistair's Apple Watch S10
2026-09-14,09:59:52,14.29,Alistair's Apple Watch S10
2026-09-14,10:00:22,14.29,Alistair's Apple Watch S10
2026-09-14,10:00:41,14.29,Alistair's Apple Watch S10
2026-09-14,10:00:58,14.39,Alistair's Apple Watch S10
2026-09-14,10:01:14,14.29,Alistair's Apple Watch S10
2026-09-14,10:01:30,14.29,Alistair's Apple Watch S10
2026-09-14,10:01:48,14.39,Alistair's Apple Watch S10
2026-09-14,10:02:04,14.39,Alistair's Apple Watch S10
2026-09-14,10:02:40,14.29,Alistair's Apple Watch S10
2026-09-14,10:03:11,14.29,Alistair's Apple Watch S10
2026-09-14,10:03:27,14.29,Alistair's Apple Watch S10
2026-09-14,10:03:42,14.29,Alistair's Apple Watch S10
2026-09-14,10:04:15,14.29,Alistair's Apple Watch S10
2026-09-14,10:04:31,14.29,Alistair's Apple Watch S10
2026-09-14,10:05:00,14.29,Alistair's Apple Watch S10
2026-09-14,10:05:16,14.29,Alistair's Apple Watch S10
2026-09-14,10:05:32,14.29,Alistair's Apple Watch S10
2026-09-14,10:06:05,14.29,Alistair's Apple Watch S10
2026-09-14,10:06:20,14.29,Alistair's Apple Watch S10
2026-09-14,10:06:36,14.39,Alistair's Apple Watch S10
2026-09-14,10:06:53,14.29,Alistair's Apple Watch S10
2026-09-14,10:07:11,14.29,Alistair's Apple Watch S10
2026-09-14,10:07:27,14.29,Alistair's Apple Watch S10
2026-09-14,10:07:44,14.29,Alistair's Apple Watch S10
2026-09-14,10:08:01,14.29,Alistair's Apple Watch S10
2026-09-14,10:08:19,14.29,Alistair's Apple Watch S10
2026-09-14,10:08:34,14.29,Alistair's Apple Watch S10
2026-09-14,10:08:50,14.29,Alistair's Apple Watch S10
2026-09-14,10:09:05,14.29,Alistair's Apple Watch S10
2026-09-14,10:09:21,14.29,Alistair's Apple Watch S10
2026-09-14,10:09:42,14.29,Alistair's Apple Watch S10
2026-09-14,10:10:12,14.29,Alistair's Apple Watch S10
2026-09-14,10:10:33,14.29,Alistair's Apple Watch S10
2026-09-14,10:10:55,14.29,Alistair's Apple Watch S10
2026-09-14,10:11:12,14.29,Alistair's Apple Watch S10
2026-09-14,10:11:28,14.29,Alistair's Apple Watch S10
2026-09-14,10:11:44,14.29,Alistair's Apple Watch S10
2026-09-14,10:12:03,14.29,Alistair's Apple Watch S10
2026-09-14,10:12:19,14.29,Alistair's Apple Watch S10
2026-09-14,10:12:34,14.29,Alistair's Apple Watch S10
2026-09-14,10:12:49,14.29,Alistair's Apple Watch S10
2026-09-14,10:13:16,14.29,Alistair's Apple Watch S10
2026-09-14,10:13:33,14.29,Alistair's Apple Watch S10
2026-09-14,10:14:21,14.29,Alistair's Apple Watch S10
2026-09-14,10:14:37,14.29,Alistair's Apple Watch S10
2026-09-14,10:14:54,14.19,Alistair's Apple Watch S10
2026-09-14,10:15:12,14.29,Alistair's Apple Watch S10
2026-09-14,10:15:28,14.29,Alistair's Apple Watch S10
2026-09-14,10:15:49,14.19,Alistair's Apple Watch S10
2026-09-14,10:16:06,14.19,Alistair's Apple Watch S10
2026-09-14,10:16:28,14.19,Alistair's Apple Watch S10
2026-09-14,10:16:45,14.19,Alistair's Apple Watch S10
2026-09-14,10:17:01,14.19,Alistair's Apple Watch S10
2026-09-14,10:17:24,14.19,Alistair's Apple Watch S10
2026-09-14,10:17:43,14.19,Alistair's Apple Watch S10
2026-09-14,10:17:59,14.19,Alistair's Apple Watch S10
2026-09-14,10:18:18,14.19,Alistair's Apple Watch S10
2026-09-14,10:18:38,14.19,Alistair's Apple Watch S10
2026-09-14,10:18:54,14.19,Alistair's Apple Watch S10
2026-09-14,10:19:17,14.19,Alistair's Apple Watch S10
2026-09-14,10:19:38,14.19,Alistair's Apple Watch S10
2026-09-14,10:19:53,14.19,Alistair's Apple Watch S10
2026-09-14,10:20:15,14.19,Alistair's Apple Watch S10
2026-09-14,10:20:34,14.19,Alistair's Apple Watch S10
2026-09-14,10:20:53,14.19,Alistair's Apple Watch S10
2026-09-14,10:21:08,14.19,Alistair's Apple Watch S10
2026-09-14,10:21:35,14.09,Alistair's Apple Watch S10
2026-09-14,10:22:02,14.19,Alistair's Apple Watch S10
2026-09-14,10:22:19,14.19,Alistair's Apple Watch S10
2026-09-14,10:22:37,14.09,Alistair's Apple Watch S10
2026-09-14,10:22:53,14.09,Alistair's Apple Watch S10
2026-09-14,10:23:25,14.19,Alistair's Apple Watch S10
2026-09-14,10:23:41,14.09,Alistair's Apple Watch S10
2026-09-14,10:24:03,14.09,Alistair's Apple Watch S10
2026-09-14,10:24:25,14.09,Alistair's Apple Watch S10
2026-09-14,10:24:42,14.09,Alistair's Apple Watch S10
2026-09-14,10:24:58,14.09,Alistair's Apple Watch S10
2026-09-14,10:25:19,14.09,Alistair's Apple Watch S10
2026-09-14,10:25:36,14.19,Alistair's Apple Watch S10
2026-09-14,10:25:52,14.19,Alistair's Apple Watch S10
2026-09-14,10:26:10,14.09,Alistair's Apple Watch S10
2026-09-14,10:26:28,14.09,Alistair's Apple Watch S10
2026-09-14,10:26:44,14.19,Alistair's Apple Watch S10
2026-09-14,10:27:01,14.09,Alistair's Apple Watch S10
2026-09-14,10:27:20,14.19,Alistair's Apple Watch S10
2026-09-14,10:27:37,14.19,Alistair's Apple Watch S10
2026-09-14,10:28:10,14.19,Alistair's Apple Watch S10
2026-09-14,10:28:25,14.19,Alistair's Apple Watch S10
2026-09-14,10:28:41,14.19,Alistair's Apple Watch S10
2026-09-14,10:29:15,14.19,Alistair's Apple Watch S10
2026-09-14,10:29:45,14.19,Alistair's Apple Watch S10
2026-09-14,10:30:04,14.19,Alistair's Apple Watch S10
2026-09-14,10:30:37,14.19,Alistair's Apple Watch S10
2026-09-14,10:30:52,14.19,Alistair's Apple Watch S10
2026-09-14,10:31:15,14.49,Alistair's Apple Watch S10
2026-09-14,10:31:31,14.71,Alistair's Apple Watch S10
2026-09-14,10:32:18,16.11,Alistair's Apple Watch S10
2026-09-14,10:32:24,13.98,Alistair's Apple Watch S10
2026-09-14,10:32:41,14.29,Alistair's Apple Watch S10
2026-09-14,10:33:01,14.29,Alistair's Apple Watch S10
2026-09-14,10:33:36,14.29,Alistair's Apple Watch S10
2026-09-16,19:00:41,15.19,Alistair's Apple Watch S10
2026-09-16,19:00:59,14.79,Alistair's Apple Watch S10
2026-09-16,19:01:14,14.79,Alistair's Apple Watch S10
2026-09-16,19:01:29,14.79,Alistair's Apple Watch S10
2026-09-16,19:01:46,14.59,Alistair's Apple Watch S10
2026-09-16,19:02:07,14.59,Alistair's Apple Watch S10
2026-09-16,19:02:28,14.69,Alistair's Apple Watch S10
2026-09-16,19:02:50,14.69,Alistair's Apple Watch S10
2026-09-16,19:03:07,14.69,Alistair's Apple Watch S10
2026-09-16,19:03:27,14.59,Alistair's Apple Watch S10
2026-09-16,19:03:52,14.59,Alistair's Apple Watch S10
2026-09-16,19:04:13,14.59,Alistair's Apple Watch S10
2026-09-16,19:04:29,14.59,Alistair's Apple Watch S10
2026-09-16,19:04:45,14.59,Alistair's Apple Watch S10
2026-09-16,19:05:05,14.49,Alistair's Apple Watch S10
2026-09-16,19:05:21,14.49,Alistair's Apple Watch S10
2026-09-16,19:05:37,14.49,Alistair's Apple Watch S10
2026-09-16,19:05:55,14.49,Alistair's Apple Watch S10
2026-09-16,19:06:18,14.49,Alistair's Apple Watch S10
2026-09-16,19:06:35,14.49,Alistair's Apple Watch S10
2026-09-16,19:06:53,14.49,Alistair's Apple Watch S10
2026-09-16,19:07:19,14.49,Alistair's Apple Watch S10
2026-09-16,19:07:35,14.59,Alistair's Apple Watch S10
2026-09-16,19:07:55,14.59,Alistair's Apple Watch S10
2026-09-16,19:08:10,14.69,Alistair's Apple Watch S10
2026-09-16,19:08:40,14.69,Alistair's Apple Watch S10
2026-09-16,19:08:58,14.59,Alistair's Apple Watch S10
2026-09-16,19:09:16,14.59,Alistair's Apple Watch S10
2026-09-16,19:09:34,14.69,Alistair's Apple Watch S10
2026-09-16,19:09:53,14.69,Alistair's Apple Watch S10
2026-09-16,19:10:08,14.69,Alistair's Apple Watch S10
2026-09-16,19:10:27,14.69,Alistair's Apple Watch S10
2026-09-16,19:10:44,14.69,Alistair's Apple Watch S10
2026-09-16,19:10:59,14.79,Alistair's Apple Watch S10
2026-09-16,19:11:15,14.69,Alistair's Apple Watch S10
2026-09-16,19:11:33,14.69,Alistair's Apple Watch S10
2026-09-16,19:11:50,14.79,Alistair's Apple Watch S10
2026-09-16,19:12:31,14.59,Alistair's Apple Watch S10
2026-09-16,19:12:46,14.59,Alistair's Apple Watch S10
2026-09-16,19:13:04,14.59,Alistair's Apple Watch S10
2026-09-16,19:13:21,14.59,Alistair's Apple Watch S10
2026-09-16,19:13:37,14.59,Alistair's Apple Watch S10
2026-09-16,19:13:54,14.49,Alistair's Apple Watch S10
2026-09-16,19:14:26,14.49,Alistair's Apple Watch S10
2026-09-16,19:14:45,14.49,Alistair's Apple Watch S10
2026-09-16,19:15:01,14.49,Alistair's Apple Watch S10
2026-09-16,19:15:23,14.49,Alistair's Apple Watch S10
2026-09-16,19:15:38,14.49,Alistair's Apple Watch S10
2026-09-16,19:15:59,14.49,Alistair's Apple Watch S10
2026-09-16,19:16:15,14.49,Alistair's Apple Watch S10
2026-09-16,19:16:36,14.49,Alistair's Apple Watch S10
2026-09-16,19:16:59,14.49,Alistair's Apple Watch S10
2026-09-16,19:17:28,14.49,Alistair's Apple Watch S10
2026-09-16,19:17:46,14.59,Alistair's Apple Watch S10
2026-09-16,19:18:03,14.49,Alistair's Apple Watch S10
2026-09-16,19:18:18,14.49,Alistair's Apple Watch S10
2026-09-16,19:18:44,14.49,Alistair's Apple Watch S10
2026-09-16,19:19:04,14.49,Alistair's Apple Watch S10
2026-09-16,19:19:23,14.49,Alistair's Apple Watch S10
2026-09-16,19:19:43,14.59,Alistair's Apple Watch S10
2026-09-16,19:20:11,14.39,Alistair's Apple Watch S10
2026-09-16,19:20:28,14.49,Alistair's Apple Watch S10
2026-09-16,19:20:46,14.49,Alistair's Apple Watch S10
2026-09-16,19:21:01,14.49,Alistair's Apple Watch S10
2026-09-16,19:21:16,14.49,Alistair's Apple Watch S10
2026-09-16,19:21:31,14.49,Alistair's Apple Watch S10
2026-09-16,19:21:47,14.49,Alistair's Apple Watch S10
2026-09-16,19:22:03,14.59,Alistair's Apple Watch S10
2026-09-16,19:22:19,14.69,Alistair's Apple Watch S10
2026-09-16,19:22:37,14.69,Alistair's Apple Watch S10
2026-09-16,19:22:55,14.69,Alistair's Apple Watch S10
2026-09-16,19:23:12,14.69,Alistair's Apple Watch S10
2026-09-16,19:23:32,14.69,Alistair's Apple Watch S10
2026-09-16,19:23:52,14.69,Alistair's Apple Watch S10
2026-09-16,19:24:18,14.69,Alistair's Apple Watch S10
2026-09-18,09:21:17,24.29,Alistair's Apple Watch S10
2026-09-18,09:21:43,13.99,Alistair's Apple Watch S10
2026-09-18,09:22:02,13.79,Alistair's Apple Watch S10
2026-09-18,09:22:18,13.79,Alistair's Apple Watch S10
2026-09-18,09:22:33,13.79,Alistair's Apple Watch S10
2026-09-18,09:22:48,13.69,Alistair's Apple Watch S10
2026-09-18,09:23:04,13.69,Alistair's Apple Watch S10
2026-09-18,09:23:23,13.69,Alistair's Apple Watch S10
2026-09-18,09:23:40,13.59,Alistair's Apple Watch S10
2026-09-18,09:23:56,13.59,Alistair's Apple Watch S10
2026-09-18,09:24:12,13.59,Alistair's Apple Watch S10
2026-09-18,09:24:30,13.69,Alistair's Apple Watch S10
2026-09-18,09:24:45,13.59,Alistair's Apple Watch S10
2026-09-18,09:25:03,13.59,Alistair's Apple Watch S10
2026-09-18,09:25:23,13.59,Alistair's Apple Watch S10
2026-09-18,09:25:38,13.59,Alistair's Apple Watch S10
2026-09-18,09:25:54,13.59,Alistair's Apple Watch S10
2026-09-18,09:26:10,13.59,Alistair's Apple Watch S10
2026-09-18,09:26:41,13.49,Alistair's Apple Watch S10
2026-09-18,09:26:56,13.59,Alistair's Apple Watch S10
2026-09-18,09:27:14,13.59,Alistair's Apple Watch S10
2026-09-18,09:27:32,13.59,Alistair's Apple Watch S10
2026-09-18,09:27:50,13.59,Alistair's Apple Watch S10
2026-09-18,09:28:15,13.59,Alistair's Apple Watch S10
2026-09-18,09:28:31,13.59,Alistair's Apple Watch S10
2026-09-18,09:28:48,13.69,Alistair's Apple Watch S10
2026-09-18,09:29:04,13.59,Alistair's Apple Watch S10
2026-09-18,09:29:21,13.59,Alistair's Apple Watch S10
2026-09-18,09:29:36,13.59,Alistair's Apple Watch S10
2026-09-18,09:29:53,13.69,Alistair's Apple Watch S10
2026-09-18,09:30:19,13.59,Alistair's Apple Watch S10
2026-09-18,09:30:36,13.59,Alistair's Apple Watch S10
2026-09-18,09:30:55,13.59,Alistair's Apple Watch S10
2026-09-18,09:31:10,13.69,Alistair's Apple Watch S10
2026-09-18,09:31:29,13.59,Alistair's Apple Watch S10
2026-09-18,09:31:46,13.59,Alistair's Apple Watch S10
2026-09-18,09:32:11,13.59,Alistair's Apple Watch S10
2026-09-18,09:32:27,13.69,Alistair's Apple Watch S10
2026-09-18,09:32:43,13.69,Alistair's Apple Watch S10
2026-09-18,09:33:00,13.69,Alistair's Apple Watch S10
2026-09-18,09:33:17,13.69,Alistair's Apple Watch S10
2026-09-18,09:33:33,13.79,Alistair's Apple Watch S10
2026-09-18,09:33:50,13.69,Alistair's Apple Watch S10
2026-09-18,09:34:07,13.79,Alistair's Apple Watch S10
2026-09-18,09:34:23,13.79,Alistair's Apple Watch S10
2026-09-18,09:34:41,13.69,Alistair's Apple Watch S10
2026-09-18,09:35:01,13.69,Alistair's Apple Watch S10
2026-09-18,09:35:18,13.69,Alistair's Apple Watch S10
2026-09-18,09:35:34,13.69,Alistair's Apple Watch S10
2026-09-18,09:35:52,13.69,Alistair's Apple Watch S10
2026-09-18,09:36:07,13.69,Alistair's Apple Watch S10
2026-09-18,09:36:31,13.69,Alistair's Apple Watch S10
2026-09-18,09:36:46,13.69,Alistair's Apple Watch S10
2026-09-18,09:37:02,13.69,Alistair's Apple Watch S10
2026-09-18,09:37:18,13.69,Alistair's Apple Watch S10
2026-09-18,09:37:47,13.59,Alistair's Apple Watch S10
2026-09-18,09:38:03,13.59,Alistair's Apple Watch S10
2026-09-18,09:38:20,13.59,Alistair's Apple Watch S10
2026-09-18,09:38:37,13.59,Alistair's Apple Watch S10
2026-09-18,09:38:52,13.59,Alistair's Apple Watch S10
2026-09-18,09:39:07,13.59,Alistair's Apple Watch S10
2026-09-18,09:39:27,13.59,Alistair's Apple Watch S10
2026-09-18,09:40:01,13.59,Alistair's Apple Watch S10
2026-09-18,09:40:16,13.59,Alistair's Apple Watch S10
2026-09-18,09:40:34,13.59,Alistair's Apple Watch S10
2026-09-18,09:40:57,13.59,Alistair's Apple Watch S10
2026-09-18,09:41:20,13.59,Alistair's Apple Watch S10
2026-09-18,09:41:37,13.59,Alistair's Apple Watch S10
2026-09-18,09:41:55,13.59,Alistair's Apple Watch S10
2026-09-18,09:42:10,13.59,Alistair's Apple Watch S10
2026-09-18,09:42:36,13.69,Alistair's Apple Watch S10
2026-09-18,09:42:56,13.59,Alistair's Apple Watch S10
2026-09-18,09:43:14,13.59,Alistair's Apple Watch S10
2026-09-18,09:43:33,13.59,Alistair's Apple Watch S10
2026-09-18,09:43:50,13.59,Alistair's Apple Watch S10
2026-09-18,09:44:09,13.59,Alistair's Apple Watch S10
2026-09-18,09:44:31,13.59,Alistair's Apple Watch S10
2026-09-18,09:44:51,13.59,Alistair's Apple Watch S10
2026-09-18,09:45:11,13.59,Alistair's Apple Watch S10
2026-09-18,09:45:26,13.59,Alistair's Apple Watch S10
2026-09-18,09:45:44,13.69,Alistair's Apple Watch S10
2026-09-18,09:46:00,13.69,Alistair's Apple Watch S10
2026-09-18,09:46:15,13.69,Alistair's Apple Watch S10
2026-09-18,09:46:39,13.69,Alistair's Apple Watch S10
2026-09-18,09:46:57,13.69,Alistair's Apple Watch S10
2026-09-18,09:47:13,13.69,Alistair's Apple Watch S10
2026-09-18,09:47:31,13.69,Alistair's Apple Watch S10
2026-09-18,09:48:00,13.79,Alistair's Apple Watch S10
2026-09-18,09:48:18,13.79,Alistair's Apple Watch S10
2026-09-18,09:48:48,13.79,Alistair's Apple Watch S10
2026-09-18,09:49:09,13.79,Alistair's Apple Watch S10
2026-09-18,09:49:26,13.79,Alistair's Apple Watch S10
2026-09-18,09:49:49,13.69,Alistair's Apple Watch S10
2026-09-18,09:50:06,13.69,Alistair's Apple Watch S10
2026-09-18,09:50:22,13.69,Alistair's Apple Watch S10
2026-09-18,09:50:38,13.69,Alistair's Apple Watch S10
2026-09-18,09:50:57,13.69,Alistair's Apple Watch S10
2026-09-18,09:51:13,13.69,Alistair's Apple Watch S10
2026-09-18,09:51:30,13.59,Alistair's Apple Watch S10
2026-09-18,09:51:47,13.59,Alistair's Apple Watch S10
2026-09-19,13:44:34,24.48,Alistair's Apple Watch S10
2026-09-19,13:44:34,13.48,Alistair's Apple Watch S10
2026-09-19,13:44:40,14.51,Alistair's Apple Watch S10
2026-09-19,13:45:10,14.39,Alistair's Apple Watch S10
2026-09-19,13:45:25,14.49,Alistair's Apple Watch S10
2026-09-19,13:45:40,14.49,Alistair's Apple Watch S10
2026-09-19,13:45:58,14.49,Alistair's Apple Watch S10
2026-09-19,13:46:14,14.29,Alistair's Apple Watch S10
2026-09-19,13:46:30,14.29,Alistair's Apple Watch S10
2026-09-19,13:46:45,14.29,Alistair's Apple Watch S10
2026-09-19,13:47:00,14.29,Alistair's Apple Watch S10
2026-09-19,13:47:16,14.29,Alistair's Apple Watch S10
2026-09-19,13:47:32,14.29,Alistair's Apple Watch S10
2026-09-19,13:47:49,14.29,Alistair's Apple Watch S10
2026-09-19,13:48:05,14.29,Alistair's Apple Watch S10
2026-09-19,13:48:34,14.29,Alistair's Apple Watch S10
2026-09-19,13:48:50,14.19,Alistair's Apple Watch S10
2026-09-19,13:49:07,14.19,Alistair's Apple Watch S10
2026-09-19,13:49:22,14.19,Alistair's Apple Watch S10
2026-09-19,13:49:41,14.19,Alistair's Apple Watch S10
2026-09-19,13:49:58,14.19,Alistair's Apple Watch S10
2026-09-19,13:50:14,14.19,Alistair's Apple Watch S10
2026-09-19,13:50:32,14.19,Alistair's Apple Watch S10
2026-09-19,13:50:51,14.19,Alistair's Apple Watch S10
2026-09-19,13:51:13,14.29,Alistair's Apple Watch S10
2026-09-19,13:51:29,14.29,Alistair's Apple Watch S10
2026-09-19,13:51:44,14.19,Alistair's Apple Watch S10
2026-09-19,13:52:00,14.19,Alistair's Apple Watch S10
2026-09-19,13:53:00,14.61,Alistair's Apple Watch S10
2026-09-19,13:53:15,14.19,Alistair's Apple Watch S10
2026-09-19,13:53:30,14.19,Alistair's Apple Watch S10
2026-09-19,13:53:51,14.19,Alistair's Apple Watch S10
2026-09-19,13:54:06,14.19,Alistair's Apple Watch S10
2026-09-19,13:54:23,14.19,Alistair's Apple Watch S10
2026-09-19,13:54:43,14.19,Alistair's Apple Watch S10
2026-09-19,13:55:01,14.19,Alistair's Apple Watch S10
2026-09-19,13:55:22,14.19,Alistair's Apple Watch S10
2026-09-19,13:55:37,14.09,Alistair's Apple Watch S10
2026-09-19,13:55:52,14.09,Alistair's Apple Watch S10
2026-09-19,13:56:09,14.09,Alistair's Apple Watch S10
2026-09-19,13:56:36,14.09,Alistair's Apple Watch S10
2026-09-19,13:56:56,14.09,Alistair's Apple Watch S10
2026-09-19,13:57:14,14.19,Alistair's Apple Watch S10
2026-09-19,13:57:34,14.19,Alistair's Apple Watch S10
2026-09-19,13:57:51,14.19,Alistair's Apple Watch S10
2026-09-19,13:58:11,14.19,Alistair's Apple Watch S10
2026-09-19,13:58:26,14.19,Alistair's Apple Watch S10
2026-09-19,13:58:55,14.19,Alistair's Apple Watch S10
2026-09-19,13:59:17,14.09,Alistair's Apple Watch S10
2026-09-19,13:59:36,14.09,Alistair's Apple Watch S10
2026-09-19,13:59:53,14.09,Alistair's Apple Watch S10
2026-09-19,14:00:18,14.09,Alistair's Apple Watch S10
2026-09-19,14:00:35,14.19,Alistair's Apple Watch S10
2026-09-19,14:00:56,14.29,Alistair's Apple Watch S10
2026-09-19,14:01:37,14.49,Alistair's Apple Watch S10
2026-09-19,14:02:00,14.39,Alistair's Apple Watch S10
2026-09-19,14:02:17,14.19,Alistair's Apple Watch S10
2026-09-19,14:02:35,14.19,Alistair's Apple Watch S10
2026-09-19,14:02:54,14.19,Alistair's Apple Watch S10
2026-09-19,14:03:22,14.19,Alistair's Apple Watch S10
2026-09-19,14:03:49,14.19,Alistair's Apple Watch S10
2026-09-19,14:04:09,14.19,Alistair's Apple Watch S10
2026-09-19,14:04:25,14.19,Alistair's Apple Watch S10
2026-09-19,14:04:40,14.19,Alistair's Apple Watch S10
2026-09-19,14:04:59,14.19,Alistair's Apple Watch S10
2026-09-19,14:05:20,14.29,Alistair's Apple Watch S10
2026-09-19,14:05:48,14.39,Alistair's Apple Watch S10
2026-09-19,14:06:07,14.19,Alistair's Apple Watch S10
2026-09-19,14:06:23,14.19,Alistair's Apple Watch S10
2026-09-19,14:06:39,14.19,Alistair's Apple Watch S10
2026-09-19,14:06:54,14.19,Alistair's Apple Watch S10
2026-09-19,14:07:11,14.19,Alistair's Apple Watch S10
2026-09-19,14:07:28,14.19,Alistair's Apple Watch S10
2026-09-19,14:07:53,14.19,Alistair's Apple Watch S10
2026-09-19,14:08:08,14.19,Alistair's Apple Watch S10
2026-09-19,14:08:24,14.19,Alistair's Apple Watch S10
2026-09-19,14:08:45,14.29,Alistair's Apple Watch S10
2026-09-19,14:09:02,14.19,Alistair's Apple Watch S10
2026-09-19,14:09:17,14.19,Alistair's Apple Watch S10
2026-09-19,14:09:32,14.19,Alistair's Apple Watch S10
2026-09-19,14:09:48,14.19,Alistair's Apple Watch S10
2026-09-19,14:10:03,14.19,Alistair's Apple Watch S10
2026-09-19,14:10:19,14.09,Alistair's Apple Watch S10
2026-09-19,14:10:42,14.09,Alistair's Apple Watch S10
2026-09-19,14:11:00,14.09,Alistair's Apple Watch S10
2026-09-19,14:11:16,14.09,Alistair's Apple Watch S10
2026-09-19,14:11:33,14.09,Alistair's Apple Watch S10
2026-09-19,14:11:54,14.09,Alistair's Apple Watch S10
2026-09-19,14:12:11,14.09,Alistair's Apple Watch S10
2026-09-19,14:12:33,14.09,Alistair's Apple Watch S10
2026-09-19,14:12:53,14.09,Alistair's Apple Watch S10
2026-09-19,14:13:11,14.09,Alistair's Apple Watch S10
2026-09-19,14:13:35,14.09,Alistair's Apple Watch S10
2026-09-19,14:13:55,14.09,Alistair's Apple Watch S10
2026-09-19,14:14:15,14.09,Alistair's Apple Watch S10
2026-09-19,14:14:31,14.09,Alistair's Apple Watch S10
2026-09-19,14:14:51,14.09,Alistair's Apple Watch S10
2026-09-19,14:15:09,14.09,Alistair's Apple Watch S10
2026-09-19,14:15:26,14.09,Alistair's Apple Watch S10
2026-09-19,14:15:51,14.09,Alistair's Apple Watch S10
2026-09-19,14:16:09,14.09,Alistair's Apple Watch S10
2026-09-19,14:16:37,14.09,Alistair's Apple Watch S10
2026-09-19,14:16:53,14.19,Alistair's Apple Watch S10
2026-09-19,14:17:09,14.19,Alistair's Apple Watch S10
2026-09-19,14:17:26,14.19,Alistair's Apple Watch S10
2026-09-19,14:17:47,14.19,Alistair's Apple Watch S10
2026-09-19,14:18:03,14.19,Alistair's Apple Watch S10
2026-09-19,14:18:20,14.19,Alistair's Apple Watch S10
2026-09-19,14:18:41,14.19,Alistair's Apple Watch S10
2026-09-19,14:19:05,14.19,Alistair's Apple Watch S10
2026-09-19,14:19:28,14.19,Alistair's Apple Watch S10
2026-09-19,14:19:43,14.19,Alistair's Apple Watch S10
2026-09-19,14:20:00,14.19,Alistair's Apple Watch S10
2026-09-19,14:20:17,14.19,Alistair's Apple Watch S10
2026-09-19,14:20:33,14.19,Alistair's Apple Watch S10
2026-09-19,14:20:50,14.19,Alistair's Apple Watch S10
2026-09-19,14:21:07,14.19,Alistair's Apple Watch S10
2026-09-19,14:21:30,14.19,Alistair's Apple Watch S10
2026-09-19,14:21:46,14.19,Alistair's Apple Watch S10
2026-09-19,14:22:02,14.19,Alistair's Apple Watch S10
2026-09-19,14:22:21,14.19,Alistair's Apple Watch S10
2026-09-19,14:22:43,14.19,Alistair's Apple Watch S10
2026-09-19,14:22:59,14.19,Alistair's Apple Watch S10
2026-09-19,14:23:16,14.19,Alistair's Apple Watch S10
2026-09-19,14:23:32,14.19,Alistair's Apple Watch S10
2026-09-19,14:23:53,14.19,Alistair's Apple Watch S10
2026-09-19,14:24:09,14.19,Alistair's Apple Watch S10
2026-09-19,14:24:27,14.19,Alistair's Apple Watch S10
2026-09-19,14:24:58,14.19,Alistair's Apple Watch S10
2026-09-19,14:25:14,14.29,Alistair's Apple Watch S10
2026-09-19,14:25:34,14.29,Alistair's Apple Watch S10
2026-09-19,14:25:49,14.19,Alistair's Apple Watch S10
2026-09-19,14:26:07,14.19,Alistair's Apple Watch S10
2026-09-19,14:26:24,14.19,Alistair's Apple Watch S10
2026-09-19,14:26:39,14.19,Alistair's Apple Watch S10
2026-09-19,14:27:04,14.19,Alistair's Apple Watch S10
2026-09-19,14:27:43,14.19,Alistair's Apple Watch S10
2026-09-19,14:28:00,14.29,Alistair's Apple Watch S10
2026-09-19,14:28:16,14.29,Alistair's Apple Watch S10
2026-09-19,14:28:36,14.19,Alistair's Apple Watch S10
2026-09-19,14:28:55,14.29,Alistair's Apple Watch S10
2026-09-19,14:29:12,14.19,Alistair's Apple Watch S10
2026-09-19,14:29:27,14.29,Alistair's Apple Watch S10
2026-09-19,14:29:43,14.29,Alistair's Apple Watch S10
2026-09-19,14:30:01,14.29,Alistair's Apple Watch S10
2026-09-19,14:30:18,14.29,Alistair's Apple Watch S10
2026-09-19,14:30:35,14.39,Alistair's Apple Watch S10
2026-09-19,14:30:52,14.39,Alistair's Apple Watch S10
2026-09-19,14:31:11,14.39,Alistair's Apple Watch S10
2026-09-19,14:31:27,14.39,Alistair's Apple Watch S10
2026-09-21,13:27:28,20.78,Alistair's Apple Watch S10
2026-09-21,13:27:28,25.68,Alistair's Apple Watch S10
2026-09-21,13:28:02,15.71,Alistair's Apple Watch S10
2026-09-21,13:28:12,15.19,Alistair's Apple Watch S10
2026-09-21,13:28:40,15.11,Alistair's Apple Watch S10
2026-09-21,13:29:10,14.99,Alistair's Apple Watch S10
2026-09-21,13:29:36,14.99,Alistair's Apple Watch S10
2026-09-21,13:29:52,14.79,Alistair's Apple Watch S10
2026-09-21,13:30:15,14.49,Alistair's Apple Watch S10
2026-09-21,13:30:33,14.59,Alistair's Apple Watch S10
2026-09-21,13:31:03,14.99,Alistair's Apple Watch S10
2026-09-21,13:31:18,14.79,Alistair's Apple Watch S10
2026-09-21,13:31:51,14.69,Alistair's Apple Watch S10
2026-09-21,13:33:21,14.49,Alistair's Apple Watch S10
2026-09-21,13:34:05,14.29,Alistair's Apple Watch S10
2026-09-21,13:36:07,14.29,Alistair's Apple Watch S10
2026-09-21,13:36:43,14.19,Alistair's Apple Watch S10
2026-09-21,13:37:06,13.99,Alistair's Apple Watch S10
2026-09-21,13:37:26,14.09,Alistair's Apple Watch S10
2026-09-21,13:38:03,13.99,Alistair's Apple Watch S10
2026-09-21,13:38:23,13.99,Alistair's Apple Watch S10
2026-09-21,13:38:41,14.09,Alistair's Apple Watch S10
2026-09-21,13:38:56,13.99,Alistair's Apple Watch S10
2026-09-21,13:39:30,14.19,Alistair's Apple Watch S10
2026-09-21,13:40:04,14.59,Alistair's Apple Watch S10
2026-09-21,13:41:22,14.19,Alistair's Apple Watch S10
2026-09-21,13:43:09,14.29,Alistair's Apple Watch S10
2026-09-21,13:44:32,14.09,Alistair's Apple Watch S10
2026-09-21,13:45:04,13.99,Alistair's Apple Watch S10
2026-09-21,13:45:38,14.09,Alistair's Apple Watch S10
2026-09-21,13:46:04,14.19,Alistair's Apple Watch S10
2026-09-21,13:47:49,13.89,Alistair's Apple Watch S10
2026-09-21,13:48:18,14.09,Alistair's Apple Watch S10
2026-09-21,13:48:37,14.19,Alistair's Apple Watch S10
2026-09-21,13:49:10,13.99,Alistair's Apple Watch S10
2026-09-21,13:49:29,13.99,Alistair's Apple Watch S10
2026-09-21,13:49:51,13.99,Alistair's Apple Watch S10
2026-09-21,13:50:23,14.69,Alistair's Apple Watch S10
2026-09-21,13:50:38,14.39,Alistair's Apple Watch S10
2026-09-21,13:50:56,14.39,Alistair's Apple Watch S10
2026-09-21,13:51:11,14.19,Alistair's Apple Watch S10
2026-09-21,13:52:54,14.29,Alistair's Apple Watch S10
2026-09-21,13:53:11,14.09,Alistair's Apple Watch S10
2026-09-21,13:53:27,13.99,Alistair's Apple Watch S10
2026-09-21,13:53:44,13.99,Alistair's Apple Watch S10
2026-09-21,13:54:17,13.99,Alistair's Apple Watch S10
2026-09-21,13:54:33,13.99,Alistair's Apple Watch S10
2026-09-21,13:54:48,13.99,Alistair's Apple Watch S10
2026-09-21,13:55:03,13.99,Alistair's Apple Watch S10
2026-09-21,13:55:19,13.99,Alistair's Apple Watch S10
2026-09-21,13:55:34,13.89,Alistair's Apple Watch S10
2026-09-21,13:55:49,13.99,Alistair's Apple Watch S10
2026-09-21,13:56:08,13.89,Alistair's Apple Watch S10
2026-09-21,13:56:24,13.89,Alistair's Apple Watch S10
2026-09-21,13:56:39,13.99,Alistair's Apple Watch S10
2026-09-21,13:56:54,14.09,Alistair's Apple Watch S10
2026-09-21,13:57:09,13.99,Alistair's Apple Watch S10
2026-09-21,13:57:26,13.99,Alistair's Apple Watch S10
2026-09-21,13:57:44,14.09,Alistair's Apple Watch S10
2026-09-21,13:58:00,14.09,Alistair's Apple Watch S10
2026-09-21,13:58:22,14.09,Alistair's Apple Watch S10
2026-09-21,13:58:42,13.99,Alistair's Apple Watch S10
2026-09-21,13:58:58,13.89,Alistair's Apple Watch S10
2026-09-21,13:59:18,13.89,Alistair's Apple Watch S10
2026-09-21,13:59:33,13.99,Alistair's Apple Watch S10
2026-09-21,13:59:48,14.09,Alistair's Apple Watch S10
2026-09-21,14:00:03,14.09,Alistair's Apple Watch S10
2026-09-21,14:00:22,14.19,Alistair's Apple Watch S10
2026-09-21,14:00:37,14.09,Alistair's Apple Watch S10
2026-09-21,14:01:02,14.09,Alistair's Apple Watch S10
2026-09-21,14:01:37,13.99,Alistair's Apple Watch S10
2026-09-21,14:03:13,14.09,Alistair's Apple Watch S10
2026-09-21,14:03:35,14.09,Alistair's Apple Watch S10
2026-09-21,14:03:52,14.19,Alistair's Apple Watch S10
2026-09-21,14:04:11,14.29,Alistair's Apple Watch S10
2026-09-21,14:05:45,14.19,Alistair's Apple Watch S10
2026-09-21,14:06:52,14.09,Alistair's Apple Watch S10
2026-09-21,14:07:45,14.09,Alistair's Apple Watch S10
2026-09-21,14:08:30,13.99,Alistair's Apple Watch S10
2026-09-21,14:08:53,13.99,Alistair's Apple Watch S10
2026-09-21,14:09:45,14.19,Alistair's Apple Watch S10
2026-09-21,14:10:02,14.09,Alistair's Apple Watch S10
2026-09-21,14:10:41,14.09,Alistair's Apple Watch S10
2026-09-21,14:11:12,14.19,Alistair's Apple Watch S10
2026-09-21,14:11:30,14.09,Alistair's Apple Watch S10
2026-09-21,14:12:02,14.49,Alistair's Apple Watch S10
2026-09-21,14:12:19,14.69,Alistair's Apple Watch S10
2026-09-21,14:12:48,14.09,Alistair's Apple Watch S10
2026-09-21,14:13:03,14.09,Alistair's Apple Watch S10
2026-09-21,14:13:19,14.09,Alistair's Apple Watch S10
2026-09-21,14:13:40,13.99,Alistair's Apple Watch S10
2026-09-21,14:13:56,13.99,Alistair's Apple Watch S10
2026-09-21,14:14:11,14.19,Alistair's Apple Watch S10
2026-09-21,14:14:39,13.99,Alistair's Apple Watch S10
2026-09-21,14:15:08,14.19,Alistair's Apple Watch S10
2026-09-21,14:15:24,14.29,Alistair's Apple Watch S10
2026-09-21,14:15:52,14.89,Alistair's Apple Watch S10
2026-09-21,14:16:07,14.59,Alistair's Apple Watch S10
2026-09-21,14:16:29,14.29,Alistair's Apple Watch S10
